England/PHEC-204B3/2020	2020-02-03
England/09c/2020	2020-02-09
England/20078003804/2020	2020-02-13
England/20092020404/2020	2020-02-24
England/200940527/2020	2020-02-25
England/20102087902/2020	2020-02-25
England/20102088002/2020	2020-02-25
England/20098007304/2020	2020-02-26
England/200990006/2020	2020-02-26
England/20098017504/2020	2020-02-27
England/20099000504/2020	2020-02-27
England/200990660/2020	2020-02-27
England/20099066104/2020	2020-02-27
England/20099066204/2020	2020-02-27
England/20099072904/2020	2020-02-27
England/20102000106/2020	2020-02-27
England/CAMB-8475A/2020	2020-02-27
England/20099048404/2020	2020-02-28
England/20099048504/2020	2020-02-28
England/200990724/2020	2020-02-28
England/200990725/2020	2020-02-28
England/20099072604/2020	2020-02-28
England/20100001304/2020	2020-02-28
England/20100001406/2020	2020-02-28
England/20100005406/2020	2020-02-28
England/20100005504/2020	2020-02-28
England/20100005604/2020	2020-02-28
England/20104013504/2020	2020-02-28
England/CAMB-84769/2020	2020-02-28
England/CAMB-84778/2020	2020-02-28
England/20099069504/2020	2020-02-29
England/20099069904/2020	2020-02-29
England/20099070104/2020	2020-02-29
England/20100004706/2020	2020-02-29
England/20100004806/2020	2020-02-29
England/20100120904/2020	2020-02-29
England/20100121006/2020	2020-02-29
England/20100121007/2020	2020-02-29
England/20099079106/2020	2020-03-01
England/20100000204/2020	2020-03-01
England/20100000404/2020	2020-03-01
England/20100000604/2020	2020-03-01
England/20100000704/2020	2020-03-01
England/20100000804/2020	2020-03-01
England/20100001004/2020	2020-03-01
England/20100001104/2020	2020-03-01
England/20100010404/2020	2020-03-01
England/20100077906/2020	2020-03-01
England/20100078004/2020	2020-03-01
England/20102000306/2020	2020-03-01
England/20102003604/2020	2020-03-01
England/20102003704/2020	2020-03-01
England/20102068502/2020	2020-03-01
England/20102068506/2020	2020-03-01
England/20102098802/2020	2020-03-01
England/20102115303/2020	2020-03-01
England/20104004502/2020	2020-03-01
England/201061458/2020	2020-03-01
England/H201020064/2020	2020-03-01
England/PHEC-1F1CF/2020	2020-03-01
England/20100122106/2020	2020-03-02
England/20100122107/2020	2020-03-02
England/20102000704/2020	2020-03-02
England/20102001304/2020	2020-03-02
England/20102001504/2020	2020-03-02
England/20102001604/2020	2020-03-02
England/20102001704/2020	2020-03-02
England/20102003804/2020	2020-03-02
England/20102003904/2020	2020-03-02
England/20102004004/2020	2020-03-02
England/20102004104/2020	2020-03-02
England/20102004204/2020	2020-03-02
England/20102004304/2020	2020-03-02
England/20102005304/2020	2020-03-02
England/20104004204/2020	2020-03-02
England/20104004902/2020	2020-03-02
England/20104005204/2020	2020-03-02
England/20108003202/2020	2020-03-02
England/201141524/2020	2020-03-02
England/BRIS-12175E/2020	2020-03-02
England/BRIS-12176D/2020	2020-03-02
England/CAMB-847B4/2020	2020-03-02
England/NORT-281014/2020	2020-03-02
England/NORT-281041/2020	2020-03-02
England/NORT-281050/2020	2020-03-02
England/NOTT-10DF8D/2020	2020-03-02
England/PHEC-201BC/2020	2020-03-02
England/PHEC-202C8/2020	2020-03-02
England/20102073404/2020	2020-03-03
England/20104003504/2020	2020-03-03
England/20104008402/2020	2020-03-03
England/20104008802/2020	2020-03-03
England/201040141/2020	2020-03-03
England/20104014404/2020	2020-03-03
England/20106003303/2020	2020-03-03
England/20106004803/2020	2020-03-03
England/20106005403/2020	2020-03-03
England/201060202/2020	2020-03-03
England/201061047/2020	2020-03-03
England/20106145903/2020	2020-03-03
England/20108007402/2020	2020-03-03
England/201080079/2020	2020-03-03
England/20108101004/2020	2020-03-03
England/201090013/2020	2020-03-03
England/20109002504/2020	2020-03-03
England/20109002704/2020	2020-03-03
England/CAMB-8480C/2020	2020-03-03
England/PHEC-1F208/2020	2020-03-03
England/PHEC-1F217/2020	2020-03-03
England/PHEC-200CE/2020	2020-03-03
England/PHEC-200DD/2020	2020-03-03
England/PHEC-200EC/2020	2020-03-03
England/PHEC-200FB/2020	2020-03-03
England/PHEC-20107/2020	2020-03-03
England/PHEC-201AD/2020	2020-03-03
England/PHEC-20231/2020	2020-03-03
England/PHEC-2026E/2020	2020-03-03
England/PHEC-2027D/2020	2020-03-03
England/PHEC-202B9/2020	2020-03-03
England/PHEC-203E3/2020	2020-03-03
England/PHEC-203F2/2020	2020-03-03
England/PHEC-20538/2020	2020-03-03
England/PHEC-20547/2020	2020-03-03
England/SHEF-BFCC0/2020	2020-03-03
Scotland/CVR77/2020	2020-03-03
England/20104003304/2020	2020-03-04
England/201060047/2020	2020-03-04
England/201060050/2020	2020-03-04
England/201060142/2020	2020-03-04
England/201060143/2020	2020-03-04
England/201060323/2020	2020-03-04
England/201061034/2020	2020-03-04
England/20106116603/2020	2020-03-04
England/201061439/2020	2020-03-04
England/201080031/2020	2020-03-04
England/20108006802/2020	2020-03-04
England/20108007002/2020	2020-03-04
England/201080071/2020	2020-03-04
England/201080077/2020	2020-03-04
England/20108118204/2020	2020-03-04
England/20108134404/2020	2020-03-04
England/20109001704/2020	2020-03-04
England/20109001804/2020	2020-03-04
England/20109001904/2020	2020-03-04
England/201090020/2020	2020-03-04
England/20109002104/2020	2020-03-04
England/20109005904/2020	2020-03-04
England/20109009804/2020	2020-03-04
England/201090235/2020	2020-03-04
England/20109035304/2020	2020-03-04
England/BRIS-1217D6/2020	2020-03-04
England/CAMB-84848/2020	2020-03-04
England/CAMB-84857/2020	2020-03-04
England/NORT-2810E7/2020	2020-03-04
England/NOTT-1112D8/2020	2020-03-04
England/PHEC-1F1FC/2020	2020-03-04
England/PHEC-1F226/2020	2020-03-04
England/PHEC-1F235/2020	2020-03-04
England/PHEC-1F244/2020	2020-03-04
England/PHEC-20161/2020	2020-03-04
England/PHEC-2018F/2020	2020-03-04
England/PHEC-2034D/2020	2020-03-04
England/PHEC-2042C/2020	2020-03-04
England/PHEC-2043B/2020	2020-03-04
England/PHEC-20459/2020	2020-03-04
England/PHEC-205A1/2020	2020-03-04
England/PHEC-205B0/2020	2020-03-04
England/PHEC-205CF/2020	2020-03-04
England/PHEC-205DE/2020	2020-03-04
England/PHEC-205FC/2020	2020-03-04
England/PHEC-20608/2020	2020-03-04
England/PHEC-20617/2020	2020-03-04
England/PHEC-20635/2020	2020-03-04
Scotland/CVR72/2020	2020-03-04
Scotland/EDB011/2020	2020-03-04
Wales/PHWC-238A5/2020	2020-03-04
England/201060028/2020	2020-03-05
England/201080001/2020	2020-03-05
England/201080003/2020	2020-03-05
England/201080004/2020	2020-03-05
England/201080005/2020	2020-03-05
England/201080010/2020	2020-03-05
England/201080017/2020	2020-03-05
England/201080022/2020	2020-03-05
England/201080027/2020	2020-03-05
England/201080028/2020	2020-03-05
England/201080029/2020	2020-03-05
England/20108126004/2020	2020-03-05
England/20109001104/2020	2020-03-05
England/20109001204/2020	2020-03-05
England/20109003605/2020	2020-03-05
England/20109004404/2020	2020-03-05
England/20109008804/2020	2020-03-05
England/20109009704/2020	2020-03-05
England/20109019704/2020	2020-03-05
England/20109023604/2020	2020-03-05
England/20109029704/2020	2020-03-05
England/20109045504/2020	2020-03-05
England/20109050606/2020	2020-03-05
England/20109050806/2020	2020-03-05
England/20109056906/2020	2020-03-05
England/201090682/2020	2020-03-05
England/20109093706/2020	2020-03-05
England/20109093906/2020	2020-03-05
England/20110000106/2020	2020-03-05
England/20110000806/2020	2020-03-05
England/PHEC-20529/2020	2020-03-05
England/SHEF-BFE60/2020	2020-03-05
England/201080026/2020	2020-03-06
England/201080034/2020	2020-03-06
England/201080038/2020	2020-03-06
England/201080039/2020	2020-03-06
England/201080061/2020	2020-03-06
England/20108034006/2020	2020-03-06
England/20109001604/2020	2020-03-06
England/20109007104/2020	2020-03-06
England/20109009104/2020	2020-03-06
England/20109010304/2020	2020-03-06
England/20109028804/2020	2020-03-06
England/20109039306/2020	2020-03-06
England/20109045404/2020	2020-03-06
England/20109045604/2020	2020-03-06
England/201090510/2020	2020-03-06
England/201090512/2020	2020-03-06
England/20109051806/2020	2020-03-06
England/20109052106/2020	2020-03-06
England/20109052306/2020	2020-03-06
England/20109056406/2020	2020-03-06
England/201090677/2020	2020-03-06
England/201090706/2020	2020-03-06
England/201090761/2020	2020-03-06
England/201090928/2020	2020-03-06
England/20109094006/2020	2020-03-06
England/20109094106/2020	2020-03-06
England/20109099006/2020	2020-03-06
England/201100063/2020	2020-03-06
England/201100064/2020	2020-03-06
England/201100066/2020	2020-03-06
England/NORT-2811C6/2020	2020-03-06
England/SHEF-BFCEE/2020	2020-03-06
England/20109045804/2020	2020-03-07
England/20109047304/2020	2020-03-07
England/20109048204/2020	2020-03-07
England/20109048304/2020	2020-03-07
England/201090491/2020	2020-03-07
England/20109054806/2020	2020-03-07
England/201090583/2020	2020-03-07
England/20109060106/2020	2020-03-07
England/201090602/2020	2020-03-07
England/201090732/2020	2020-03-07
England/201090779/2020	2020-03-07
England/201100059/2020	2020-03-07
England/201100184/2020	2020-03-07
England/20110043706/2020	2020-03-07
England/201120178/2020	2020-03-07
England/201140053/2020	2020-03-07
England/20129063504/2020	2020-03-07
England/CAMB-84945/2020	2020-03-07
England/CAMB-84954/2020	2020-03-07
England/CAMB-84963/2020	2020-03-07
England/NOTT-10DEAE/2020	2020-03-07
England/PHEC-1F262/2020	2020-03-07
England/SHEF-BFD36/2020	2020-03-07
Scotland/CVR67/2020	2020-03-07
Wales/PHWC-238D2/2020	2020-03-07
England/201090490/2020	2020-03-08
England/20109050406/2020	2020-03-08
England/201090621/2020	2020-03-08
England/20109094206/2020	2020-03-08
England/20109094506/2020	2020-03-08
England/201090974/2020	2020-03-08
England/201090976/2020	2020-03-08
England/201100013/2020	2020-03-08
England/20110001507/2020	2020-03-08
England/201100016/2020	2020-03-08
England/20110005006/2020	2020-03-08
England/20110005407/2020	2020-03-08
England/201100055/2020	2020-03-08
England/201100141/2020	2020-03-08
England/20110023706/2020	2020-03-08
England/201120295/2020	2020-03-08
England/201120899/2020	2020-03-08
England/201121155/2020	2020-03-08
England/201121198/2020	2020-03-08
England/201121229/2020	2020-03-08
England/BRIS-12182E/2020	2020-03-08
England/CAMB-84972/2020	2020-03-08
England/CAMB-84981/2020	2020-03-08
England/NORT-28120F/2020	2020-03-08
England/SHEF-BFD45/2020	2020-03-08
Wales/PHWC-2C8E8/2020	2020-03-08
England/20110058706/2020	2020-03-09
England/201101359/2020	2020-03-09
England/20110136302/2020	2020-03-09
England/201101364/2020	2020-03-09
England/201120015/2020	2020-03-09
England/201120197/2020	2020-03-09
England/201120239/2020	2020-03-09
England/201120240/2020	2020-03-09
England/201120265/2020	2020-03-09
England/201120454/2020	2020-03-09
England/201120477/2020	2020-03-09
England/201121108/2020	2020-03-09
England/201121113/2020	2020-03-09
England/201121125/2020	2020-03-09
England/201140079/2020	2020-03-09
England/20114054003/2020	2020-03-09
England/201140778/2020	2020-03-09
England/201141362/2020	2020-03-09
England/201141519/2020	2020-03-09
England/201141523/2020	2020-03-09
England/201141549/2020	2020-03-09
England/201141550/2020	2020-03-09
England/201141581/2020	2020-03-09
England/201141660/2020	2020-03-09
England/201160912/2020	2020-03-09
England/201161174/2020	2020-03-09
England/20129059204/2020	2020-03-09
England/20129059304/2020	2020-03-09
England/BRIS-12185B/2020	2020-03-09
England/CAMB-846C6/2020	2020-03-09
England/CAMB-84ACA/2020	2020-03-09
England/NORT-2812A5/2020	2020-03-09
England/SHEF-BFD18/2020	2020-03-09
Scotland/CVR07/2020	2020-03-09
Wales/PHWC-23957/2020	2020-03-09
England/20112112106/2020	2020-03-10
England/201121123/2020	2020-03-10
England/201121154/2020	2020-03-10
England/201121365/2020	2020-03-10
England/201140055/2020	2020-03-10
England/201140350/2020	2020-03-10
England/201140386/2020	2020-03-10
England/201140405/2020	2020-03-10
England/201140411/2020	2020-03-10
England/201140442/2020	2020-03-10
England/201140585/2020	2020-03-10
England/20114099003/2020	2020-03-10
England/201141063/2020	2020-03-10
England/201141189/2020	2020-03-10
England/201141300/2020	2020-03-10
England/201141520/2020	2020-03-10
England/201141521/2020	2020-03-10
England/201141522/2020	2020-03-10
England/201141548/2020	2020-03-10
England/201160064/2020	2020-03-10
England/201160065/2020	2020-03-10
England/201160093/2020	2020-03-10
England/201160628/2020	2020-03-10
England/201160629/2020	2020-03-10
England/201160760/2020	2020-03-10
England/20116078703/2020	2020-03-10
England/201160961/2020	2020-03-10
England/201161229/2020	2020-03-10
England/201161230/2020	2020-03-10
England/201161290/2020	2020-03-10
England/201161300/2020	2020-03-10
England/201161311/2020	2020-03-10
England/20118016104/2020	2020-03-10
England/201180175/2020	2020-03-10
England/201180317/2020	2020-03-10
England/201180321/2020	2020-03-10
England/201180469/2020	2020-03-10
England/201180478/2020	2020-03-10
England/20118084404/2020	2020-03-10
England/20118102304/2020	2020-03-10
England/20118111904/2020	2020-03-10
England/20122074602/2020	2020-03-10
England/20129064904/2020	2020-03-10
England/CAMB-846F3/2020	2020-03-10
England/CAMB-849EB/2020	2020-03-10
England/CAMB-84A06/2020	2020-03-10
England/CAMB-84A60/2020	2020-03-10
England/CAMB-84B6D/2020	2020-03-10
England/NORT-28122D/2020	2020-03-10
England/NORT-28123C/2020	2020-03-10
Scotland/CVR10/2020	2020-03-10
Wales/PHWC-2391B/2020	2020-03-10
Wales/PHWC-23939/2020	2020-03-10
Wales/PHWC-23966/2020	2020-03-10
Wales/PHWC-23A72/2020	2020-03-10
England/201140051/2020	2020-03-11
England/201140059/2020	2020-03-11
England/201140309/2020	2020-03-11
England/201140359/2020	2020-03-11
England/201140508/2020	2020-03-11
England/20114052703/2020	2020-03-11
England/201140762/2020	2020-03-11
England/201141357/2020	2020-03-11
England/201160048/2020	2020-03-11
England/201160049/2020	2020-03-11
England/201160243/2020	2020-03-11
England/201160258/2020	2020-03-11
England/201160261/2020	2020-03-11
England/201160623/2020	2020-03-11
England/201160658/2020	2020-03-11
England/201161176/2020	2020-03-11
England/201161185/2020	2020-03-11
England/201161201/2020	2020-03-11
England/201161204/2020	2020-03-11
England/201161219/2020	2020-03-11
England/201161425/2020	2020-03-11
England/201161458/2020	2020-03-11
England/201161468/2020	2020-03-11
England/201161475/2020	2020-03-11
England/201161484/2020	2020-03-11
England/201161494/2020	2020-03-11
England/201161543/2020	2020-03-11
England/201161548/2020	2020-03-11
England/201161549/2020	2020-03-11
England/201161554/2020	2020-03-11
England/20116159902/2020	2020-03-11
England/201161610/2020	2020-03-11
England/201161611/2020	2020-03-11
England/201161648/2020	2020-03-11
England/20116165804/2020	2020-03-11
England/201161700/2020	2020-03-11
England/20118000304/2020	2020-03-11
England/201180095/2020	2020-03-11
England/20118016306/2020	2020-03-11
England/20118016704/2020	2020-03-11
England/201180326/2020	2020-03-11
England/201180330/2020	2020-03-11
England/201180387/2020	2020-03-11
England/20118050304/2020	2020-03-11
England/20118062704/2020	2020-03-11
England/20119002404/2020	2020-03-11
England/20119002504/2020	2020-03-11
England/20119007704/2020	2020-03-11
England/20119018404/2020	2020-03-11
England/20119032004/2020	2020-03-11
England/20119057904/2020	2020-03-11
England/20119090704/2020	2020-03-11
England/20119092004/2020	2020-03-11
England/20129044404/2020	2020-03-11
England/20129044506/2020	2020-03-11
England/20129063604/2020	2020-03-11
England/20129063804/2020	2020-03-11
England/20129066504/2020	2020-03-11
England/20129163304/2020	2020-03-11
England/CAMB-84B12/2020	2020-03-11
England/CAMB-84BA9/2020	2020-03-11
England/CAMB-84BB8/2020	2020-03-11
England/CAMB-84BD6/2020	2020-03-11
England/CAMB-84C5B/2020	2020-03-11
England/CAMB-84F70/2020	2020-03-11
England/NOTT-10DEEA/2020	2020-03-11
England/NOTT-10DEF9/2020	2020-03-11
England/PHEC-1F2AE/2020	2020-03-11
England/PHEC-1F3F6/2020	2020-03-11
England/PHEC-1F48A/2020	2020-03-11
England/PHEC-1F499/2020	2020-03-11
Northern_Ireland/NIRE-1023F5/2020	2020-03-11
Northern_Ireland/NIRE-102401/2020	2020-03-11
Scotland/EDB038/2020	2020-03-11
Wales/PHWC-239A2/2020	2020-03-11
Wales/PHWC-239B1/2020	2020-03-11
Wales/PHWC-239FD/2020	2020-03-11
Wales/PHWC-23A09/2020	2020-03-11
Wales/PHWC-23A36/2020	2020-03-11
Wales/PHWC-23A45/2020	2020-03-11
England/201160037/2020	2020-03-12
England/201160271/2020	2020-03-12
England/201161134/2020	2020-03-12
England/201161142/2020	2020-03-12
England/201161210/2020	2020-03-12
England/201161375/2020	2020-03-12
England/201161424/2020	2020-03-12
England/201161477/2020	2020-03-12
England/201161535/2020	2020-03-12
England/201161632/2020	2020-03-12
England/201161633/2020	2020-03-12
England/201161656/2020	2020-03-12
England/201161657/2020	2020-03-12
England/201161690/2020	2020-03-12
England/201180055/2020	2020-03-12
England/201180067/2020	2020-03-12
England/20118006904/2020	2020-03-12
England/201180365/2020	2020-03-12
England/201180391/2020	2020-03-12
England/20118040004/2020	2020-03-12
England/20118041904/2020	2020-03-12
England/20118042004/2020	2020-03-12
England/20118042504/2020	2020-03-12
England/20118054004/2020	2020-03-12
England/20118054104/2020	2020-03-12
England/20118057804/2020	2020-03-12
England/20118057904/2020	2020-03-12
England/20118058004/2020	2020-03-12
England/20118066603/2020	2020-03-12
England/20118070504/2020	2020-03-12
England/20118070604/2020	2020-03-12
England/20118070704/2020	2020-03-12
England/20118070804/2020	2020-03-12
England/20118085604/2020	2020-03-12
England/20118087504/2020	2020-03-12
England/20118109104/2020	2020-03-12
England/20118109204/2020	2020-03-12
England/20118111104/2020	2020-03-12
England/20118111804/2020	2020-03-12
England/20118123004/2020	2020-03-12
England/20118124504/2020	2020-03-12
England/20118130804/2020	2020-03-12
England/20118131904/2020	2020-03-12
England/20118132204/2020	2020-03-12
England/20118132604/2020	2020-03-12
England/20118132704/2020	2020-03-12
England/20118133504/2020	2020-03-12
England/20118143704/2020	2020-03-12
England/20118146504/2020	2020-03-12
England/20118151104/2020	2020-03-12
England/20118151404/2020	2020-03-12
England/20118152504/2020	2020-03-12
England/20118158504/2020	2020-03-12
England/20118159104/2020	2020-03-12
England/20118179304/2020	2020-03-12
England/20119000404/2020	2020-03-12
England/20119004204/2020	2020-03-12
England/20119004304/2020	2020-03-12
England/20119005804/2020	2020-03-12
England/20119011604/2020	2020-03-12
England/20119011704/2020	2020-03-12
England/20119029504/2020	2020-03-12
England/20119032104/2020	2020-03-12
England/20119039404/2020	2020-03-12
England/20119040106/2020	2020-03-12
England/20119042004/2020	2020-03-12
England/20119044404/2020	2020-03-12
England/20119056704/2020	2020-03-12
England/20119059204/2020	2020-03-12
England/20120005904/2020	2020-03-12
England/20129099704/2020	2020-03-12
England/20129109104/2020	2020-03-12
England/20129109504/2020	2020-03-12
England/20129133904/2020	2020-03-12
England/20129148904/2020	2020-03-12
England/20132066404/2020	2020-03-12
England/CAMB-7526A/2020	2020-03-12
England/CAMB-75473/2020	2020-03-12
England/CAMB-8474B/2020	2020-03-12
England/CAMB-84AE8/2020	2020-03-12
England/CAMB-84B03/2020	2020-03-12
England/CAMB-84B21/2020	2020-03-12
England/CAMB-84B8B/2020	2020-03-12
England/CAMB-84C00/2020	2020-03-12
England/CAMB-84C2E/2020	2020-03-12
England/CAMB-84C4C/2020	2020-03-12
England/CAMB-84D76/2020	2020-03-12
England/CAMB-84F16/2020	2020-03-12
England/NORT-281357/2020	2020-03-12
England/NORT-2813A2/2020	2020-03-12
England/NORT-28414B/2020	2020-03-12
England/NORT-284178/2020	2020-03-12
England/NOTT-10DF05/2020	2020-03-12
England/NOTT-10DF23/2020	2020-03-12
England/NOTT-10E48D/2020	2020-03-12
England/OXON-AD6D6/2020	2020-03-12
England/PHEC-1F2DB/2020	2020-03-12
England/PHEC-1F2F9/2020	2020-03-12
England/PHEC-1F38D/2020	2020-03-12
England/PHEC-1F402/2020	2020-03-12
England/SHEF-BFE7F/2020	2020-03-12
England/SHEF-C0655/2020	2020-03-12
Scotland/CVR24/2020	2020-03-12
Scotland/CVR89/2020	2020-03-12
Scotland/CVR91/2020	2020-03-12
Scotland/EDB037/2020	2020-03-12
Wales/PHWC-23A90/2020	2020-03-12
Wales/PHWC-23ACD/2020	2020-03-12
Wales/PHWC-23AEB/2020	2020-03-12
Wales/PHWC-23B06/2020	2020-03-12
Wales/PHWC-23B60/2020	2020-03-12
Wales/PHWC-23BAC/2020	2020-03-12
England/201180362/2020	2020-03-13
England/20118044507/2020	2020-03-13
England/20118044606/2020	2020-03-13
England/20118050904/2020	2020-03-13
England/20118060904/2020	2020-03-13
England/20118133304/2020	2020-03-13
England/20118160304/2020	2020-03-13
England/20118166904/2020	2020-03-13
England/20118176104/2020	2020-03-13
England/20118178504/2020	2020-03-13
England/20119006604/2020	2020-03-13
England/20119007204/2020	2020-03-13
England/20119009404/2020	2020-03-13
England/20119025604/2020	2020-03-13
England/20119026204/2020	2020-03-13
England/20119040406/2020	2020-03-13
England/20119041204/2020	2020-03-13
England/20119041304/2020	2020-03-13
England/20119042704/2020	2020-03-13
England/20119043104/2020	2020-03-13
England/20119057204/2020	2020-03-13
England/20119073604/2020	2020-03-13
England/20119075304/2020	2020-03-13
England/20119075504/2020	2020-03-13
England/20119080704/2020	2020-03-13
England/20124094902/2020	2020-03-13
England/20124095002/2020	2020-03-13
England/20124095802/2020	2020-03-13
England/20124095904/2020	2020-03-13
England/20124096402/2020	2020-03-13
England/20124097004/2020	2020-03-13
England/20124097102/2020	2020-03-13
England/20129105304/2020	2020-03-13
England/20129127704/2020	2020-03-13
England/BRIS-121967/2020	2020-03-13
England/BRIS-121A46/2020	2020-03-13
England/BRIS-121A64/2020	2020-03-13
England/BRIS-121AEC/2020	2020-03-13
England/CAMB-74F73/2020	2020-03-13
England/CAMB-750E8/2020	2020-03-13
England/CAMB-7519A/2020	2020-03-13
England/CAMB-75288/2020	2020-03-13
England/CAMB-7531C/2020	2020-03-13
England/CAMB-75482/2020	2020-03-13
England/CAMB-754FB/2020	2020-03-13
England/CAMB-75525/2020	2020-03-13
England/CAMB-7558F/2020	2020-03-13
England/CAMB-84B9A/2020	2020-03-13
England/CAMB-84D58/2020	2020-03-13
England/CAMB-84E37/2020	2020-03-13
England/CAMB-84F9E/2020	2020-03-13
England/CAMB-84FBC/2020	2020-03-13
England/EXET-1373CA/2020	2020-03-13
England/NORT-281384/2020	2020-03-13
England/NORT-2841A5/2020	2020-03-13
England/NORT-2841D2/2020	2020-03-13
England/NOTT-10DF32/2020	2020-03-13
England/SHEF-C6F36/2020	2020-03-13
Northern_Ireland/NIRE-1021FB/2020	2020-03-13
Scotland/CVR114/2020	2020-03-13
Scotland/CVR123/2020	2020-03-13
Scotland/CVR32/2020	2020-03-13
Scotland/CVR33/2020	2020-03-13
Scotland/CVR35/2020	2020-03-13
Scotland/CVR37/2020	2020-03-13
Scotland/CVR40/2020	2020-03-13
Scotland/CVR42/2020	2020-03-13
Scotland/CVR43/2020	2020-03-13
Scotland/CVR44/2020	2020-03-13
Scotland/CVR45/2020	2020-03-13
Scotland/CVR46/2020	2020-03-13
Scotland/CVR47/2020	2020-03-13
Wales/PHWC-23DE2/2020	2020-03-13
Wales/PHWC-23DF1/2020	2020-03-13
Wales/PHWC-23E1C/2020	2020-03-13
Wales/PHWC-23E67/2020	2020-03-13
Wales/PHWC-23E76/2020	2020-03-13
Wales/PHWC-23E85/2020	2020-03-13
Wales/PHWC-240BB/2020	2020-03-13
England/20119002204/2020	2020-03-14
England/20119009904/2020	2020-03-14
England/20119015604/2020	2020-03-14
England/20119027904/2020	2020-03-14
England/20119031604/2020	2020-03-14
England/20119034404/2020	2020-03-14
England/20119037604/2020	2020-03-14
England/20119047904/2020	2020-03-14
England/20119048004/2020	2020-03-14
England/20119056604/2020	2020-03-14
England/20119071804/2020	2020-03-14
England/20119077204/2020	2020-03-14
England/20119077504/2020	2020-03-14
England/20119078604/2020	2020-03-14
England/20119079904/2020	2020-03-14
England/20119088904/2020	2020-03-14
England/20119089004/2020	2020-03-14
England/20119089104/2020	2020-03-14
England/20119090504/2020	2020-03-14
England/20119090804/2020	2020-03-14
England/20119093504/2020	2020-03-14
England/20119094104/2020	2020-03-14
England/20120002304/2020	2020-03-14
England/20120002404/2020	2020-03-14
England/20120004504/2020	2020-03-14
England/20120007904/2020	2020-03-14
England/20120008004/2020	2020-03-14
England/20120009504/2020	2020-03-14
England/20120012004/2020	2020-03-14
England/20120012104/2020	2020-03-14
England/20120037806/2020	2020-03-14
England/20120038004/2020	2020-03-14
England/20120038204/2020	2020-03-14
England/20124000504/2020	2020-03-14
England/BRIS-1218B5/2020	2020-03-14
England/BRIS-12192B/2020	2020-03-14
England/BRIS-121A28/2020	2020-03-14
England/CAMB-751E5/2020	2020-03-14
England/CAMB-75376/2020	2020-03-14
England/CAMB-75394/2020	2020-03-14
England/CAMB-753D0/2020	2020-03-14
England/CAMB-75437/2020	2020-03-14
England/CAMB-75464/2020	2020-03-14
England/CAMB-754EC/2020	2020-03-14
England/CAMB-7569B/2020	2020-03-14
England/CAMB-84E91/2020	2020-03-14
England/NORT-281418/2020	2020-03-14
England/NORT-284196/2020	2020-03-14
England/NOTT-10DF50/2020	2020-03-14
England/NOTT-10DF7E/2020	2020-03-14
England/NOTT-10E10E/2020	2020-03-14
England/NOTT-10E11D/2020	2020-03-14
England/NOTT-10E317/2020	2020-03-14
England/PHEC-1F350/2020	2020-03-14
England/PHEC-1F3BA/2020	2020-03-14
Northern_Ireland/NIRE-102191/2020	2020-03-14
Northern_Ireland/NIRE-1021EC/2020	2020-03-14
Scotland/CVR100/2020	2020-03-14
Scotland/CVR101/2020	2020-03-14
Scotland/CVR120/2020	2020-03-14
Scotland/CVR125/2020	2020-03-14
Scotland/CVR93/2020	2020-03-14
Scotland/CVR96/2020	2020-03-14
Wales/PHWC-23E94/2020	2020-03-14
Wales/PHWC-23EA3/2020	2020-03-14
Wales/PHWC-23EC1/2020	2020-03-14
Wales/PHWC-240CA/2020	2020-03-14
Wales/PHWC-240D9/2020	2020-03-14
Wales/PHWC-240E8/2020	2020-03-14
Wales/PHWC-240F7/2020	2020-03-14
Wales/PHWC-24121/2020	2020-03-14
England/20119070004/2020	2020-03-15
England/20119072704/2020	2020-03-15
England/20119083904/2020	2020-03-15
England/20119085604/2020	2020-03-15
England/20119094404/2020	2020-03-15
England/20120002102/2020	2020-03-15
England/20120003004/2020	2020-03-15
England/20120007504/2020	2020-03-15
England/20120007604/2020	2020-03-15
England/20120013404/2020	2020-03-15
England/20120013604/2020	2020-03-15
England/20120019204/2020	2020-03-15
England/20120036104/2020	2020-03-15
England/20120037404/2020	2020-03-15
England/20120053304/2020	2020-03-15
England/20120053704/2020	2020-03-15
England/20120054704/2020	2020-03-15
England/20120106604/2020	2020-03-15
England/20120106904/2020	2020-03-15
England/20122006104/2020	2020-03-15
England/20122017204/2020	2020-03-15
England/20122017304/2020	2020-03-15
England/20122030404/2020	2020-03-15
England/20122032304/2020	2020-03-15
England/20122034904/2020	2020-03-15
England/20122054604/2020	2020-03-15
England/20122069804/2020	2020-03-15
England/20122070302/2020	2020-03-15
England/20122071004/2020	2020-03-15
England/20122072004/2020	2020-03-15
England/20122087702/2020	2020-03-15
England/BRIS-121994/2020	2020-03-15
England/BRIS-1219A3/2020	2020-03-15
England/BRIS-121A55/2020	2020-03-15
England/CAMB-750CA/2020	2020-03-15
England/CAMB-750D9/2020	2020-03-15
England/CAMB-751F4/2020	2020-03-15
England/CAMB-752C4/2020	2020-03-15
England/CAMB-7532B/2020	2020-03-15
England/CAMB-7537E/2020	2020-03-15
England/CAMB-75491/2020	2020-03-15
England/CAMB-75534/2020	2020-03-15
England/CAMB-75631/2020	2020-03-15
England/NORT-281427/2020	2020-03-15
England/NORT-281454/2020	2020-03-15
England/NORT-281463/2020	2020-03-15
England/NORT-281506/2020	2020-03-15
England/NORT-281524/2020	2020-03-15
England/NORT-28422A/2020	2020-03-15
England/NOTT-10DFBA/2020	2020-03-15
England/NOTT-10E12C/2020	2020-03-15
England/SHEF-BFE51/2020	2020-03-15
England/SHEF-C00C0/2020	2020-03-15
England/SHEF-C0840/2020	2020-03-15
Scotland/CVR126/2020	2020-03-15
Scotland/CVR130/2020	2020-03-15
Scotland/CVR149/2020	2020-03-15
Wales/PHWC-23EFE/2020	2020-03-15
Wales/PHWC-23F19/2020	2020-03-15
Wales/PHWC-23F46/2020	2020-03-15
Wales/PHWC-23F55/2020	2020-03-15
Wales/PHWC-23F64/2020	2020-03-15
Wales/PHWC-23F73/2020	2020-03-15
Wales/PHWC-23FA0/2020	2020-03-15
Wales/PHWC-23FDD/2020	2020-03-15
Wales/PHWC-23FEC/2020	2020-03-15
Wales/PHWC-23FFB/2020	2020-03-15
Wales/PHWC-24015/2020	2020-03-15
England/20120001304/2020	2020-03-16
England/20120001404/2020	2020-03-16
England/20120039604/2020	2020-03-16
England/20120053804/2020	2020-03-16
England/20120054804/2020	2020-03-16
England/20122005804/2020	2020-03-16
England/20122017704/2020	2020-03-16
England/20122017804/2020	2020-03-16
England/20122017904/2020	2020-03-16
England/20122018002/2020	2020-03-16
England/20122018304/2020	2020-03-16
England/20122031804/2020	2020-03-16
England/20122031904/2020	2020-03-16
England/20122052604/2020	2020-03-16
England/20122069402/2020	2020-03-16
England/20122069904/2020	2020-03-16
England/20122071604/2020	2020-03-16
England/20122072904/2020	2020-03-16
England/20122088102/2020	2020-03-16
England/20124004402/2020	2020-03-16
England/20124011302/2020	2020-03-16
England/20124012404/2020	2020-03-16
England/20124020802/2020	2020-03-16
England/20124034002/2020	2020-03-16
England/20124034102/2020	2020-03-16
England/20124034702/2020	2020-03-16
England/20124034902/2020	2020-03-16
England/20124036902/2020	2020-03-16
England/20124049402/2020	2020-03-16
England/20126007202/2020	2020-03-16
England/BRIS-121949/2020	2020-03-16
England/CAMB-74C03/2020	2020-03-16
England/CAMB-74C21/2020	2020-03-16
England/CAMB-74CA9/2020	2020-03-16
England/CAMB-75033/2020	2020-03-16
England/CAMB-750F7/2020	2020-03-16
England/CAMB-752A6/2020	2020-03-16
England/CAMB-75455/2020	2020-03-16
England/CAMB-754B7/2020	2020-03-16
England/CAMB-75640/2020	2020-03-16
England/CAMB-7565F/2020	2020-03-16
England/NORT-281445/2020	2020-03-16
England/NORT-2814AF/2020	2020-03-16
England/NORT-2814DC/2020	2020-03-16
England/NORT-2814FA/2020	2020-03-16
England/NORT-284248/2020	2020-03-16
England/NORT-284275/2020	2020-03-16
England/NOTT-10E001/2020	2020-03-16
England/SHEF-BFD72/2020	2020-03-16
England/SHEF-BFDCD/2020	2020-03-16
England/SHEF-BFDEB/2020	2020-03-16
England/SHEF-BFE33/2020	2020-03-16
Northern_Ireland/NIRE-FB3F0/2020	2020-03-16
Northern_Ireland/NIRE-FB41B/2020	2020-03-16
Northern_Ireland/NIRE-FB457/2020	2020-03-16
Northern_Ireland/NIRE-FB493/2020	2020-03-16
Northern_Ireland/NIRE-FB4EE/2020	2020-03-16
Scotland/CVR132/2020	2020-03-16
Scotland/CVR133/2020	2020-03-16
Scotland/CVR134/2020	2020-03-16
Scotland/CVR136/2020	2020-03-16
Scotland/CVR138/2020	2020-03-16
Scotland/CVR139/2020	2020-03-16
Scotland/CVR140/2020	2020-03-16
Scotland/CVR152/2020	2020-03-16
Scotland/CVR206/2020	2020-03-16
Wales/PHWC-24024/2020	2020-03-16
Wales/PHWC-2415E/2020	2020-03-16
Wales/PHWC-2416D/2020	2020-03-16
Wales/PHWC-2419A/2020	2020-03-16
Wales/PHWC-241E5/2020	2020-03-16
Wales/PHWC-241F4/2020	2020-03-16
Wales/PHWC-2422E/2020	2020-03-16
Wales/PHWC-2423D/2020	2020-03-16
Wales/PHWC-2426A/2020	2020-03-16
Wales/PHWC-24279/2020	2020-03-16
Wales/PHWC-24288/2020	2020-03-16
Wales/PHWC-24297/2020	2020-03-16
Wales/PHWC-242A6/2020	2020-03-16
Wales/PHWC-242B5/2020	2020-03-16
Wales/PHWC-242C4/2020	2020-03-16
Wales/PHWC-242E2/2020	2020-03-16
Wales/PHWC-24385/2020	2020-03-16
Wales/PHWC-24394/2020	2020-03-16
Wales/PHWC-243A3/2020	2020-03-16
Wales/PHWC-243C1/2020	2020-03-16
Wales/PHWC-243EF/2020	2020-03-16
England/201180048/2020	2020-03-17
England/20122007806/2020	2020-03-17
England/20122025904/2020	2020-03-17
England/20122028104/2020	2020-03-17
England/20122029504/2020	2020-03-17
England/20122103304/2020	2020-03-17
England/20122119302/2020	2020-03-17
England/20122120604/2020	2020-03-17
England/20122121504/2020	2020-03-17
England/20124001302/2020	2020-03-17
England/20124001902/2020	2020-03-17
England/20124002002/2020	2020-03-17
England/20124002102/2020	2020-03-17
England/20124003702/2020	2020-03-17
England/20124004302/2020	2020-03-17
England/20124008604/2020	2020-03-17
England/20124010904/2020	2020-03-17
England/20124012702/2020	2020-03-17
England/20124012804/2020	2020-03-17
England/20124013202/2020	2020-03-17
England/20124020402/2020	2020-03-17
England/20124021402/2020	2020-03-17
England/20124022802/2020	2020-03-17
England/20124028706/2020	2020-03-17
England/20124029204/2020	2020-03-17
England/20124029802/2020	2020-03-17
England/20124030003/2020	2020-03-17
England/20124035502/2020	2020-03-17
England/20124035702/2020	2020-03-17
England/20124035802/2020	2020-03-17
England/20124036002/2020	2020-03-17
England/20124036202/2020	2020-03-17
England/20124036306/2020	2020-03-17
England/20124036404/2020	2020-03-17
England/20124037302/2020	2020-03-17
England/20124048202/2020	2020-03-17
England/20124100002/2020	2020-03-17
England/20126003406/2020	2020-03-17
England/20126003802/2020	2020-03-17
England/20126009804/2020	2020-03-17
England/20126011202/2020	2020-03-17
England/20126012604/2020	2020-03-17
England/20126012702/2020	2020-03-17
England/20126034602/2020	2020-03-17
England/BRIS-121ABF/2020	2020-03-17
England/BRIS-121B8F/2020	2020-03-17
England/BRIS-121BAD/2020	2020-03-17
England/BRIS-121BBC/2020	2020-03-17
England/BRIS-121BDA/2020	2020-03-17
England/BRIS-121BF8/2020	2020-03-17
England/BRIS-121C5F/2020	2020-03-17
England/BRIS-121DB6/2020	2020-03-17
England/BRIS-121E1D/2020	2020-03-17
England/CAMB-74070/2020	2020-03-17
England/CAMB-740DA/2020	2020-03-17
England/CAMB-742A7/2020	2020-03-17
England/CAMB-74ABE/2020	2020-03-17
England/CAMB-74B9D/2020	2020-03-17
England/CAMB-74BAC/2020	2020-03-17
England/CAMB-74C12/2020	2020-03-17
England/CAMB-74C30/2020	2020-03-17
England/CAMB-74C8B/2020	2020-03-17
England/CAMB-74CD6/2020	2020-03-17
England/CAMB-74E49/2020	2020-03-17
England/CAMB-74EA3/2020	2020-03-17
England/CAMB-74F64/2020	2020-03-17
England/CAMB-74F82/2020	2020-03-17
England/CAMB-74F91/2020	2020-03-17
England/CAMB-75006/2020	2020-03-17
England/CAMB-75024/2020	2020-03-17
England/CAMB-7509D/2020	2020-03-17
England/CAMB-755F8/2020	2020-03-17
England/CAMB-7568C/2020	2020-03-17
England/EXET-135B97/2020	2020-03-17
England/NORT-281603/2020	2020-03-17
England/NORT-281612/2020	2020-03-17
England/NORT-281621/2020	2020-03-17
England/NORT-2842B1/2020	2020-03-17
England/NORT-2842FD/2020	2020-03-17
England/NOTT-10E03E/2020	2020-03-17
England/NOTT-10E14A/2020	2020-03-17
England/NOTT-10E159/2020	2020-03-17
England/OXON-AF15B/2020	2020-03-17
England/OXON-AF179/2020	2020-03-17
England/OXON-AF197/2020	2020-03-17
England/SHEF-BFE06/2020	2020-03-17
England/SHEF-BFE24/2020	2020-03-17
England/SHEF-C0619/2020	2020-03-17
Northern_Ireland/NIRE-FB40C/2020	2020-03-17
Northern_Ireland/NIRE-FB439/2020	2020-03-17
Northern_Ireland/NIRE-FB466/2020	2020-03-17
Northern_Ireland/NIRE-FB4C0/2020	2020-03-17
Northern_Ireland/NIRE-FB4FD/2020	2020-03-17
Northern_Ireland/NIRE-FB509/2020	2020-03-17
Scotland/CVR143/2020	2020-03-17
Scotland/CVR153/2020	2020-03-17
Scotland/CVR155/2020	2020-03-17
Scotland/CVR161/2020	2020-03-17
Scotland/CVR163/2020	2020-03-17
Scotland/CVR168/2020	2020-03-17
Scotland/CVR169/2020	2020-03-17
Scotland/CVR171/2020	2020-03-17
Scotland/CVR173/2020	2020-03-17
Scotland/CVR200/2020	2020-03-17
Scotland/EDB047/2020	2020-03-17
Scotland/EDB048/2020	2020-03-17
Scotland/EDB051/2020	2020-03-17
Scotland/EDB053/2020	2020-03-17
Scotland/GCVR-16F9E5/2020	2020-03-17
Wales/PHWC-24042/2020	2020-03-17
Wales/PHWC-24051/2020	2020-03-17
Wales/PHWC-2418B/2020	2020-03-17
Wales/PHWC-242D3/2020	2020-03-17
Wales/PHWC-243D0/2020	2020-03-17
Wales/PHWC-24419/2020	2020-03-17
Wales/PHWC-24446/2020	2020-03-17
Wales/PHWC-24455/2020	2020-03-17
Wales/PHWC-24464/2020	2020-03-17
Wales/PHWC-24473/2020	2020-03-17
Wales/PHWC-2458F/2020	2020-03-17
Wales/PHWC-245BC/2020	2020-03-17
Wales/PHWC-2467D/2020	2020-03-17
Wales/PHWC-246AA/2020	2020-03-17
Wales/PHWC-246B9/2020	2020-03-17
Wales/PHWC-248B3/2020	2020-03-17
Wales/PHWC-2491A/2020	2020-03-17
Wales/PHWC-24938/2020	2020-03-17
Wales/PHWC-24965/2020	2020-03-17
Wales/PHWC-249CF/2020	2020-03-17
Wales/PHWC-249ED/2020	2020-03-17
Wales/PHWC-24A08/2020	2020-03-17
Wales/PHWC-24A71/2020	2020-03-17
Wales/PHWC-24AAE/2020	2020-03-17
Wales/PHWC-24ACC/2020	2020-03-17
England/20124009602/2020	2020-03-18
England/20124011204/2020	2020-03-18
England/20124012902/2020	2020-03-18
England/20124013004/2020	2020-03-18
England/20124021106/2020	2020-03-18
England/20124037102/2020	2020-03-18
England/20124037902/2020	2020-03-18
England/20124086804/2020	2020-03-18
England/20124086902/2020	2020-03-18
England/20124094702/2020	2020-03-18
England/20124095702/2020	2020-03-18
England/20124096802/2020	2020-03-18
England/20124098502/2020	2020-03-18
England/20124101102/2020	2020-03-18
England/20124101202/2020	2020-03-18
England/20126001404/2020	2020-03-18
England/20126001904/2020	2020-03-18
England/20126002004/2020	2020-03-18
England/20126002104/2020	2020-03-18
England/20126002304/2020	2020-03-18
England/20126002404/2020	2020-03-18
England/20126002504/2020	2020-03-18
England/20126003706/2020	2020-03-18
England/20126005604/2020	2020-03-18
England/20126006402/2020	2020-03-18
England/20126006802/2020	2020-03-18
England/20126007002/2020	2020-03-18
England/20126007102/2020	2020-03-18
England/20126008506/2020	2020-03-18
England/20126010004/2020	2020-03-18
England/20126025202/2020	2020-03-18
England/20126025304/2020	2020-03-18
England/20126025902/2020	2020-03-18
England/20126026202/2020	2020-03-18
England/20126035502/2020	2020-03-18
England/20126035604/2020	2020-03-18
England/20126035904/2020	2020-03-18
England/20126036002/2020	2020-03-18
England/20126036102/2020	2020-03-18
England/20126036204/2020	2020-03-18
England/20126046602/2020	2020-03-18
England/20126063104/2020	2020-03-18
England/20126095704/2020	2020-03-18
England/20126096602/2020	2020-03-18
England/20126100404/2020	2020-03-18
England/20126103404/2020	2020-03-18
England/20126103604/2020	2020-03-18
England/20126104304/2020	2020-03-18
England/20126104404/2020	2020-03-18
England/20126104604/2020	2020-03-18
England/20128000204/2020	2020-03-18
England/20128003004/2020	2020-03-18
England/20128003104/2020	2020-03-18
England/20128003506/2020	2020-03-18
England/20128003904/2020	2020-03-18
England/20128012704/2020	2020-03-18
England/20128013406/2020	2020-03-18
England/20128014806/2020	2020-03-18
England/20128015004/2020	2020-03-18
England/20128031902/2020	2020-03-18
England/20128033202/2020	2020-03-18
England/20128035202/2020	2020-03-18
England/20128036304/2020	2020-03-18
England/20128037306/2020	2020-03-18
England/20128085102/2020	2020-03-18
England/20128085204/2020	2020-03-18
England/20128090902/2020	2020-03-18
England/20129008002/2020	2020-03-18
England/BRIS-121B25/2020	2020-03-18
England/BRIS-121C13/2020	2020-03-18
England/BRIS-121C31/2020	2020-03-18
England/BRIS-121C6E/2020	2020-03-18
England/BRIS-121C8C/2020	2020-03-18
England/BRIS-121CAA/2020	2020-03-18
England/BRIS-121E2C/2020	2020-03-18
England/BRIS-121E68/2020	2020-03-18
England/BRIS-121F65/2020	2020-03-18
England/CAMB-73E1D/2020	2020-03-18
England/CAMB-73F83/2020	2020-03-18
England/CAMB-74007/2020	2020-03-18
England/CAMB-74016/2020	2020-03-18
England/CAMB-74043/2020	2020-03-18
England/CAMB-7408F/2020	2020-03-18
England/CAMB-74395/2020	2020-03-18
England/CAMB-74A09/2020	2020-03-18
England/CAMB-74B33/2020	2020-03-18
England/CAMB-74E58/2020	2020-03-18
England/CAMB-74E85/2020	2020-03-18
England/CAMB-74EB2/2020	2020-03-18
England/CAMB-7517C/2020	2020-03-18
England/CAMB-752B5/2020	2020-03-18
England/CAMB-75385/2020	2020-03-18
England/CAMB-754CE/2020	2020-03-18
England/CAMB-7566E/2020	2020-03-18
England/CAMB-75895/2020	2020-03-18
England/CAMB-758D1/2020	2020-03-18
England/NORT-28164F/2020	2020-03-18
England/NORT-28166D/2020	2020-03-18
England/NORT-28168B/2020	2020-03-18
England/NORT-2816C7/2020	2020-03-18
England/NORT-28172E/2020	2020-03-18
England/NORT-281797/2020	2020-03-18
England/NORT-284327/2020	2020-03-18
England/NOTT-10E05C/2020	2020-03-18
England/NOTT-10E06B/2020	2020-03-18
England/NOTT-10E098/2020	2020-03-18
England/NOTT-10E0B6/2020	2020-03-18
England/NOTT-10E0C5/2020	2020-03-18
England/NOTT-10E186/2020	2020-03-18
England/SHEF-BFD63/2020	2020-03-18
England/SHEF-BFD81/2020	2020-03-18
England/SHEF-BFD90/2020	2020-03-18
England/SHEF-BFDAF/2020	2020-03-18
England/SHEF-BFDBE/2020	2020-03-18
England/SHEF-BFDDC/2020	2020-03-18
England/SHEF-BFDFA/2020	2020-03-18
England/SHEF-BFE15/2020	2020-03-18
England/SHEF-BFE42/2020	2020-03-18
England/SHEF-C00FD/2020	2020-03-18
England/SHEF-C5D3D/2020	2020-03-18
England/SHEF-D1CD7/2020	2020-03-18
Northern_Ireland/NIRE-1023C8/2020	2020-03-18
Northern_Ireland/NIRE-FB42A/2020	2020-03-18
Northern_Ireland/NIRE-FB484/2020	2020-03-18
Northern_Ireland/NIRE-FB4A2/2020	2020-03-18
Scotland/CVR174/2020	2020-03-18
Scotland/CVR178/2020	2020-03-18
Scotland/CVR195/2020	2020-03-18
Scotland/CVR201/2020	2020-03-18
Scotland/CVR203/2020	2020-03-18
Scotland/CVR207/2020	2020-03-18
Scotland/CVR215/2020	2020-03-18
Scotland/EDB056/2020	2020-03-18
Scotland/GCVR-16FA2E/2020	2020-03-18
Wales/PHWC-244BF/2020	2020-03-18
Wales/PHWC-244CE/2020	2020-03-18
Wales/PHWC-244EC/2020	2020-03-18
Wales/PHWC-24507/2020	2020-03-18
Wales/PHWC-24525/2020	2020-03-18
Wales/PHWC-24534/2020	2020-03-18
Wales/PHWC-24543/2020	2020-03-18
Wales/PHWC-248C2/2020	2020-03-18
Wales/PHWC-248FF/2020	2020-03-18
Wales/PHWC-24947/2020	2020-03-18
Wales/PHWC-24956/2020	2020-03-18
Wales/PHWC-249A1/2020	2020-03-18
Wales/PHWC-249B0/2020	2020-03-18
Wales/PHWC-24A17/2020	2020-03-18
Wales/PHWC-24A35/2020	2020-03-18
Wales/PHWC-24A44/2020	2020-03-18
Wales/PHWC-24A9F/2020	2020-03-18
Wales/PHWC-24ADB/2020	2020-03-18
England/20126001604/2020	2020-03-19
England/20126004604/2020	2020-03-19
England/20126006006/2020	2020-03-19
England/20126006502/2020	2020-03-19
England/20126008004/2020	2020-03-19
England/20126008606/2020	2020-03-19
England/20126008702/2020	2020-03-19
England/20126011506/2020	2020-03-19
England/20126032802/2020	2020-03-19
England/20126097804/2020	2020-03-19
England/20126102404/2020	2020-03-19
England/20128001604/2020	2020-03-19
England/20128001806/2020	2020-03-19
England/20128002204/2020	2020-03-19
England/20128009404/2020	2020-03-19
England/20128010104/2020	2020-03-19
England/20128011006/2020	2020-03-19
England/20128011204/2020	2020-03-19
England/20128012404/2020	2020-03-19
England/20128014204/2020	2020-03-19
England/20128014404/2020	2020-03-19
England/20128014506/2020	2020-03-19
England/20128015104/2020	2020-03-19
England/20128015906/2020	2020-03-19
England/20128031604/2020	2020-03-19
England/20128036004/2020	2020-03-19
England/20128037504/2020	2020-03-19
England/20128041504/2020	2020-03-19
England/20128046202/2020	2020-03-19
England/20128046302/2020	2020-03-19
England/20129006802/2020	2020-03-19
England/20129013302/2020	2020-03-19
England/20129014104/2020	2020-03-19
England/20129015102/2020	2020-03-19
England/20129016104/2020	2020-03-19
England/20129023104/2020	2020-03-19
England/20129023904/2020	2020-03-19
England/20129034504/2020	2020-03-19
England/20130028203/2020	2020-03-19
England/20130054802/2020	2020-03-19
England/20132000904/2020	2020-03-19
England/20134001304/2020	2020-03-19
England/20134001504/2020	2020-03-19
England/20134001904/2020	2020-03-19
England/BRIS-121B16/2020	2020-03-19
England/BRIS-121D01/2020	2020-03-19
England/BRIS-121D10/2020	2020-03-19
England/BRIS-121D2F/2020	2020-03-19
England/BRIS-121E4A/2020	2020-03-19
England/BRIS-121E59/2020	2020-03-19
England/BRIS-121EA4/2020	2020-03-19
England/BRIS-121EB3/2020	2020-03-19
England/BRIS-121EC2/2020	2020-03-19
England/BRIS-121F1A/2020	2020-03-19
England/BRIS-121F38/2020	2020-03-19
England/BRIS-121FCF/2020	2020-03-19
England/CAMB-73E3B/2020	2020-03-19
England/CAMB-73E77/2020	2020-03-19
England/CAMB-73E86/2020	2020-03-19
England/CAMB-73EB3/2020	2020-03-19
England/CAMB-73F47/2020	2020-03-19
England/CAMB-73FB0/2020	2020-03-19
England/CAMB-73FFC/2020	2020-03-19
England/CAMB-74034/2020	2020-03-19
England/CAMB-740CB/2020	2020-03-19
England/CAMB-740E9/2020	2020-03-19
England/CAMB-740F8/2020	2020-03-19
England/CAMB-7418C/2020	2020-03-19
England/CAMB-7422F/2020	2020-03-19
England/CAMB-7425C/2020	2020-03-19
England/CAMB-7426B/2020	2020-03-19
England/CAMB-74474/2020	2020-03-19
England/CAMB-74492/2020	2020-03-19
England/CAMB-74D2E/2020	2020-03-19
England/CAMB-755DA/2020	2020-03-19
England/CAMB-75859/2020	2020-03-19
England/CAMB-758B3/2020	2020-03-19
England/CAMB-758C2/2020	2020-03-19
England/CAMB-758E0/2020	2020-03-19
England/NORT-2817C4/2020	2020-03-19
England/NORT-2817D3/2020	2020-03-19
England/NORT-284345/2020	2020-03-19
England/NORT-284354/2020	2020-03-19
England/NORT-284372/2020	2020-03-19
England/NORT-284381/2020	2020-03-19
England/NORT-284390/2020	2020-03-19
England/NORT-2843BE/2020	2020-03-19
England/NORT-2843EB/2020	2020-03-19
England/NOTT-10E0D4/2020	2020-03-19
England/NOTT-10E0E3/2020	2020-03-19
England/NOTT-10E1A4/2020	2020-03-19
England/NOTT-10E1D1/2020	2020-03-19
England/NOTT-10E1E0/2020	2020-03-19
England/OXON-AE17A/2020	2020-03-19
England/PORT-2D1060/2020	2020-03-19
England/PORT-2D10AC/2020	2020-03-19
England/PORT-2D10CA/2020	2020-03-19
England/PORT-2D10D9/2020	2020-03-19
England/SHEF-C1CE9/2020	2020-03-19
England/SHEF-C774C/2020	2020-03-19
England/SHEF-CB353/2020	2020-03-19
Northern_Ireland/NIRE-FB396/2020	2020-03-19
Scotland/CVR196/2020	2020-03-19
Scotland/CVR208/2020	2020-03-19
Scotland/CVR209/2020	2020-03-19
Scotland/CVR213/2020	2020-03-19
Scotland/CVR216/2020	2020-03-19
Scotland/CVR218/2020	2020-03-19
Scotland/CVR222/2020	2020-03-19
Scotland/CVR238/2020	2020-03-19
Scotland/CVR245/2020	2020-03-19
Scotland/CVR249/2020	2020-03-19
Scotland/CVR251/2020	2020-03-19
Scotland/CVR252/2020	2020-03-19
Scotland/CVR268/2020	2020-03-19
Scotland/GCVR-16F930/2020	2020-03-19
Scotland/GCVR-16F97C/2020	2020-03-19
Scotland/GCVR-16FB76/2020	2020-03-19
Wales/PHWC-24929/2020	2020-03-19
Wales/PHWC-24A26/2020	2020-03-19
Wales/PHWC-24A62/2020	2020-03-19
Wales/PHWC-24A80/2020	2020-03-19
Wales/PHWC-24ABD/2020	2020-03-19
Wales/PHWC-24AF9/2020	2020-03-19
Wales/PHWC-24B05/2020	2020-03-19
Wales/PHWC-24B14/2020	2020-03-19
Wales/PHWC-24B32/2020	2020-03-19
Wales/PHWC-24B41/2020	2020-03-19
Wales/PHWC-24B50/2020	2020-03-19
Wales/PHWC-24B6F/2020	2020-03-19
Wales/PHWC-24B7E/2020	2020-03-19
Wales/PHWC-24B8D/2020	2020-03-19
Wales/PHWC-24B9C/2020	2020-03-19
Wales/PHWC-24BAB/2020	2020-03-19
Wales/PHWC-24BBA/2020	2020-03-19
Wales/PHWC-24BD8/2020	2020-03-19
Wales/PHWC-24BE7/2020	2020-03-19
Wales/PHWC-24BF6/2020	2020-03-19
Wales/PHWC-24D1E/2020	2020-03-19
Wales/PHWC-24D2D/2020	2020-03-19
Wales/PHWC-24D4B/2020	2020-03-19
Wales/PHWC-24D87/2020	2020-03-19
Wales/PHWC-24D96/2020	2020-03-19
Wales/PHWC-24DA5/2020	2020-03-19
Wales/PHWC-24DB4/2020	2020-03-19
England/20128001206/2020	2020-03-20
England/20128010006/2020	2020-03-20
England/20128041604/2020	2020-03-20
England/20128090404/2020	2020-03-20
England/20128090604/2020	2020-03-20
England/20128094604/2020	2020-03-20
England/20128094804/2020	2020-03-20
England/20128094904/2020	2020-03-20
England/20128095504/2020	2020-03-20
England/20129000304/2020	2020-03-20
England/20129000404/2020	2020-03-20
England/20129001304/2020	2020-03-20
England/20129010104/2020	2020-03-20
England/20129010204/2020	2020-03-20
England/20129010504/2020	2020-03-20
England/20129010902/2020	2020-03-20
England/20129011104/2020	2020-03-20
England/20129012304/2020	2020-03-20
England/20129012704/2020	2020-03-20
England/20129015004/2020	2020-03-20
England/20129016404/2020	2020-03-20
England/20129017104/2020	2020-03-20
England/20129017304/2020	2020-03-20
England/20129017804/2020	2020-03-20
England/20129018604/2020	2020-03-20
England/20129018904/2020	2020-03-20
England/20129020004/2020	2020-03-20
England/20129020304/2020	2020-03-20
England/20129020604/2020	2020-03-20
England/20129022804/2020	2020-03-20
England/20129032104/2020	2020-03-20
England/20129032804/2020	2020-03-20
England/20129033504/2020	2020-03-20
England/20129033804/2020	2020-03-20
England/20129033904/2020	2020-03-20
England/20129036004/2020	2020-03-20
England/20129036404/2020	2020-03-20
England/20129036504/2020	2020-03-20
England/20129037204/2020	2020-03-20
England/20129039902/2020	2020-03-20
England/20129167204/2020	2020-03-20
England/20129167302/2020	2020-03-20
England/20129170304/2020	2020-03-20
England/20129171204/2020	2020-03-20
England/20129171304/2020	2020-03-20
England/20129171804/2020	2020-03-20
England/20129174304/2020	2020-03-20
England/20129174404/2020	2020-03-20
England/20129176204/2020	2020-03-20
England/20130024003/2020	2020-03-20
England/20130028904/2020	2020-03-20
England/20130034604/2020	2020-03-20
England/20130055602/2020	2020-03-20
England/20130073304/2020	2020-03-20
England/20130073404/2020	2020-03-20
England/20130073704/2020	2020-03-20
England/20130086204/2020	2020-03-20
England/20130087004/2020	2020-03-20
England/20130087204/2020	2020-03-20
England/201300935/2020	2020-03-20
England/20132072602/2020	2020-03-20
England/20138008904/2020	2020-03-20
England/20139026304/2020	2020-03-20
England/20144067504/2020	2020-03-20
England/BRIS-121CF5/2020	2020-03-20
England/BRIS-121D89/2020	2020-03-20
England/BRIS-121DF2/2020	2020-03-20
England/BRIS-121E0E/2020	2020-03-20
England/BRIS-121FB0/2020	2020-03-20
England/BRIS-122007/2020	2020-03-20
England/CAMB-7341B/2020	2020-03-20
England/CAMB-73439/2020	2020-03-20
England/CAMB-734B1/2020	2020-03-20
England/CAMB-734C0/2020	2020-03-20
England/CAMB-73554/2020	2020-03-20
England/CAMB-73563/2020	2020-03-20
England/CAMB-735AF/2020	2020-03-20
England/CAMB-73703/2020	2020-03-20
England/CAMB-73E2C/2020	2020-03-20
England/CAMB-73E59/2020	2020-03-20
England/CAMB-73F29/2020	2020-03-20
England/CAMB-73F65/2020	2020-03-20
England/CAMB-73F74/2020	2020-03-20
England/CAMB-74104/2020	2020-03-20
England/CAMB-74122/2020	2020-03-20
England/CAMB-7417D/2020	2020-03-20
England/CAMB-741AA/2020	2020-03-20
England/CAMB-741F5/2020	2020-03-20
England/CAMB-74201/2020	2020-03-20
England/CAMB-7423E/2020	2020-03-20
England/CAMB-7424D/2020	2020-03-20
England/CAMB-74438/2020	2020-03-20
England/CAMB-74456/2020	2020-03-20
England/CAMB-74483/2020	2020-03-20
England/CAMB-744A1/2020	2020-03-20
England/CAMB-744B0/2020	2020-03-20
England/CAMB-744CF/2020	2020-03-20
England/CAMB-744DE/2020	2020-03-20
England/CAMB-74641/2020	2020-03-20
England/CAMB-75868/2020	2020-03-20
England/NORT-2817A6/2020	2020-03-20
England/NORT-281849/2020	2020-03-20
England/NORT-281858/2020	2020-03-20
England/NORT-281885/2020	2020-03-20
England/NORT-2818EF/2020	2020-03-20
England/NORT-2843FA/2020	2020-03-20
England/NORT-284406/2020	2020-03-20
England/NORT-284415/2020	2020-03-20
England/NORT-284442/2020	2020-03-20
England/NORT-284451/2020	2020-03-20
England/NORT-284460/2020	2020-03-20
England/NORT-28448E/2020	2020-03-20
England/NORT-28449D/2020	2020-03-20
England/NORT-288D61/2020	2020-03-20
England/NOTT-10E1FF/2020	2020-03-20
England/NOTT-10E21A/2020	2020-03-20
England/NOTT-10E229/2020	2020-03-20
England/NOTT-10E238/2020	2020-03-20
England/NOTT-10E256/2020	2020-03-20
England/NOTT-10E265/2020	2020-03-20
England/NOTT-10E283/2020	2020-03-20
England/NOTT-10E2B0/2020	2020-03-20
England/NOTT-10E2CF/2020	2020-03-20
England/NOTT-10E2DE/2020	2020-03-20
England/PHEC-1F420/2020	2020-03-20
England/PORT-2D10E8/2020	2020-03-20
England/PORT-2D10F7/2020	2020-03-20
England/PORT-2D1103/2020	2020-03-20
England/SHEF-C001B/2020	2020-03-20
England/SHEF-C0048/2020	2020-03-20
England/SHEF-C00A2/2020	2020-03-20
England/SHEF-C060A/2020	2020-03-20
England/SHEF-C15B1/2020	2020-03-20
England/SHEF-C6534/2020	2020-03-20
England/SHEF-C730C/2020	2020-03-20
England/SHEF-C911F/2020	2020-03-20
Northern_Ireland/NIRE-1020FE/2020	2020-03-20
Northern_Ireland/NIRE-10210A/2020	2020-03-20
Northern_Ireland/NIRE-FB3D2/2020	2020-03-20
Northern_Ireland/NIRE-FB3E1/2020	2020-03-20
Scotland/CVR248/2020	2020-03-20
Scotland/CVR257/2020	2020-03-20
Scotland/CVR263/2020	2020-03-20
Scotland/CVR273/2020	2020-03-20
Scotland/CVR278/2020	2020-03-20
Scotland/CVR305/2020	2020-03-20
Scotland/CVR306/2020	2020-03-20
Scotland/CVR309/2020	2020-03-20
Scotland/CVR311/2020	2020-03-20
Scotland/CVR322/2020	2020-03-20
Scotland/CVR326/2020	2020-03-20
Scotland/CVR339/2020	2020-03-20
Scotland/CVR348/2020	2020-03-20
Scotland/EDB068/2020	2020-03-20
Scotland/EDB073/2020	2020-03-20
Scotland/EDB081/2020	2020-03-20
Scotland/EDB098/2020	2020-03-20
Scotland/EDB099/2020	2020-03-20
Scotland/GCVR-16F912/2020	2020-03-20
Scotland/GCVR-16FAA6/2020	2020-03-20
Scotland/GCVR-16FAD3/2020	2020-03-20
Scotland/GCVR-16FAE2/2020	2020-03-20
Scotland/GCVR-16FB49/2020	2020-03-20
Scotland/GCVR-16FB58/2020	2020-03-20
Scotland/GCVR-16FB67/2020	2020-03-20
Wales/PHWC-24AEA/2020	2020-03-20
Wales/PHWC-24B23/2020	2020-03-20
Wales/PHWC-24BC9/2020	2020-03-20
Wales/PHWC-24EEE/2020	2020-03-20
Wales/PHWC-24F09/2020	2020-03-20
Wales/PHWC-24FDC/2020	2020-03-20
Wales/PHWC-24FEB/2020	2020-03-20
Wales/PHWC-25005/2020	2020-03-20
England/20129013104/2020	2020-03-21
England/20129014802/2020	2020-03-21
England/20129015404/2020	2020-03-21
England/20129015704/2020	2020-03-21
England/20129021604/2020	2020-03-21
England/20129034704/2020	2020-03-21
England/20129036804/2020	2020-03-21
England/20129038304/2020	2020-03-21
England/20129038404/2020	2020-03-21
England/20129081504/2020	2020-03-21
England/20129114604/2020	2020-03-21
England/20129158804/2020	2020-03-21
England/20129160704/2020	2020-03-21
England/20129163104/2020	2020-03-21
England/20129163604/2020	2020-03-21
England/20129168902/2020	2020-03-21
England/20129171504/2020	2020-03-21
England/20129171904/2020	2020-03-21
England/20129172402/2020	2020-03-21
England/20129173004/2020	2020-03-21
England/20129173804/2020	2020-03-21
England/20129174204/2020	2020-03-21
England/20129174604/2020	2020-03-21
England/20129175104/2020	2020-03-21
England/20129176804/2020	2020-03-21
England/20129177504/2020	2020-03-21
England/20129177604/2020	2020-03-21
England/20130031804/2020	2020-03-21
England/20130031904/2020	2020-03-21
England/20130034004/2020	2020-03-21
England/20130036504/2020	2020-03-21
England/20130051104/2020	2020-03-21
England/20130052804/2020	2020-03-21
England/20130053004/2020	2020-03-21
England/20130053404/2020	2020-03-21
England/20130061304/2020	2020-03-21
England/20130061404/2020	2020-03-21
England/20130062404/2020	2020-03-21
England/20130065604/2020	2020-03-21
England/20131103304/2020	2020-03-21
England/20131104204/2020	2020-03-21
England/20131104304/2020	2020-03-21
England/20134060904/2020	2020-03-21
England/20134082204/2020	2020-03-21
England/201380001/2020	2020-03-21
England/BRIS-122052/2020	2020-03-21
England/BRIS-12217D/2020	2020-03-21
England/BRIS-12234A/2020	2020-03-21
England/BRIS-122377/2020	2020-03-21
England/CAMB-72519/2020	2020-03-21
England/CAMB-7293B/2020	2020-03-21
England/CAMB-72D4E/2020	2020-03-21
England/CAMB-72E87/2020	2020-03-21
England/CAMB-72FDF/2020	2020-03-21
England/CAMB-72FEE/2020	2020-03-21
England/CAMB-73071/2020	2020-03-21
England/CAMB-730BD/2020	2020-03-21
England/CAMB-730F9/2020	2020-03-21
England/CAMB-73114/2020	2020-03-21
England/CAMB-7316F/2020	2020-03-21
England/CAMB-7317E/2020	2020-03-21
England/CAMB-731AB/2020	2020-03-21
England/CAMB-731D8/2020	2020-03-21
England/CAMB-73202/2020	2020-03-21
England/CAMB-73211/2020	2020-03-21
England/CAMB-73299/2020	2020-03-21
England/CAMB-732D5/2020	2020-03-21
England/CAMB-7334B/2020	2020-03-21
England/CAMB-7335A/2020	2020-03-21
England/CAMB-73457/2020	2020-03-21
England/CAMB-734DF/2020	2020-03-21
England/CAMB-734FD/2020	2020-03-21
England/CAMB-73545/2020	2020-03-21
England/CAMB-73590/2020	2020-03-21
England/CAMB-73615/2020	2020-03-21
England/CAMB-73633/2020	2020-03-21
England/CAMB-74131/2020	2020-03-21
England/LIVE-9C528/2020	2020-03-21
England/LIVE-9C84D/2020	2020-03-21
England/NORT-2818C1/2020	2020-03-21
England/NORT-2818D0/2020	2020-03-21
England/NORT-281955/2020	2020-03-21
England/NORT-281973/2020	2020-03-21
England/NORT-2819BF/2020	2020-03-21
England/NORT-2819DD/2020	2020-03-21
England/NORT-281A9E/2020	2020-03-21
England/NORT-2844AC/2020	2020-03-21
England/NORT-2844BB/2020	2020-03-21
England/NORT-2844CA/2020	2020-03-21
England/NORT-2844E8/2020	2020-03-21
England/NORT-284503/2020	2020-03-21
England/NORT-28454F/2020	2020-03-21
England/NORT-288D52/2020	2020-03-21
England/NOTT-10E362/2020	2020-03-21
England/NOTT-10E371/2020	2020-03-21
England/NOTT-10E39F/2020	2020-03-21
England/NOTT-10E3AE/2020	2020-03-21
England/NOTT-10E3BD/2020	2020-03-21
England/NOTT-10E3EA/2020	2020-03-21
England/SHEF-BFFF4/2020	2020-03-21
England/SHEF-C0066/2020	2020-03-21
England/SHEF-C00B1/2020	2020-03-21
England/SHEF-C05C1/2020	2020-03-21
England/SHEF-C0646/2020	2020-03-21
England/SHEF-C088C/2020	2020-03-21
England/SHEF-C6525/2020	2020-03-21
England/SHEF-C9BA8/2020	2020-03-21
England/SHEF-C9D39/2020	2020-03-21
England/SHEF-CB65A/2020	2020-03-21
England/SHEF-CC0C4/2020	2020-03-21
England/SHEF-CD47C/2020	2020-03-21
England/SHEF-CF6A1/2020	2020-03-21
England/SHEF-CFEE5/2020	2020-03-21
England/SHEF-D14EE/2020	2020-03-21
Northern_Ireland/NIRE-102076/2020	2020-03-21
Northern_Ireland/NIRE-102085/2020	2020-03-21
Northern_Ireland/NIRE-1020B2/2020	2020-03-21
Northern_Ireland/NIRE-1020D0/2020	2020-03-21
Northern_Ireland/NIRE-1020EF/2020	2020-03-21
Northern_Ireland/NIRE-102128/2020	2020-03-21
Northern_Ireland/NIRE-10236E/2020	2020-03-21
Northern_Ireland/NIRE-10237D/2020	2020-03-21
Northern_Ireland/NIRE-1023AA/2020	2020-03-21
Scotland/CVR284/2020	2020-03-21
Scotland/CVR315/2020	2020-03-21
Scotland/CVR317/2020	2020-03-21
Scotland/CVR318/2020	2020-03-21
Scotland/CVR319/2020	2020-03-21
Scotland/CVR325/2020	2020-03-21
Scotland/CVR335/2020	2020-03-21
Scotland/CVR336/2020	2020-03-21
Scotland/CVR352/2020	2020-03-21
Scotland/CVR375/2020	2020-03-21
Scotland/EDB084/2020	2020-03-21
Scotland/EDB086/2020	2020-03-21
Scotland/EDB087/2020	2020-03-21
Scotland/EDB093/2020	2020-03-21
Scotland/EDB096/2020	2020-03-21
Scotland/EDB101/2020	2020-03-21
Scotland/GCVR-16FA5B/2020	2020-03-21
Scotland/GCVR-16FC0A/2020	2020-03-21
Scotland/GCVR-16FC37/2020	2020-03-21
Scotland/GCVR-16FC55/2020	2020-03-21
Scotland/GCVR-16FC64/2020	2020-03-21
Scotland/GCVR-16FC73/2020	2020-03-21
Scotland/GCVR-16FF10/2020	2020-03-21
Scotland/GCVR-17037A/2020	2020-03-21
Scotland/GCVR-170398/2020	2020-03-21
England/20129177404/2020	2020-03-22
England/20129178204/2020	2020-03-22
England/20130033404/2020	2020-03-22
England/20130033604/2020	2020-03-22
England/20130034204/2020	2020-03-22
England/20130034404/2020	2020-03-22
England/20130051004/2020	2020-03-22
England/20130051604/2020	2020-03-22
England/20130051704/2020	2020-03-22
England/20130064004/2020	2020-03-22
England/20130071704/2020	2020-03-22
England/20130092404/2020	2020-03-22
England/20132003004/2020	2020-03-22
England/20132003204/2020	2020-03-22
England/20132003304/2020	2020-03-22
England/20132018004/2020	2020-03-22
England/20132018804/2020	2020-03-22
England/20132020106/2020	2020-03-22
England/20132023104/2020	2020-03-22
England/20132023304/2020	2020-03-22
England/20132024604/2020	2020-03-22
England/20132025004/2020	2020-03-22
England/20132027204/2020	2020-03-22
England/20132032904/2020	2020-03-22
England/20132054404/2020	2020-03-22
England/20132090404/2020	2020-03-22
England/20132091704/2020	2020-03-22
England/20132091804/2020	2020-03-22
England/20132091904/2020	2020-03-22
England/20138009704/2020	2020-03-22
England/BRIS-122070/2020	2020-03-22
England/BRIS-1220AD/2020	2020-03-22
England/BRIS-1221AA/2020	2020-03-22
England/BRIS-1221B9/2020	2020-03-22
England/BRIS-1221C8/2020	2020-03-22
England/BRIS-12222F/2020	2020-03-22
England/BRIS-12223E/2020	2020-03-22
England/BRIS-1222A7/2020	2020-03-22
England/BRIS-1222B6/2020	2020-03-22
England/CAMB-7282F/2020	2020-03-22
England/CAMB-72B44/2020	2020-03-22
England/CAMB-72BBD/2020	2020-03-22
England/CAMB-72BEA/2020	2020-03-22
England/CAMB-72C32/2020	2020-03-22
England/CAMB-72C41/2020	2020-03-22
England/CAMB-72C50/2020	2020-03-22
England/CAMB-72C6F/2020	2020-03-22
England/CAMB-72C8D/2020	2020-03-22
England/CAMB-72CAB/2020	2020-03-22
England/CAMB-72CBA/2020	2020-03-22
England/CAMB-72DB7/2020	2020-03-22
England/CAMB-72F57/2020	2020-03-22
England/CAMB-72F75/2020	2020-03-22
England/CAMB-72F84/2020	2020-03-22
England/CAMB-73105/2020	2020-03-22
England/CAMB-7323F/2020	2020-03-22
England/CAMB-7324E/2020	2020-03-22
England/CAMB-7327B/2020	2020-03-22
England/CAMB-73369/2020	2020-03-22
England/CAMB-733A5/2020	2020-03-22
England/CAMB-733D2/2020	2020-03-22
England/CAMB-73484/2020	2020-03-22
England/CAMB-734A2/2020	2020-03-22
England/CAMB-73624/2020	2020-03-22
England/CAMB-7369D/2020	2020-03-22
England/CAMB-74614/2020	2020-03-22
England/CAMB-74623/2020	2020-03-22
England/EXET-135D0A/2020	2020-03-22
England/EXET-135E43/2020	2020-03-22
England/LIVE-9C537/2020	2020-03-22
England/NORT-281991/2020	2020-03-22
England/NORT-2819A0/2020	2020-03-22
England/NORT-2819FB/2020	2020-03-22
England/NORT-281A52/2020	2020-03-22
England/NORT-281A70/2020	2020-03-22
England/NORT-281A8F/2020	2020-03-22
England/NORT-2844F7/2020	2020-03-22
England/NORT-28462E/2020	2020-03-22
England/NORT-28463D/2020	2020-03-22
England/NORT-28465B/2020	2020-03-22
England/NORT-284688/2020	2020-03-22
England/NORT-288DBC/2020	2020-03-22
England/NOTT-10E3DB/2020	2020-03-22
England/NOTT-10E414/2020	2020-03-22
England/NOTT-10E432/2020	2020-03-22
England/NOTT-10E450/2020	2020-03-22
England/NOTT-10E46F/2020	2020-03-22
England/NOTT-10E49C/2020	2020-03-22
England/NOTT-10E4AB/2020	2020-03-22
England/NOTT-10E4BA/2020	2020-03-22
England/NOTT-10E872/2020	2020-03-22
England/PORT-2D1121/2020	2020-03-22
England/SHEF-C000C/2020	2020-03-22
England/SHEF-C0039/2020	2020-03-22
England/SHEF-C00EE/2020	2020-03-22
England/SHEF-C0707/2020	2020-03-22
England/SHEF-C0743/2020	2020-03-22
England/SHEF-C2C60/2020	2020-03-22
England/SHEF-C3090/2020	2020-03-22
England/SHEF-C46E8/2020	2020-03-22
England/SHEF-C4B8F/2020	2020-03-22
England/SHEF-C85F6/2020	2020-03-22
England/SHEF-C8CE2/2020	2020-03-22
England/SHEF-C9A50/2020	2020-03-22
England/SHEF-CE129/2020	2020-03-22
England/SHEF-CE2CC/2020	2020-03-22
England/SHEF-CE693/2020	2020-03-22
England/SHEF-CEDCB/2020	2020-03-22
England/SHEF-D1C31/2020	2020-03-22
England/SHEF-D34CE/2020	2020-03-22
Northern_Ireland/NIRE-10203A/2020	2020-03-22
Northern_Ireland/NIRE-1020A3/2020	2020-03-22
Northern_Ireland/NIRE-102340/2020	2020-03-22
Northern_Ireland/NIRE-10235F/2020	2020-03-22
Northern_Ireland/NIRE-10238C/2020	2020-03-22
Scotland/CVR351/2020	2020-03-22
Scotland/CVR353/2020	2020-03-22
Scotland/CVR356/2020	2020-03-22
Scotland/CVR380/2020	2020-03-22
Scotland/CVR388/2020	2020-03-22
Scotland/CVR395/2020	2020-03-22
Scotland/CVR402/2020	2020-03-22
Scotland/CVR410/2020	2020-03-22
Scotland/CVR411/2020	2020-03-22
Scotland/CVR425/2020	2020-03-22
Scotland/EDB102/2020	2020-03-22
Scotland/EDB106/2020	2020-03-22
Scotland/EDB108/2020	2020-03-22
Scotland/EDB114/2020	2020-03-22
Scotland/EDB119/2020	2020-03-22
Scotland/EDB120/2020	2020-03-22
Scotland/EDB149/2020	2020-03-22
Scotland/GCVR-16FBA3/2020	2020-03-22
Scotland/GCVR-16FBFE/2020	2020-03-22
Scotland/GCVR-16FCEC/2020	2020-03-22
Scotland/GCVR-16FD07/2020	2020-03-22
Scotland/GCVR-16FD25/2020	2020-03-22
Scotland/GCVR-16FDCB/2020	2020-03-22
Scotland/GCVR-16FE04/2020	2020-03-22
Scotland/GCVR-16FE13/2020	2020-03-22
Scotland/GCVR-16FE22/2020	2020-03-22
Scotland/GCVR-16FEB9/2020	2020-03-22
Scotland/GCVR-16FF01/2020	2020-03-22
Scotland/GCVR-16FF2F/2020	2020-03-22
Scotland/GCVR-170310/2020	2020-03-22
England/20130027103/2020	2020-03-23
England/20130034804/2020	2020-03-23
England/20130035204/2020	2020-03-23
England/20130049804/2020	2020-03-23
England/20130050904/2020	2020-03-23
England/20130063804/2020	2020-03-23
England/20130071504/2020	2020-03-23
England/20130071904/2020	2020-03-23
England/20130072204/2020	2020-03-23
England/20130072404/2020	2020-03-23
England/20130090204/2020	2020-03-23
England/20130092004/2020	2020-03-23
England/20130092104/2020	2020-03-23
England/20131101204/2020	2020-03-23
England/20131102804/2020	2020-03-23
England/20131102904/2020	2020-03-23
England/20131103104/2020	2020-03-23
England/20131103204/2020	2020-03-23
England/20132000204/2020	2020-03-23
England/20132000304/2020	2020-03-23
England/20132000804/2020	2020-03-23
England/20132001904/2020	2020-03-23
England/20132002304/2020	2020-03-23
England/20132002604/2020	2020-03-23
England/20132005304/2020	2020-03-23
England/20132005404/2020	2020-03-23
England/20132005704/2020	2020-03-23
England/20132005904/2020	2020-03-23
England/20132017604/2020	2020-03-23
England/20132018604/2020	2020-03-23
England/20132018704/2020	2020-03-23
England/20132020204/2020	2020-03-23
England/20132020804/2020	2020-03-23
England/20132022304/2020	2020-03-23
England/20132023604/2020	2020-03-23
England/20132024004/2020	2020-03-23
England/20132024104/2020	2020-03-23
England/20132024904/2020	2020-03-23
England/20132027404/2020	2020-03-23
England/20132027504/2020	2020-03-23
England/20132027704/2020	2020-03-23
England/20132035904/2020	2020-03-23
England/20132047304/2020	2020-03-23
England/20132054504/2020	2020-03-23
England/20132054604/2020	2020-03-23
England/20132066804/2020	2020-03-23
England/20132067404/2020	2020-03-23
England/20132080804/2020	2020-03-23
England/20132081804/2020	2020-03-23
England/20132082504/2020	2020-03-23
England/20132095704/2020	2020-03-23
England/20132099304/2020	2020-03-23
England/20132108404/2020	2020-03-23
England/20132108504/2020	2020-03-23
England/20132108704/2020	2020-03-23
England/20134003204/2020	2020-03-23
England/20134004304/2020	2020-03-23
England/20134005304/2020	2020-03-23
England/20134006604/2020	2020-03-23
England/20134007204/2020	2020-03-23
England/20134010002/2020	2020-03-23
England/201340119/2020	2020-03-23
England/20134017104/2020	2020-03-23
England/20134017904/2020	2020-03-23
England/20134018004/2020	2020-03-23
England/20134018402/2020	2020-03-23
England/20134019502/2020	2020-03-23
England/20134019804/2020	2020-03-23
England/20134020004/2020	2020-03-23
England/20134020104/2020	2020-03-23
England/20134021904/2020	2020-03-23
England/20134026804/2020	2020-03-23
England/20134026904/2020	2020-03-23
England/20134027304/2020	2020-03-23
England/20134027504/2020	2020-03-23
England/20134027604/2020	2020-03-23
England/20134040803/2020	2020-03-23
England/20134058202/2020	2020-03-23
England/20134060504/2020	2020-03-23
England/20134081702/2020	2020-03-23
England/201360249/2020	2020-03-23
England/20136096804/2020	2020-03-23
England/20136097204/2020	2020-03-23
England/20136097402/2020	2020-03-23
England/201380283/2020	2020-03-23
England/201380284/2020	2020-03-23
England/20138086604/2020	2020-03-23
England/20138086904/2020	2020-03-23
England/BRIS-12224D/2020	2020-03-23
England/BRIS-1222D4/2020	2020-03-23
England/BRIS-12232C/2020	2020-03-23
England/CAMB-72388/2020	2020-03-23
England/CAMB-724A3/2020	2020-03-23
England/CAMB-72537/2020	2020-03-23
England/CAMB-72546/2020	2020-03-23
England/CAMB-72582/2020	2020-03-23
England/CAMB-725A0/2020	2020-03-23
England/CAMB-7268F/2020	2020-03-23
England/CAMB-726AD/2020	2020-03-23
England/CAMB-72722/2020	2020-03-23
England/CAMB-72731/2020	2020-03-23
England/CAMB-72740/2020	2020-03-23
England/CAMB-7276E/2020	2020-03-23
England/CAMB-7278C/2020	2020-03-23
England/CAMB-72801/2020	2020-03-23
England/CAMB-7284D/2020	2020-03-23
England/CAMB-7286B/2020	2020-03-23
England/CAMB-72889/2020	2020-03-23
England/CAMB-728D4/2020	2020-03-23
England/CAMB-728E3/2020	2020-03-23
England/CAMB-72977/2020	2020-03-23
England/CAMB-72986/2020	2020-03-23
England/CAMB-72995/2020	2020-03-23
England/CAMB-729C2/2020	2020-03-23
England/CAMB-72A0B/2020	2020-03-23
England/CAMB-72A1A/2020	2020-03-23
England/CAMB-72AFC/2020	2020-03-23
England/CAMB-72B62/2020	2020-03-23
England/CAMB-72B71/2020	2020-03-23
England/CAMB-72B80/2020	2020-03-23
England/CAMB-72BAE/2020	2020-03-23
England/CAMB-72BCC/2020	2020-03-23
England/CAMB-72CC9/2020	2020-03-23
England/CAMB-72CE7/2020	2020-03-23
England/CAMB-72D5D/2020	2020-03-23
England/CAMB-72D6C/2020	2020-03-23
England/CAMB-72D8A/2020	2020-03-23
England/CAMB-72D99/2020	2020-03-23
England/CAMB-72E5A/2020	2020-03-23
England/CAMB-72EF0/2020	2020-03-23
England/CAMB-72F1B/2020	2020-03-23
England/CAMB-72F2A/2020	2020-03-23
England/CAMB-73008/2020	2020-03-23
England/CAMB-73080/2020	2020-03-23
England/CAMB-730AE/2020	2020-03-23
England/CAMB-7331E/2020	2020-03-23
England/CAMB-73466/2020	2020-03-23
England/CAMB-73475/2020	2020-03-23
England/EXET-1357C0/2020	2020-03-23
England/EXET-137403/2020	2020-03-23
England/LIVE-9BFA3/2020	2020-03-23
England/LIVE-9C889/2020	2020-03-23
England/NORT-281B04/2020	2020-03-23
England/NORT-281B13/2020	2020-03-23
England/NORT-281B22/2020	2020-03-23
England/NORT-281B31/2020	2020-03-23
England/NORT-281B40/2020	2020-03-23
England/NORT-281B5F/2020	2020-03-23
England/NORT-281B9B/2020	2020-03-23
England/NORT-281BAA/2020	2020-03-23
England/NORT-281BC8/2020	2020-03-23
England/NORT-281BE6/2020	2020-03-23
England/NORT-281C3E/2020	2020-03-23
England/NORT-281C4D/2020	2020-03-23
England/NORT-281C5C/2020	2020-03-23
England/NORT-281C6B/2020	2020-03-23
England/NORT-281C7A/2020	2020-03-23
England/NORT-281E47/2020	2020-03-23
England/NORT-281F35/2020	2020-03-23
England/NORT-284767/2020	2020-03-23
England/NORT-284794/2020	2020-03-23
England/NORT-2847B2/2020	2020-03-23
England/NORT-2847FE/2020	2020-03-23
England/NORT-2848BF/2020	2020-03-23
England/NORT-2849AD/2020	2020-03-23
England/NORT-288E04/2020	2020-03-23
England/NORT-288E22/2020	2020-03-23
England/NORT-288E40/2020	2020-03-23
England/NOTT-10E441/2020	2020-03-23
England/NOTT-10E511/2020	2020-03-23
England/NOTT-10E520/2020	2020-03-23
England/NOTT-10E54E/2020	2020-03-23
England/NOTT-10E5E4/2020	2020-03-23
England/NOTT-10E61E/2020	2020-03-23
England/NOTT-10E6A5/2020	2020-03-23
England/OXON-AF14C/2020	2020-03-23
England/OXON-AF294/2020	2020-03-23
England/PORT-2CFF0E/2020	2020-03-23
England/SHEF-BFFA9/2020	2020-03-23
England/SHEF-C002A/2020	2020-03-23
England/SHEF-C0057/2020	2020-03-23
England/SHEF-C0075/2020	2020-03-23
England/SHEF-C0084/2020	2020-03-23
England/SHEF-C0093/2020	2020-03-23
England/SHEF-C00DF/2020	2020-03-23
England/SHEF-C04F1/2020	2020-03-23
England/SHEF-C053A/2020	2020-03-23
England/SHEF-C0628/2020	2020-03-23
England/SHEF-C0664/2020	2020-03-23
England/SHEF-C06FB/2020	2020-03-23
England/SHEF-C08E6/2020	2020-03-23
England/SHEF-C343A/2020	2020-03-23
England/SHEF-C4C5F/2020	2020-03-23
England/SHEF-C6464/2020	2020-03-23
England/SHEF-C72B4/2020	2020-03-23
England/SHEF-C7F9F/2020	2020-03-23
England/SHEF-C8374/2020	2020-03-23
England/SHEF-C9883/2020	2020-03-23
England/SHEF-D2465/2020	2020-03-23
England/SHEF-D2A54/2020	2020-03-23
England/SHEF-D333A/2020	2020-03-23
Northern_Ireland/NIRE-101EE6/2020	2020-03-23
Northern_Ireland/NIRE-101F10/2020	2020-03-23
Northern_Ireland/NIRE-101F3E/2020	2020-03-23
Northern_Ireland/NIRE-101F4D/2020	2020-03-23
Northern_Ireland/NIRE-101F6B/2020	2020-03-23
Northern_Ireland/NIRE-101F7A/2020	2020-03-23
Northern_Ireland/NIRE-101F89/2020	2020-03-23
Northern_Ireland/NIRE-101F98/2020	2020-03-23
Northern_Ireland/NIRE-101FA7/2020	2020-03-23
Northern_Ireland/NIRE-101FC5/2020	2020-03-23
Northern_Ireland/NIRE-101FD4/2020	2020-03-23
Northern_Ireland/NIRE-101FE3/2020	2020-03-23
Northern_Ireland/NIRE-101FF2/2020	2020-03-23
Northern_Ireland/NIRE-10200D/2020	2020-03-23
Northern_Ireland/NIRE-1022DA/2020	2020-03-23
Northern_Ireland/NIRE-1022F8/2020	2020-03-23
Northern_Ireland/NIRE-102313/2020	2020-03-23
Northern_Ireland/NIRE-FB1AB/2020	2020-03-23
Scotland/CVR392/2020	2020-03-23
Scotland/CVR398/2020	2020-03-23
Scotland/CVR400/2020	2020-03-23
Scotland/CVR405/2020	2020-03-23
Scotland/CVR438/2020	2020-03-23
Scotland/CVR451/2020	2020-03-23
Scotland/CVR464/2020	2020-03-23
Scotland/CVR465/2020	2020-03-23
Scotland/CVR473/2020	2020-03-23
Scotland/CVR475/2020	2020-03-23
Scotland/CVR487/2020	2020-03-23
Scotland/CVR506/2020	2020-03-23
Scotland/CVR519/2020	2020-03-23
Scotland/CVR563/2020	2020-03-23
Scotland/EDB128/2020	2020-03-23
Scotland/EDB130/2020	2020-03-23
Scotland/EDB131/2020	2020-03-23
Scotland/EDB137/2020	2020-03-23
Scotland/EDB144/2020	2020-03-23
Scotland/EDB145/2020	2020-03-23
Scotland/EDB154/2020	2020-03-23
Scotland/EDB155/2020	2020-03-23
Scotland/EDB156/2020	2020-03-23
Scotland/EDB157/2020	2020-03-23
Scotland/GCVR-16FCDD/2020	2020-03-23
Scotland/GCVR-16FD52/2020	2020-03-23
Scotland/GCVR-16FD61/2020	2020-03-23
Scotland/GCVR-16FD70/2020	2020-03-23
Scotland/GCVR-16FDAD/2020	2020-03-23
Scotland/GCVR-16FDBC/2020	2020-03-23
Scotland/GCVR-16FDDA/2020	2020-03-23
Scotland/GCVR-16FDE9/2020	2020-03-23
Scotland/GCVR-16FE5F/2020	2020-03-23
Scotland/GCVR-16FED7/2020	2020-03-23
Scotland/GCVR-16FEE6/2020	2020-03-23
Scotland/GCVR-170091/2020	2020-03-23
Scotland/GCVR-1700BF/2020	2020-03-23
Scotland/GCVR-1700CE/2020	2020-03-23
Scotland/GCVR-1700DD/2020	2020-03-23
Scotland/GCVR-1700FB/2020	2020-03-23
Scotland/GCVR-170107/2020	2020-03-23
Scotland/GCVR-170116/2020	2020-03-23
Scotland/GCVR-1702D7/2020	2020-03-23
Scotland/GCVR-17033E/2020	2020-03-23
Scotland/GCVR-17034D/2020	2020-03-23
Scotland/GCVR-17036B/2020	2020-03-23
Scotland/GCVR-1703C5/2020	2020-03-23
Scotland/GCVR-1703E3/2020	2020-03-23
Scotland/GCVR-170486/2020	2020-03-23
Scotland/GCVR-170495/2020	2020-03-23
Scotland/GCVR-1704C2/2020	2020-03-23
Scotland/GCVR-1704E0/2020	2020-03-23
Scotland/GCVR-1704FF/2020	2020-03-23
Scotland/GCVR-170547/2020	2020-03-23
Scotland/GCVR-170556/2020	2020-03-23
Scotland/GCVR-1706BD/2020	2020-03-23
Scotland/GCVR-170C51/2020	2020-03-23
Wales/PHWC-27DC0/2020	2020-03-23
England/20132017704/2020	2020-03-24
England/20132021004/2020	2020-03-24
England/20132027004/2020	2020-03-24
England/20132032704/2020	2020-03-24
England/20132035304/2020	2020-03-24
England/20132035604/2020	2020-03-24
England/20132035704/2020	2020-03-24
England/20132080004/2020	2020-03-24
England/20132080104/2020	2020-03-24
England/20132080404/2020	2020-03-24
England/20132080604/2020	2020-03-24
England/20132107704/2020	2020-03-24
England/20134000804/2020	2020-03-24
England/20134003304/2020	2020-03-24
England/20134003404/2020	2020-03-24
England/20134004704/2020	2020-03-24
England/20134004804/2020	2020-03-24
England/20134005004/2020	2020-03-24
England/20134006404/2020	2020-03-24
England/20134009504/2020	2020-03-24
England/20134009604/2020	2020-03-24
England/20134011704/2020	2020-03-24
England/201340120/2020	2020-03-24
England/201340127/2020	2020-03-24
England/20134015704/2020	2020-03-24
England/20134016002/2020	2020-03-24
England/20134016802/2020	2020-03-24
England/20134018902/2020	2020-03-24
England/20134019202/2020	2020-03-24
England/20134020504/2020	2020-03-24
England/20134020904/2020	2020-03-24
England/20134021104/2020	2020-03-24
England/20134022204/2020	2020-03-24
England/20134023004/2020	2020-03-24
England/20134023104/2020	2020-03-24
England/20134023204/2020	2020-03-24
England/20134023704/2020	2020-03-24
England/20134024004/2020	2020-03-24
England/20134024104/2020	2020-03-24
England/20134024204/2020	2020-03-24
England/20134025504/2020	2020-03-24
England/20134025704/2020	2020-03-24
England/20134025904/2020	2020-03-24
England/20134028104/2020	2020-03-24
England/20134060804/2020	2020-03-24
England/20134064204/2020	2020-03-24
England/20134064504/2020	2020-03-24
England/20134064904/2020	2020-03-24
England/20134067304/2020	2020-03-24
England/20134067904/2020	2020-03-24
England/20134068504/2020	2020-03-24
England/20134068604/2020	2020-03-24
England/20134068904/2020	2020-03-24
England/20134069004/2020	2020-03-24
England/20134072204/2020	2020-03-24
England/20134077504/2020	2020-03-24
England/20134078204/2020	2020-03-24
England/20134078404/2020	2020-03-24
England/20134078504/2020	2020-03-24
England/20134078604/2020	2020-03-24
England/20134078904/2020	2020-03-24
England/20134079504/2020	2020-03-24
England/201340854/2020	2020-03-24
England/201340855/2020	2020-03-24
England/201340856/2020	2020-03-24
England/201340857/2020	2020-03-24
England/201340875/2020	2020-03-24
England/201360003/2020	2020-03-24
England/201360017/2020	2020-03-24
England/201360037/2020	2020-03-24
England/201360053/2020	2020-03-24
England/201360071/2020	2020-03-24
England/201360131/2020	2020-03-24
England/20136014104/2020	2020-03-24
England/201360143/2020	2020-03-24
England/201360170/2020	2020-03-24
England/201360178/2020	2020-03-24
England/201360185/2020	2020-03-24
England/201360187/2020	2020-03-24
England/201360188/2020	2020-03-24
England/201360190/2020	2020-03-24
England/201360191/2020	2020-03-24
England/201360201/2020	2020-03-24
England/201360203/2020	2020-03-24
England/20138086004/2020	2020-03-24
England/20138087204/2020	2020-03-24
England/20138087304/2020	2020-03-24
England/20138088004/2020	2020-03-24
England/20138088104/2020	2020-03-24
England/BIRM-5E7FF/2020	2020-03-24
England/BIRM-5E838/2020	2020-03-24
England/BIRM-5E847/2020	2020-03-24
England/BRIS-12481C/2020	2020-03-24
England/BRIS-124B31/2020	2020-03-24
England/BRIS-124B8C/2020	2020-03-24
England/CAMB-723C4/2020	2020-03-24
England/CAMB-7240D/2020	2020-03-24
England/CAMB-7241C/2020	2020-03-24
England/CAMB-7242B/2020	2020-03-24
England/CAMB-72467/2020	2020-03-24
England/CAMB-72485/2020	2020-03-24
England/CAMB-725DD/2020	2020-03-24
England/CAMB-725FB/2020	2020-03-24
England/CAMB-72607/2020	2020-03-24
England/CAMB-72634/2020	2020-03-24
England/CAMB-72652/2020	2020-03-24
England/CAMB-72670/2020	2020-03-24
England/CAMB-72713/2020	2020-03-24
England/CAMB-7277D/2020	2020-03-24
England/CAMB-72898/2020	2020-03-24
England/LIVE-9B19E/2020	2020-03-24
England/LIVE-9BF67/2020	2020-03-24
England/LIVE-9C5CE/2020	2020-03-24
England/NORT-281D0E/2020	2020-03-24
England/NORT-281D1D/2020	2020-03-24
England/NORT-281D2C/2020	2020-03-24
England/NORT-281DD1/2020	2020-03-24
England/NORT-281E56/2020	2020-03-24
England/NORT-281E65/2020	2020-03-24
England/NORT-2846E2/2020	2020-03-24
England/NORT-28472B/2020	2020-03-24
England/NORT-2847C1/2020	2020-03-24
England/NORT-2847D0/2020	2020-03-24
England/NORT-2848EC/2020	2020-03-24
England/NORT-284934/2020	2020-03-24
England/NORT-2849E9/2020	2020-03-24
England/NORT-288E9B/2020	2020-03-24
England/NORT-288EAA/2020	2020-03-24
England/NORT-288F2F/2020	2020-03-24
England/NOTT-10E669/2020	2020-03-24
England/NOTT-10E678/2020	2020-03-24
England/NOTT-10E6B4/2020	2020-03-24
England/NOTT-10E6C3/2020	2020-03-24
England/NOTT-10E6D2/2020	2020-03-24
England/NOTT-10E70C/2020	2020-03-24
England/NOTT-10E71B/2020	2020-03-24
England/NOTT-10E72A/2020	2020-03-24
England/NOTT-10E739/2020	2020-03-24
England/NOTT-10E748/2020	2020-03-24
England/NOTT-10E775/2020	2020-03-24
England/NOTT-10E784/2020	2020-03-24
England/NOTT-10E7FD/2020	2020-03-24
England/NOTT-10E809/2020	2020-03-24
England/NOTT-10E818/2020	2020-03-24
England/NOTT-10E827/2020	2020-03-24
England/NOTT-10E845/2020	2020-03-24
England/PHEC-1F4E4/2020	2020-03-24
England/PHEC-1F54B/2020	2020-03-24
England/PHEC-1F55A/2020	2020-03-24
England/PORT-2D12A6/2020	2020-03-24
England/PORT-2D12B5/2020	2020-03-24
England/PORT-2D12C4/2020	2020-03-24
England/PORT-2D1376/2020	2020-03-24
England/PORT-2D13A3/2020	2020-03-24
England/PORT-2D13EF/2020	2020-03-24
England/SHEF-BFE9D/2020	2020-03-24
England/SHEF-BFF03/2020	2020-03-24
England/SHEF-C0172/2020	2020-03-24
England/SHEF-C01AF/2020	2020-03-24
England/SHEF-C04E2/2020	2020-03-24
England/SHEF-C0567/2020	2020-03-24
England/SHEF-C0752/2020	2020-03-24
England/SHEF-C0901/2020	2020-03-24
England/SHEF-C16AF/2020	2020-03-24
England/SHEF-C4123/2020	2020-03-24
England/SHEF-C5D6A/2020	2020-03-24
England/SHEF-C5F19/2020	2020-03-24
England/SHEF-C6DA5/2020	2020-03-24
England/SHEF-C9F24/2020	2020-03-24
England/SHEF-CF902/2020	2020-03-24
England/SHEF-CFB48/2020	2020-03-24
England/SHEF-D0DA8/2020	2020-03-24
England/SHEF-D17E5/2020	2020-03-24
England/SHEF-D1F1A/2020	2020-03-24
England/SHEF-D2E58/2020	2020-03-24
England/SHEF-D34A0/2020	2020-03-24
Northern_Ireland/NIRE-101E6E/2020	2020-03-24
Northern_Ireland/NIRE-101E7D/2020	2020-03-24
Northern_Ireland/NIRE-101E9B/2020	2020-03-24
Northern_Ireland/NIRE-FAFB1/2020	2020-03-24
Northern_Ireland/NIRE-FAFFD/2020	2020-03-24
Northern_Ireland/NIRE-FB16F/2020	2020-03-24
Northern_Ireland/NIRE-FB1D8/2020	2020-03-24
Northern_Ireland/NIRE-FB1F6/2020	2020-03-24
Northern_Ireland/NIRE-FB23F/2020	2020-03-24
Northern_Ireland/NIRE-FB25D/2020	2020-03-24
Northern_Ireland/NIRE-FB3B4/2020	2020-03-24
Northern_Ireland/NIRE-FB475/2020	2020-03-24
Scotland/CVR495/2020	2020-03-24
Scotland/CVR507/2020	2020-03-24
Scotland/CVR512/2020	2020-03-24
Scotland/CVR513/2020	2020-03-24
Scotland/CVR517/2020	2020-03-24
Scotland/CVR526/2020	2020-03-24
Scotland/CVR565/2020	2020-03-24
Scotland/CVR569/2020	2020-03-24
Scotland/CVR599/2020	2020-03-24
Scotland/CVR609/2020	2020-03-24
Scotland/EDB161/2020	2020-03-24
Scotland/EDB162/2020	2020-03-24
Scotland/EDB182/2020	2020-03-24
Scotland/EDB193/2020	2020-03-24
Scotland/GCVR-16FF6B/2020	2020-03-24
Scotland/GCVR-16FF89/2020	2020-03-24
Scotland/GCVR-16FFA7/2020	2020-03-24
Scotland/GCVR-16FFB6/2020	2020-03-24
Scotland/GCVR-16FFE3/2020	2020-03-24
Scotland/GCVR-16FFF2/2020	2020-03-24
Scotland/GCVR-170028/2020	2020-03-24
Scotland/GCVR-170037/2020	2020-03-24
Scotland/GCVR-170046/2020	2020-03-24
Scotland/GCVR-170064/2020	2020-03-24
Scotland/GCVR-170073/2020	2020-03-24
Scotland/GCVR-170143/2020	2020-03-24
Scotland/GCVR-170170/2020	2020-03-24
Scotland/GCVR-170213/2020	2020-03-24
Scotland/GCVR-17028C/2020	2020-03-24
Scotland/GCVR-1702AA/2020	2020-03-24
Scotland/GCVR-1702C8/2020	2020-03-24
Scotland/GCVR-17032F/2020	2020-03-24
Scotland/GCVR-17040E/2020	2020-03-24
Scotland/GCVR-17043B/2020	2020-03-24
Scotland/GCVR-1705B0/2020	2020-03-24
Scotland/GCVR-1705DE/2020	2020-03-24
Scotland/GCVR-1705FC/2020	2020-03-24
Scotland/GCVR-170617/2020	2020-03-24
Scotland/GCVR-170626/2020	2020-03-24
Scotland/GCVR-170644/2020	2020-03-24
Scotland/GCVR-170680/2020	2020-03-24
Scotland/GCVR-170969/2020	2020-03-24
Scotland/GCVR-170AEE/2020	2020-03-24
Scotland/GCVR-170B27/2020	2020-03-24
Scotland/GCVR-170B54/2020	2020-03-24
Scotland/GCVR-170BFA/2020	2020-03-24
Scotland/GCVR-170C06/2020	2020-03-24
Scotland/GCVR-170D21/2020	2020-03-24
Wales/PHWC-24895/2020	2020-03-24
Wales/PHWC-248D1/2020	2020-03-24
Wales/PHWC-248E0/2020	2020-03-24
Wales/PHWC-24974/2020	2020-03-24
Wales/PHWC-24983/2020	2020-03-24
Wales/PHWC-24992/2020	2020-03-24
Wales/PHWC-24C3F/2020	2020-03-24
Wales/PHWC-24C4E/2020	2020-03-24
Wales/PHWC-24C7B/2020	2020-03-24
Wales/PHWC-24C8A/2020	2020-03-24
Wales/PHWC-24C99/2020	2020-03-24
Wales/PHWC-24CB7/2020	2020-03-24
Wales/PHWC-24CC6/2020	2020-03-24
Wales/PHWC-24CD5/2020	2020-03-24
Wales/PHWC-24CE4/2020	2020-03-24
Wales/PHWC-24CF3/2020	2020-03-24
Wales/PHWC-27DFD/2020	2020-03-24
Wales/PHWC-27E18/2020	2020-03-24
Wales/PHWC-27E36/2020	2020-03-24
Wales/PHWC-27EAF/2020	2020-03-24
Wales/PHWC-27EEB/2020	2020-03-24
Wales/PHWC-27F60/2020	2020-03-24
England/20134000704/2020	2020-03-25
England/20134010904/2020	2020-03-25
England/20134015504/2020	2020-03-25
England/20134072104/2020	2020-03-25
England/201340860/2020	2020-03-25
England/201360001/2020	2020-03-25
England/201360057/2020	2020-03-25
England/201360111/2020	2020-03-25
England/201360117/2020	2020-03-25
England/201360119/2020	2020-03-25
England/20136012004/2020	2020-03-25
England/201360122/2020	2020-03-25
England/201360126/2020	2020-03-25
England/201360127/2020	2020-03-25
England/201360134/2020	2020-03-25
England/201360171/2020	2020-03-25
England/201360210/2020	2020-03-25
England/201360211/2020	2020-03-25
England/201360213/2020	2020-03-25
England/201360214/2020	2020-03-25
England/201360217/2020	2020-03-25
England/201360220/2020	2020-03-25
England/201360221/2020	2020-03-25
England/201360222/2020	2020-03-25
England/201360223/2020	2020-03-25
England/201360224/2020	2020-03-25
England/201360229/2020	2020-03-25
England/201360236/2020	2020-03-25
England/201360275/2020	2020-03-25
England/201360276/2020	2020-03-25
England/201360277/2020	2020-03-25
England/201360295/2020	2020-03-25
England/201360296/2020	2020-03-25
England/201360297/2020	2020-03-25
England/201360298/2020	2020-03-25
England/201360299/2020	2020-03-25
England/201360300/2020	2020-03-25
England/201360317/2020	2020-03-25
England/201360318/2020	2020-03-25
England/201360538/2020	2020-03-25
England/20136088702/2020	2020-03-25
England/20136097904/2020	2020-03-25
England/201361021/2020	2020-03-25
England/201361022/2020	2020-03-25
England/201380042/2020	2020-03-25
England/201380049/2020	2020-03-25
England/201380063/2020	2020-03-25
England/201380064/2020	2020-03-25
England/20138012802/2020	2020-03-25
England/20138016104/2020	2020-03-25
England/20138020504/2020	2020-03-25
England/20138020604/2020	2020-03-25
England/20138020704/2020	2020-03-25
England/20138020804/2020	2020-03-25
England/201380228/2020	2020-03-25
England/201380229/2020	2020-03-25
England/20138024004/2020	2020-03-25
England/20138024104/2020	2020-03-25
England/20138024204/2020	2020-03-25
England/20138026704/2020	2020-03-25
England/201380282/2020	2020-03-25
England/20139006604/2020	2020-03-25
England/20139063604/2020	2020-03-25
England/20140048904/2020	2020-03-25
England/BIRM-5E8DE/2020	2020-03-25
England/BRIS-124788/2020	2020-03-25
England/BRIS-124797/2020	2020-03-25
England/BRIS-1247A6/2020	2020-03-25
England/BRIS-1247D3/2020	2020-03-25
England/BRIS-12480D/2020	2020-03-25
England/BRIS-12482B/2020	2020-03-25
England/BRIS-124876/2020	2020-03-25
England/BRIS-1248D0/2020	2020-03-25
England/BRIS-124991/2020	2020-03-25
England/BRIS-1249FB/2020	2020-03-25
England/BRIS-124A07/2020	2020-03-25
England/BRIS-124A25/2020	2020-03-25
England/BRIS-124A34/2020	2020-03-25
England/BRIS-124B6E/2020	2020-03-25
England/BRIS-124BB9/2020	2020-03-25
England/BRIS-124BF5/2020	2020-03-25
England/BRIS-12507D/2020	2020-03-25
England/BRIS-12508C/2020	2020-03-25
England/BRIS-125110/2020	2020-03-25
England/BRIS-125198/2020	2020-03-25
England/BRIS-1251A7/2020	2020-03-25
England/EXET-134F9C/2020	2020-03-25
England/EXET-134FAB/2020	2020-03-25
England/EXET-134FD8/2020	2020-03-25
England/EXET-135BD3/2020	2020-03-25
England/EXET-135DFB/2020	2020-03-25
England/EXET-135F31/2020	2020-03-25
England/EXET-1373D9/2020	2020-03-25
England/LIVE-9B107/2020	2020-03-25
England/LIVE-9BFC1/2020	2020-03-25
England/NORT-281F62/2020	2020-03-25
England/NORT-281F71/2020	2020-03-25
England/NORT-281FBD/2020	2020-03-25
England/NORT-281FEA/2020	2020-03-25
England/NORT-282004/2020	2020-03-25
England/NORT-282031/2020	2020-03-25
England/NORT-28207D/2020	2020-03-25
England/NORT-2820D7/2020	2020-03-25
England/NORT-2820F5/2020	2020-03-25
England/NORT-282101/2020	2020-03-25
England/NORT-282110/2020	2020-03-25
England/NORT-28215C/2020	2020-03-25
England/NORT-282329/2020	2020-03-25
England/NORT-284A13/2020	2020-03-25
England/NORT-284A22/2020	2020-03-25
England/NORT-284A5F/2020	2020-03-25
England/NORT-284A9B/2020	2020-03-25
England/NORT-284B4D/2020	2020-03-25
England/NORT-284B89/2020	2020-03-25
England/NORT-288EB9/2020	2020-03-25
England/NORT-288EE6/2020	2020-03-25
England/NORT-288F6B/2020	2020-03-25
England/NOTT-10E57B/2020	2020-03-25
England/NOTT-10E793/2020	2020-03-25
England/NOTT-10E7A2/2020	2020-03-25
England/NOTT-10E854/2020	2020-03-25
England/NOTT-10E8AF/2020	2020-03-25
England/NOTT-10E8DC/2020	2020-03-25
England/PHEC-1F4F3/2020	2020-03-25
England/PHEC-1F50F/2020	2020-03-25
England/PHEC-1F51E/2020	2020-03-25
England/PHEC-1F52D/2020	2020-03-25
England/PHEC-1F53C/2020	2020-03-25
England/PHEC-1F569/2020	2020-03-25
England/PHEC-1F62A/2020	2020-03-25
England/PHEC-1F639/2020	2020-03-25
England/PHEC-1F648/2020	2020-03-25
England/PHEC-1F666/2020	2020-03-25
England/PHEC-1F684/2020	2020-03-25
England/PORT-2D12D3/2020	2020-03-25
England/PORT-2D132B/2020	2020-03-25
England/PORT-2D1349/2020	2020-03-25
England/PORT-2D1358/2020	2020-03-25
England/PORT-2D1385/2020	2020-03-25
England/PORT-2D13B2/2020	2020-03-25
England/PORT-2D13FE/2020	2020-03-25
England/SHEF-BFE8E/2020	2020-03-25
England/SHEF-BFEAC/2020	2020-03-25
England/SHEF-BFEF7/2020	2020-03-25
England/SHEF-BFF12/2020	2020-03-25
England/SHEF-BFF21/2020	2020-03-25
England/SHEF-BFF30/2020	2020-03-25
England/SHEF-BFF8B/2020	2020-03-25
England/SHEF-BFFD6/2020	2020-03-25
England/SHEF-C0127/2020	2020-03-25
England/SHEF-C0154/2020	2020-03-25
England/SHEF-C0163/2020	2020-03-25
England/SHEF-C01BE/2020	2020-03-25
England/SHEF-C01DC/2020	2020-03-25
England/SHEF-C0585/2020	2020-03-25
England/SHEF-C05D0/2020	2020-03-25
England/SHEF-C0682/2020	2020-03-25
England/SHEF-C0691/2020	2020-03-25
England/SHEF-C0725/2020	2020-03-25
England/SHEF-C0813/2020	2020-03-25
England/SHEF-C177F/2020	2020-03-25
England/SHEF-C2213/2020	2020-03-25
England/SHEF-C394A/2020	2020-03-25
England/SHEF-C6C7B/2020	2020-03-25
England/SHEF-C84CC/2020	2020-03-25
England/SHEF-C9953/2020	2020-03-25
England/SHEF-CB0F2/2020	2020-03-25
England/SHEF-CB3AE/2020	2020-03-25
England/SHEF-CCFB8/2020	2020-03-25
England/SHEF-CD8AD/2020	2020-03-25
England/SHEF-CE903/2020	2020-03-25
England/SHEF-D1E3B/2020	2020-03-25
England/SHEF-D1E68/2020	2020-03-25
Northern_Ireland/NIRE-1022AD/2020	2020-03-25
Northern_Ireland/NIRE-1022BC/2020	2020-03-25
Northern_Ireland/NIRE-FAED2/2020	2020-03-25
Northern_Ireland/NIRE-FAEF0/2020	2020-03-25
Northern_Ireland/NIRE-FB17E/2020	2020-03-25
Northern_Ireland/NIRE-FB77C/2020	2020-03-25
Scotland/CVR1309/2020	2020-03-25
Scotland/CVR583/2020	2020-03-25
Scotland/CVR594/2020	2020-03-25
Scotland/CVR607/2020	2020-03-25
Scotland/CVR617/2020	2020-03-25
Scotland/CVR620/2020	2020-03-25
Scotland/CVR625/2020	2020-03-25
Scotland/CVR626/2020	2020-03-25
Scotland/CVR632/2020	2020-03-25
Scotland/CVR635/2020	2020-03-25
Scotland/CVR650/2020	2020-03-25
Scotland/CVR663/2020	2020-03-25
Scotland/CVR668/2020	2020-03-25
Scotland/CVR681/2020	2020-03-25
Scotland/CVR849/2020	2020-03-25
Scotland/EDB185/2020	2020-03-25
Scotland/EDB188/2020	2020-03-25
Scotland/EDB189/2020	2020-03-25
Scotland/GCVR-17000A/2020	2020-03-25
Scotland/GCVR-1706F9/2020	2020-03-25
Scotland/GCVR-170714/2020	2020-03-25
Scotland/GCVR-17085D/2020	2020-03-25
Scotland/GCVR-17086C/2020	2020-03-25
Scotland/GCVR-170899/2020	2020-03-25
Scotland/GCVR-1708B7/2020	2020-03-25
Scotland/GCVR-17095A/2020	2020-03-25
Scotland/GCVR-170978/2020	2020-03-25
Scotland/GCVR-170996/2020	2020-03-25
Scotland/GCVR-1709B4/2020	2020-03-25
Scotland/GCVR-1709C3/2020	2020-03-25
Scotland/GCVR-1709D2/2020	2020-03-25
Scotland/GCVR-170A2A/2020	2020-03-25
Scotland/GCVR-170A48/2020	2020-03-25
Scotland/GCVR-170B90/2020	2020-03-25
Scotland/GCVR-170BDC/2020	2020-03-25
Scotland/GCVR-170BEB/2020	2020-03-25
Scotland/GCVR-170C15/2020	2020-03-25
Scotland/GCVR-170C33/2020	2020-03-25
Scotland/GCVR-170C60/2020	2020-03-25
Scotland/GCVR-170CE8/2020	2020-03-25
Scotland/GCVR-170CF7/2020	2020-03-25
Scotland/GCVR-170D12/2020	2020-03-25
Scotland/GCVR-170D4F/2020	2020-03-25
Scotland/GCVR-171397/2020	2020-03-25
Wales/PHWC-15CDC1/2020	2020-03-25
Wales/PHWC-24DC3/2020	2020-03-25
Wales/PHWC-24EA2/2020	2020-03-25
Wales/PHWC-24EC0/2020	2020-03-25
Wales/PHWC-24F27/2020	2020-03-25
Wales/PHWC-24F45/2020	2020-03-25
Wales/PHWC-24F63/2020	2020-03-25
Wales/PHWC-24F72/2020	2020-03-25
Wales/PHWC-24F81/2020	2020-03-25
Wales/PHWC-25050/2020	2020-03-25
Wales/PHWC-2506F/2020	2020-03-25
Wales/PHWC-2507E/2020	2020-03-25
Wales/PHWC-250E7/2020	2020-03-25
Wales/PHWC-250F6/2020	2020-03-25
Wales/PHWC-25102/2020	2020-03-25
Wales/PHWC-25111/2020	2020-03-25
Wales/PHWC-25120/2020	2020-03-25
Wales/PHWC-2513F/2020	2020-03-25
Wales/PHWC-2514E/2020	2020-03-25
Wales/PHWC-2515D/2020	2020-03-25
Wales/PHWC-2516C/2020	2020-03-25
Wales/PHWC-2518A/2020	2020-03-25
Wales/PHWC-251B7/2020	2020-03-25
Wales/PHWC-251C6/2020	2020-03-25
Wales/PHWC-251D5/2020	2020-03-25
Wales/PHWC-251E4/2020	2020-03-25
Wales/PHWC-2522D/2020	2020-03-25
Wales/PHWC-2523C/2020	2020-03-25
Wales/PHWC-252D2/2020	2020-03-25
Wales/PHWC-2531B/2020	2020-03-25
Wales/PHWC-2532A/2020	2020-03-25
Wales/PHWC-25348/2020	2020-03-25
Wales/PHWC-25357/2020	2020-03-25
Wales/PHWC-25366/2020	2020-03-25
Wales/PHWC-25384/2020	2020-03-25
Wales/PHWC-25393/2020	2020-03-25
Wales/PHWC-253A2/2020	2020-03-25
Wales/PHWC-253C0/2020	2020-03-25
Wales/PHWC-253DF/2020	2020-03-25
Wales/PHWC-253FD/2020	2020-03-25
Wales/PHWC-25418/2020	2020-03-25
Wales/PHWC-25427/2020	2020-03-25
Wales/PHWC-25445/2020	2020-03-25
Wales/PHWC-25463/2020	2020-03-25
Wales/PHWC-25472/2020	2020-03-25
Wales/PHWC-25481/2020	2020-03-25
Wales/PHWC-25490/2020	2020-03-25
Wales/PHWC-254EB/2020	2020-03-25
Wales/PHWC-254FA/2020	2020-03-25
Wales/PHWC-25506/2020	2020-03-25
Wales/PHWC-25515/2020	2020-03-25
Wales/PHWC-25524/2020	2020-03-25
Wales/PHWC-25542/2020	2020-03-25
Wales/PHWC-25551/2020	2020-03-25
Wales/PHWC-25560/2020	2020-03-25
Wales/PHWC-2559D/2020	2020-03-25
Wales/PHWC-255AC/2020	2020-03-25
Wales/PHWC-255D9/2020	2020-03-25
Wales/PHWC-255E8/2020	2020-03-25
Wales/PHWC-25876/2020	2020-03-25
Wales/PHWC-27856/2020	2020-03-25
Wales/PHWC-27FCA/2020	2020-03-25
Wales/PHWC-2807B/2020	2020-03-25
Wales/PHWC-28284/2020	2020-03-25
England/201360055/2020	2020-03-26
England/20136008004/2020	2020-03-26
England/201360181/2020	2020-03-26
England/20136094704/2020	2020-03-26
England/201361009/2020	2020-03-26
England/201361013/2020	2020-03-26
England/201361040/2020	2020-03-26
England/201380024/2020	2020-03-26
England/201380025/2020	2020-03-26
England/201380035/2020	2020-03-26
England/201380036/2020	2020-03-26
England/201380041/2020	2020-03-26
England/201380044/2020	2020-03-26
England/20138008004/2020	2020-03-26
England/20138010804/2020	2020-03-26
England/20138012104/2020	2020-03-26
England/20138016404/2020	2020-03-26
England/20138016804/2020	2020-03-26
England/20138016904/2020	2020-03-26
England/20138017004/2020	2020-03-26
England/20138017304/2020	2020-03-26
England/20138018804/2020	2020-03-26
England/20138019104/2020	2020-03-26
England/20138019404/2020	2020-03-26
England/20138019504/2020	2020-03-26
England/20138019604/2020	2020-03-26
England/20138019704/2020	2020-03-26
England/20138024704/2020	2020-03-26
England/20138026104/2020	2020-03-26
England/20138026904/2020	2020-03-26
England/20138027404/2020	2020-03-26
England/20138063104/2020	2020-03-26
England/20138063204/2020	2020-03-26
England/20138063804/2020	2020-03-26
England/20138064204/2020	2020-03-26
England/20138078204/2020	2020-03-26
England/20138080104/2020	2020-03-26
England/20138082004/2020	2020-03-26
England/20138088204/2020	2020-03-26
England/20139000804/2020	2020-03-26
England/20139005304/2020	2020-03-26
England/20139007204/2020	2020-03-26
England/20139008204/2020	2020-03-26
England/20139008304/2020	2020-03-26
England/20139011304/2020	2020-03-26
England/20139013004/2020	2020-03-26
England/20139020506/2020	2020-03-26
England/20139021104/2020	2020-03-26
England/20139021304/2020	2020-03-26
England/20139025404/2020	2020-03-26
England/20139027004/2020	2020-03-26
England/20139027104/2020	2020-03-26
England/20139029104/2020	2020-03-26
England/20139029304/2020	2020-03-26
England/20139029404/2020	2020-03-26
England/20139030304/2020	2020-03-26
England/20139030404/2020	2020-03-26
England/20140002504/2020	2020-03-26
England/20140039004/2020	2020-03-26
England/20140042004/2020	2020-03-26
England/20144023804/2020	2020-03-26
England/20144024404/2020	2020-03-26
England/BRIS-124964/2020	2020-03-26
England/BRIS-124973/2020	2020-03-26
England/BRIS-1249DD/2020	2020-03-26
England/BRIS-124A8F/2020	2020-03-26
England/BRIS-124A9E/2020	2020-03-26
England/BRIS-124AAD/2020	2020-03-26
England/BRIS-124AF8/2020	2020-03-26
England/BRIS-124B04/2020	2020-03-26
England/BRIS-124B13/2020	2020-03-26
England/BRIS-124B22/2020	2020-03-26
England/BRIS-124BC8/2020	2020-03-26
England/BRIS-124BE6/2020	2020-03-26
England/BRIS-124C7A/2020	2020-03-26
England/BRIS-124CB6/2020	2020-03-26
England/BRIS-124CD4/2020	2020-03-26
England/BRIS-124CE3/2020	2020-03-26
England/BRIS-124CF2/2020	2020-03-26
England/BRIS-124D2C/2020	2020-03-26
England/BRIS-124D77/2020	2020-03-26
England/BRIS-124D86/2020	2020-03-26
England/BRIS-124E1A/2020	2020-03-26
England/BRIS-124E74/2020	2020-03-26
England/BRIS-124E92/2020	2020-03-26
England/BRIS-124F08/2020	2020-03-26
England/BRIS-124F17/2020	2020-03-26
England/BRIS-124F44/2020	2020-03-26
England/BRIS-124F62/2020	2020-03-26
England/BRIS-124F80/2020	2020-03-26
England/BRIS-124FEA/2020	2020-03-26
England/BRIS-125013/2020	2020-03-26
England/BRIS-125031/2020	2020-03-26
England/BRIS-125040/2020	2020-03-26
England/BRIS-12506E/2020	2020-03-26
England/BRIS-1250B9/2020	2020-03-26
England/BRIS-12515C/2020	2020-03-26
England/BRIS-125189/2020	2020-03-26
England/BRIS-12523B/2020	2020-03-26
England/BRIS-125C97/2020	2020-03-26
England/CAMB-784CB/2020	2020-03-26
England/CAMB-784E9/2020	2020-03-26
England/CAMB-79A22/2020	2020-03-26
England/CAMB-79A40/2020	2020-03-26
England/CAMB-79B01/2020	2020-03-26
England/LIVE-9B204/2020	2020-03-26
England/LIVE-9BEA6/2020	2020-03-26
England/LIVE-9BEE2/2020	2020-03-26
England/LIVE-9BF1C/2020	2020-03-26
England/NORT-28216B/2020	2020-03-26
England/NORT-28217A/2020	2020-03-26
England/NORT-282189/2020	2020-03-26
England/NORT-2821B6/2020	2020-03-26
England/NORT-282417/2020	2020-03-26
England/NORT-282550/2020	2020-03-26
England/NORT-282954/2020	2020-03-26
England/NORT-2829EB/2020	2020-03-26
England/NORT-284A31/2020	2020-03-26
England/NORT-284B98/2020	2020-03-26
England/NORT-284BC5/2020	2020-03-26
England/NORT-284C3B/2020	2020-03-26
England/NORT-284C77/2020	2020-03-26
England/NORT-284CB3/2020	2020-03-26
England/NORT-284CE0/2020	2020-03-26
England/NORT-284CFF/2020	2020-03-26
England/NORT-284E08/2020	2020-03-26
England/NORT-288F98/2020	2020-03-26
England/NORT-288FC5/2020	2020-03-26
England/NORT-288FD4/2020	2020-03-26
England/NORT-288FE3/2020	2020-03-26
England/NORT-28901C/2020	2020-03-26
England/NORT-28903A/2020	2020-03-26
England/NORT-289076/2020	2020-03-26
England/NORT-289094/2020	2020-03-26
England/NORT-2890D0/2020	2020-03-26
England/NORT-2890EF/2020	2020-03-26
England/PHEC-1F5A5/2020	2020-03-26
England/PHEC-1F5C3/2020	2020-03-26
England/PHEC-1F5E1/2020	2020-03-26
England/PHEC-1F5F0/2020	2020-03-26
England/PHEC-1F6DF/2020	2020-03-26
England/PORT-2D12E2/2020	2020-03-26
England/PORT-2D131C/2020	2020-03-26
England/PORT-2D1367/2020	2020-03-26
England/PORT-2D1394/2020	2020-03-26
England/SHEF-C0549/2020	2020-03-26
England/SHEF-C05B2/2020	2020-03-26
England/SHEF-C0734/2020	2020-03-26
England/SHEF-C0BB0/2020	2020-03-26
England/SHEF-C1E3E/2020	2020-03-26
England/SHEF-C2565/2020	2020-03-26
England/SHEF-C324F/2020	2020-03-26
England/SHEF-C6060/2020	2020-03-26
England/SHEF-C6E48/2020	2020-03-26
England/SHEF-C7C6B/2020	2020-03-26
England/SHEF-C905E/2020	2020-03-26
England/SHEF-C9249/2020	2020-03-26
England/SHEF-C9DC0/2020	2020-03-26
England/SHEF-CA49D/2020	2020-03-26
England/SHEF-CBB5B/2020	2020-03-26
England/SHEF-CC862/2020	2020-03-26
England/SHEF-CD03C/2020	2020-03-26
England/SHEF-CD54C/2020	2020-03-26
England/SHEF-CFAB4/2020	2020-03-26
England/SHEF-D0801/2020	2020-03-26
Northern_Ireland/NIRE-FA91D/2020	2020-03-26
Northern_Ireland/NIRE-FA93B/2020	2020-03-26
Northern_Ireland/NIRE-FA977/2020	2020-03-26
Northern_Ireland/NIRE-FA995/2020	2020-03-26
Northern_Ireland/NIRE-FAC6F/2020	2020-03-26
Northern_Ireland/NIRE-FAC8D/2020	2020-03-26
Northern_Ireland/NIRE-FADA8/2020	2020-03-26
Northern_Ireland/NIRE-FADD5/2020	2020-03-26
Northern_Ireland/NIRE-FADF3/2020	2020-03-26
Northern_Ireland/NIRE-FAE2D/2020	2020-03-26
Northern_Ireland/NIRE-FAE3C/2020	2020-03-26
Northern_Ireland/NIRE-FAE69/2020	2020-03-26
Northern_Ireland/NIRE-FAE96/2020	2020-03-26
Northern_Ireland/NIRE-FB651/2020	2020-03-26
Northern_Ireland/NIRE-FB69D/2020	2020-03-26
Northern_Ireland/NIRE-FB6BB/2020	2020-03-26
Northern_Ireland/NIRE-FB6D9/2020	2020-03-26
Scotland/CVR660/2020	2020-03-26
Scotland/CVR672/2020	2020-03-26
Scotland/CVR683/2020	2020-03-26
Scotland/CVR697/2020	2020-03-26
Scotland/CVR705/2020	2020-03-26
Scotland/CVR712/2020	2020-03-26
Scotland/CVR713/2020	2020-03-26
Scotland/CVR715/2020	2020-03-26
Scotland/CVR748/2020	2020-03-26
Scotland/CVR749/2020	2020-03-26
Scotland/CVR752/2020	2020-03-26
Scotland/CVR753/2020	2020-03-26
Scotland/CVR756/2020	2020-03-26
Scotland/CVR762/2020	2020-03-26
Scotland/CVR763/2020	2020-03-26
Scotland/CVR764/2020	2020-03-26
Scotland/CVR776/2020	2020-03-26
Scotland/CVR785/2020	2020-03-26
Scotland/CVR786/2020	2020-03-26
Scotland/CVR788/2020	2020-03-26
Scotland/CVR794/2020	2020-03-26
Scotland/CVR796/2020	2020-03-26
Scotland/CVR848/2020	2020-03-26
Scotland/EDB199/2020	2020-03-26
Scotland/EDB226/2020	2020-03-26
Scotland/EDB227/2020	2020-03-26
Scotland/EDB245/2020	2020-03-26
Scotland/EDB254/2020	2020-03-26
Scotland/EDB2694/2020	2020-03-26
Scotland/EDB2697/2020	2020-03-26
Scotland/EDB275/2020	2020-03-26
Scotland/GCVR-1706DB/2020	2020-03-26
Scotland/GCVR-170705/2020	2020-03-26
Scotland/GCVR-170732/2020	2020-03-26
Scotland/GCVR-170741/2020	2020-03-26
Scotland/GCVR-1707C9/2020	2020-03-26
Scotland/GCVR-170802/2020	2020-03-26
Scotland/GCVR-170811/2020	2020-03-26
Scotland/GCVR-1709F0/2020	2020-03-26
Scotland/GCVR-170A93/2020	2020-03-26
Scotland/GCVR-170AC0/2020	2020-03-26
Scotland/GCVR-170F76/2020	2020-03-26
Scotland/GCVR-170FB2/2020	2020-03-26
Scotland/GCVR-171212/2020	2020-03-26
Scotland/GCVR-171221/2020	2020-03-26
Scotland/GCVR-17125E/2020	2020-03-26
Scotland/GCVR-17128B/2020	2020-03-26
Scotland/GCVR-1712C7/2020	2020-03-26
Scotland/GCVR-1712D6/2020	2020-03-26
Scotland/GCVR-171300/2020	2020-03-26
Scotland/GCVR-17131F/2020	2020-03-26
Scotland/GCVR-17133D/2020	2020-03-26
Scotland/GCVR-17134C/2020	2020-03-26
Scotland/GCVR-17136A/2020	2020-03-26
Scotland/GCVR-171388/2020	2020-03-26
Scotland/GCVR-1713B5/2020	2020-03-26
Scotland/GCVR-17140D/2020	2020-03-26
Scotland/GCVR-171ADE/2020	2020-03-26
Wales/PHWC-15C2D1/2020	2020-03-26
Wales/PHWC-15C462/2020	2020-03-26
Wales/PHWC-15C6D5/2020	2020-03-26
Wales/PHWC-15C936/2020	2020-03-26
Wales/PHWC-15CB7C/2020	2020-03-26
Wales/PHWC-15D1C4/2020	2020-03-26
Wales/PHWC-277C2/2020	2020-03-26
Wales/PHWC-27865/2020	2020-03-26
Wales/PHWC-2812D/2020	2020-03-26
Wales/PHWC-2813C/2020	2020-03-26
Wales/PHWC-281F0/2020	2020-03-26
England/201380028/2020	2020-03-27
England/201380034/2020	2020-03-27
England/201380040/2020	2020-03-27
England/20138007104/2020	2020-03-27
England/20138018204/2020	2020-03-27
England/20138019804/2020	2020-03-27
England/20138082804/2020	2020-03-27
England/20138083604/2020	2020-03-27
England/20138083904/2020	2020-03-27
England/20139001604/2020	2020-03-27
England/20139002004/2020	2020-03-27
England/20139003004/2020	2020-03-27
England/20139003404/2020	2020-03-27
England/20139003904/2020	2020-03-27
England/20139004204/2020	2020-03-27
England/20139007504/2020	2020-03-27
England/20139007604/2020	2020-03-27
England/20139008404/2020	2020-03-27
England/20139008704/2020	2020-03-27
England/20139009004/2020	2020-03-27
England/20139009204/2020	2020-03-27
England/20139009504/2020	2020-03-27
England/20139010404/2020	2020-03-27
England/20139014404/2020	2020-03-27
England/20139014504/2020	2020-03-27
England/20139015604/2020	2020-03-27
England/20139015804/2020	2020-03-27
England/20139016104/2020	2020-03-27
England/20139017004/2020	2020-03-27
England/20139021604/2020	2020-03-27
England/20139022004/2020	2020-03-27
England/20139022504/2020	2020-03-27
England/20139023504/2020	2020-03-27
England/20139023604/2020	2020-03-27
England/20139023804/2020	2020-03-27
England/20139024304/2020	2020-03-27
England/20139024404/2020	2020-03-27
England/20139024604/2020	2020-03-27
England/20139024804/2020	2020-03-27
England/20139024904/2020	2020-03-27
England/20139027204/2020	2020-03-27
England/20139027704/2020	2020-03-27
England/20139030704/2020	2020-03-27
England/20139031404/2020	2020-03-27
England/20139031504/2020	2020-03-27
England/20139031804/2020	2020-03-27
England/20139032404/2020	2020-03-27
England/20139033004/2020	2020-03-27
England/20139033304/2020	2020-03-27
England/20139033404/2020	2020-03-27
England/20139035504/2020	2020-03-27
England/20139036104/2020	2020-03-27
England/20139036504/2020	2020-03-27
England/20139037504/2020	2020-03-27
England/20139039504/2020	2020-03-27
England/20139050802/2020	2020-03-27
England/20139050804/2020	2020-03-27
England/20139051302/2020	2020-03-27
England/20139051304/2020	2020-03-27
England/20139057204/2020	2020-03-27
England/20139058304/2020	2020-03-27
England/20139060804/2020	2020-03-27
England/20139061104/2020	2020-03-27
England/20139062104/2020	2020-03-27
England/20139062204/2020	2020-03-27
England/20139062504/2020	2020-03-27
England/20139062804/2020	2020-03-27
England/20140071604/2020	2020-03-27
England/20142060404/2020	2020-03-27
England/20142060904/2020	2020-03-27
England/20142061304/2020	2020-03-27
England/20142063404/2020	2020-03-27
England/20144021904/2020	2020-03-27
England/20144023304/2020	2020-03-27
England/20144023504/2020	2020-03-27
England/20144023904/2020	2020-03-27
England/20146064004/2020	2020-03-27
England/BRIS-124E56/2020	2020-03-27
England/BRIS-124FF9/2020	2020-03-27
England/BRIS-1250AA/2020	2020-03-27
England/BRIS-1250D7/2020	2020-03-27
England/BRIS-12514D/2020	2020-03-27
England/BRIS-1251D4/2020	2020-03-27
England/BRIS-1251E3/2020	2020-03-27
England/BRIS-12520E/2020	2020-03-27
England/BRIS-12522C/2020	2020-03-27
England/BRIS-125286/2020	2020-03-27
England/BRIS-1252E0/2020	2020-03-27
England/BRIS-125329/2020	2020-03-27
England/BRIS-125338/2020	2020-03-27
England/BRIS-125365/2020	2020-03-27
England/BRIS-125374/2020	2020-03-27
England/BRIS-1253FC/2020	2020-03-27
England/BRIS-125408/2020	2020-03-27
England/BRIS-125417/2020	2020-03-27
England/BRIS-125426/2020	2020-03-27
England/BRIS-125444/2020	2020-03-27
England/BRIS-1254AE/2020	2020-03-27
England/BRIS-1254CC/2020	2020-03-27
England/BRIS-125523/2020	2020-03-27
England/BRIS-125602/2020	2020-03-27
England/BRIS-12564E/2020	2020-03-27
England/BRIS-12565D/2020	2020-03-27
England/BRIS-12571E/2020	2020-03-27
England/BRIS-12574B/2020	2020-03-27
England/BRIS-125A33/2020	2020-03-27
England/BRIS-125A42/2020	2020-03-27
England/CAMB-72018/2020	2020-03-27
England/CAMB-7229A/2020	2020-03-27
England/CAMB-72300/2020	2020-03-27
England/CAMB-74517/2020	2020-03-27
England/CAMB-76287/2020	2020-03-27
England/CAMB-76964/2020	2020-03-27
England/CAMB-78504/2020	2020-03-27
England/CAMB-78522/2020	2020-03-27
England/CAMB-78540/2020	2020-03-27
England/CAMB-79AD7/2020	2020-03-27
England/CAMB-79AF5/2020	2020-03-27
England/EXET-135DDD/2020	2020-03-27
England/EXET-13737F/2020	2020-03-27
England/LIVE-9B019/2020	2020-03-27
England/LIVE-9B301/2020	2020-03-27
England/LIVE-9B398/2020	2020-03-27
England/LIVE-9BF58/2020	2020-03-27
England/LOND-D3516/2020	2020-03-27
England/LOND-D3525/2020	2020-03-27
England/LOND-D3534/2020	2020-03-27
England/LOND-D6BA8/2020	2020-03-27
England/LOND-D6BB7/2020	2020-03-27
England/LOND-D6BC6/2020	2020-03-27
England/NORT-2825E7/2020	2020-03-27
England/NORT-282602/2020	2020-03-27
England/NORT-282611/2020	2020-03-27
England/NORT-28264E/2020	2020-03-27
England/NORT-28265D/2020	2020-03-27
England/NORT-2826D5/2020	2020-03-27
England/NORT-282972/2020	2020-03-27
England/NORT-282A51/2020	2020-03-27
England/NORT-282A60/2020	2020-03-27
England/NORT-282C2E/2020	2020-03-27
England/NORT-284D92/2020	2020-03-27
England/NORT-284DB0/2020	2020-03-27
England/NORT-284DCF/2020	2020-03-27
England/NORT-284DDE/2020	2020-03-27
England/NORT-284E80/2020	2020-03-27
England/NORT-289137/2020	2020-03-27
England/NORT-289164/2020	2020-03-27
England/NORT-2891BF/2020	2020-03-27
England/NORT-2891CE/2020	2020-03-27
England/NORT-294A7A/2020	2020-03-27
England/NORT-294A89/2020	2020-03-27
England/NORT-294AA7/2020	2020-03-27
England/NORT-294AC5/2020	2020-03-27
England/NOTT-10EBB5/2020	2020-03-27
England/NOTT-10EBF1/2020	2020-03-27
England/NOTT-10EC2B/2020	2020-03-27
England/NOTT-10EC67/2020	2020-03-27
England/NOTT-10EC85/2020	2020-03-27
England/SHEF-C0260/2020	2020-03-27
England/SHEF-C029D/2020	2020-03-27
England/SHEF-C02D9/2020	2020-03-27
England/SHEF-C0321/2020	2020-03-27
England/SHEF-C043D/2020	2020-03-27
England/SHEF-C046A/2020	2020-03-27
England/SHEF-C0479/2020	2020-03-27
England/SHEF-C0497/2020	2020-03-27
England/SHEF-C07DA/2020	2020-03-27
England/SHEF-C07E9/2020	2020-03-27
England/SHEF-C56AB/2020	2020-03-27
England/SHEF-C8A06/2020	2020-03-27
England/SHEF-CBA6D/2020	2020-03-27
England/SHEF-CC8CC/2020	2020-03-27
England/SHEF-CD05A/2020	2020-03-27
England/SHEF-CFA4B/2020	2020-03-27
Northern_Ireland/NIRE-FA9D1/2020	2020-03-27
Northern_Ireland/NIRE-FAA38/2020	2020-03-27
Northern_Ireland/NIRE-FAACF/2020	2020-03-27
Northern_Ireland/NIRE-FAAED/2020	2020-03-27
Scotland/CVR1192/2020	2020-03-27
Scotland/CVR1311/2020	2020-03-27
Scotland/CVR780/2020	2020-03-27
Scotland/CVR800/2020	2020-03-27
Scotland/CVR801/2020	2020-03-27
Scotland/CVR802/2020	2020-03-27
Scotland/CVR807/2020	2020-03-27
Scotland/CVR809/2020	2020-03-27
Scotland/CVR811/2020	2020-03-27
Scotland/CVR819/2020	2020-03-27
Scotland/CVR826/2020	2020-03-27
Scotland/CVR828/2020	2020-03-27
Scotland/CVR833/2020	2020-03-27
Scotland/CVR839/2020	2020-03-27
Scotland/CVR851/2020	2020-03-27
Scotland/CVR852/2020	2020-03-27
Scotland/CVR853/2020	2020-03-27
Scotland/CVR864/2020	2020-03-27
Scotland/CVR867/2020	2020-03-27
Scotland/CVR871/2020	2020-03-27
Scotland/CVR878/2020	2020-03-27
Scotland/CVR896/2020	2020-03-27
Scotland/CVR901/2020	2020-03-27
Scotland/CVR902/2020	2020-03-27
Scotland/CVR903/2020	2020-03-27
Scotland/CVR914/2020	2020-03-27
Scotland/CVR986/2020	2020-03-27
Scotland/EDB252/2020	2020-03-27
Scotland/EDB2707/2020	2020-03-27
Scotland/EDB2710/2020	2020-03-27
Scotland/EDB2730/2020	2020-03-27
Scotland/EDB2731/2020	2020-03-27
Scotland/EDB2733/2020	2020-03-27
Scotland/EDB2734/2020	2020-03-27
Scotland/EDB306/2020	2020-03-27
Scotland/GCVR-170F67/2020	2020-03-27
Scotland/GCVR-170F85/2020	2020-03-27
Scotland/GCVR-170FD0/2020	2020-03-27
Scotland/GCVR-171009/2020	2020-03-27
Scotland/GCVR-171027/2020	2020-03-27
Scotland/GCVR-171036/2020	2020-03-27
Scotland/GCVR-171054/2020	2020-03-27
Scotland/GCVR-171063/2020	2020-03-27
Scotland/GCVR-171072/2020	2020-03-27
Scotland/GCVR-171090/2020	2020-03-27
Scotland/GCVR-1710BE/2020	2020-03-27
Scotland/GCVR-1710EB/2020	2020-03-27
Scotland/GCVR-171115/2020	2020-03-27
Scotland/GCVR-1711BB/2020	2020-03-27
Scotland/GCVR-1711F7/2020	2020-03-27
Scotland/GCVR-17126D/2020	2020-03-27
Scotland/GCVR-1712B8/2020	2020-03-27
Scotland/GCVR-17141C/2020	2020-03-27
Scotland/GCVR-171546/2020	2020-03-27
Scotland/GCVR-1716DA/2020	2020-03-27
Scotland/GCVR-17185C/2020	2020-03-27
Scotland/GCVR-1718A7/2020	2020-03-27
Scotland/GCVR-1718E3/2020	2020-03-27
Scotland/GCVR-17190E/2020	2020-03-27
Scotland/GCVR-17193B/2020	2020-03-27
Scotland/GCVR-171A0B/2020	2020-03-27
Scotland/GCVR-171A29/2020	2020-03-27
Scotland/GCVR-171A38/2020	2020-03-27
Scotland/GCVR-171A56/2020	2020-03-27
Scotland/GCVR-171A74/2020	2020-03-27
Scotland/GCVR-171A83/2020	2020-03-27
Wales/PHWC-15C2B3/2020	2020-03-27
Wales/PHWC-15C426/2020	2020-03-27
Wales/PHWC-15C6C6/2020	2020-03-27
Wales/PHWC-15C945/2020	2020-03-27
Wales/PHWC-15CF9E/2020	2020-03-27
Wales/PHWC-15D364/2020	2020-03-27
Wales/PHWC-268EE/2020	2020-03-27
Wales/PHWC-28196/2020	2020-03-27
Wales/PHWC-282EE/2020	2020-03-27
Wales/PHWC-283BE/2020	2020-03-27
Wales/PHWC-28406/2020	2020-03-27
Wales/PHWC-28415/2020	2020-03-27
Wales/PHWC-2BA2F/2020	2020-03-27
Wales/PHWC-2BA4D/2020	2020-03-27
England/20132106104/2020	2020-03-28
England/20139001804/2020	2020-03-28
England/20139028904/2020	2020-03-28
England/20139044304/2020	2020-03-28
England/20139044504/2020	2020-03-28
England/20139046504/2020	2020-03-28
England/20139046604/2020	2020-03-28
England/20139047404/2020	2020-03-28
England/20139047504/2020	2020-03-28
England/20139047604/2020	2020-03-28
England/20139048804/2020	2020-03-28
England/20139052704/2020	2020-03-28
England/20139052904/2020	2020-03-28
England/20139053304/2020	2020-03-28
England/20139053504/2020	2020-03-28
England/20139053804/2020	2020-03-28
England/20139057504/2020	2020-03-28
England/20139057704/2020	2020-03-28
England/20139059004/2020	2020-03-28
England/20139059504/2020	2020-03-28
England/20139059804/2020	2020-03-28
England/20139060004/2020	2020-03-28
England/20139060504/2020	2020-03-28
England/20139060704/2020	2020-03-28
England/20139063704/2020	2020-03-28
England/20139063804/2020	2020-03-28
England/20139064404/2020	2020-03-28
England/20139064704/2020	2020-03-28
England/20139066504/2020	2020-03-28
England/20139066604/2020	2020-03-28
England/20139067404/2020	2020-03-28
England/20139067504/2020	2020-03-28
England/20139068804/2020	2020-03-28
England/20140002304/2020	2020-03-28
England/20140002604/2020	2020-03-28
England/20140002804/2020	2020-03-28
England/20140002904/2020	2020-03-28
England/20140003204/2020	2020-03-28
England/20140004104/2020	2020-03-28
England/20140004904/2020	2020-03-28
England/20140005404/2020	2020-03-28
England/20140007202/2020	2020-03-28
England/20140007302/2020	2020-03-28
England/20140008904/2020	2020-03-28
England/20140009204/2020	2020-03-28
England/20140009304/2020	2020-03-28
England/20140063604/2020	2020-03-28
England/20140069004/2020	2020-03-28
England/20140072304/2020	2020-03-28
England/20142052804/2020	2020-03-28
England/20142053204/2020	2020-03-28
England/20142062604/2020	2020-03-28
England/20144021204/2020	2020-03-28
England/20144021504/2020	2020-03-28
England/20144021604/2020	2020-03-28
England/20144023004/2020	2020-03-28
England/20144023104/2020	2020-03-28
England/20144067704/2020	2020-03-28
England/20148035204/2020	2020-03-28
England/BRIS-12530B/2020	2020-03-28
England/BRIS-1253ED/2020	2020-03-28
England/BRIS-125541/2020	2020-03-28
England/BRIS-12558D/2020	2020-03-28
England/BRIS-12559C/2020	2020-03-28
England/BRIS-1255C9/2020	2020-03-28
England/BRIS-1255D8/2020	2020-03-28
England/BRIS-125611/2020	2020-03-28
England/BRIS-125620/2020	2020-03-28
England/BRIS-12563F/2020	2020-03-28
England/BRIS-12566C/2020	2020-03-28
England/BRIS-12567B/2020	2020-03-28
England/BRIS-1256C6/2020	2020-03-28
England/BRIS-125769/2020	2020-03-28
England/BRIS-12996F/2020	2020-03-28
England/CAMB-71EA6/2020	2020-03-28
England/CAMB-71EC4/2020	2020-03-28
England/CAMB-71F85/2020	2020-03-28
England/CAMB-71FB2/2020	2020-03-28
England/CAMB-72009/2020	2020-03-28
England/CAMB-72045/2020	2020-03-28
England/CAMB-72063/2020	2020-03-28
England/CAMB-72072/2020	2020-03-28
England/CAMB-72090/2020	2020-03-28
England/CAMB-720AF/2020	2020-03-28
England/CAMB-720BE/2020	2020-03-28
England/CAMB-720FA/2020	2020-03-28
England/CAMB-72106/2020	2020-03-28
England/CAMB-72115/2020	2020-03-28
England/CAMB-72133/2020	2020-03-28
England/CAMB-72142/2020	2020-03-28
England/CAMB-72151/2020	2020-03-28
England/CAMB-72160/2020	2020-03-28
England/CAMB-7219D/2020	2020-03-28
England/CAMB-721AC/2020	2020-03-28
England/CAMB-7224F/2020	2020-03-28
England/CAMB-7225E/2020	2020-03-28
England/CAMB-7226D/2020	2020-03-28
England/CAMB-722A9/2020	2020-03-28
England/CAMB-722D6/2020	2020-03-28
England/CAMB-722E5/2020	2020-03-28
England/CAMB-722F4/2020	2020-03-28
England/CAMB-74508/2020	2020-03-28
England/CAMB-74562/2020	2020-03-28
England/CAMB-74580/2020	2020-03-28
England/CAMB-748F0/2020	2020-03-28
England/CAMB-7492A/2020	2020-03-28
England/CAMB-75A17/2020	2020-03-28
England/CAMB-75A53/2020	2020-03-28
England/CAMB-75A9F/2020	2020-03-28
England/CAMB-75B50/2020	2020-03-28
England/CAMB-75B8D/2020	2020-03-28
England/CAMB-75BAB/2020	2020-03-28
England/CAMB-75C4E/2020	2020-03-28
England/CAMB-75C6C/2020	2020-03-28
England/CAMB-75CC6/2020	2020-03-28
England/CAMB-75E1B/2020	2020-03-28
England/CAMB-75E66/2020	2020-03-28
England/CAMB-75FDC/2020	2020-03-28
England/CAMB-75FEB/2020	2020-03-28
England/CAMB-76005/2020	2020-03-28
England/EXET-135C0D/2020	2020-03-28
England/EXET-135F8C/2020	2020-03-28
England/EXET-137351/2020	2020-03-28
England/EXET-137360/2020	2020-03-28
England/LIVE-9A672/2020	2020-03-28
England/LIVE-9B055/2020	2020-03-28
England/NORT-2826F3/2020	2020-03-28
England/NORT-28273C/2020	2020-03-28
England/NORT-28275A/2020	2020-03-28
England/NORT-282796/2020	2020-03-28
England/NORT-2827D2/2020	2020-03-28
England/NORT-282893/2020	2020-03-28
England/NORT-282AD9/2020	2020-03-28
England/NORT-282B21/2020	2020-03-28
England/NORT-282B4F/2020	2020-03-28
England/NORT-282B7C/2020	2020-03-28
England/NORT-282B8B/2020	2020-03-28
England/NORT-282B9A/2020	2020-03-28
England/NORT-282BC7/2020	2020-03-28
England/NORT-282BD6/2020	2020-03-28
England/NORT-282BF4/2020	2020-03-28
England/NORT-282C79/2020	2020-03-28
England/NORT-289191/2020	2020-03-28
England/NORT-289207/2020	2020-03-28
England/NORT-289216/2020	2020-03-28
England/NORT-289243/2020	2020-03-28
England/NORT-289252/2020	2020-03-28
England/NORT-28928F/2020	2020-03-28
England/NORT-2892AD/2020	2020-03-28
England/NORT-2892E9/2020	2020-03-28
England/NORT-2949AA/2020	2020-03-28
England/NORT-294B95/2020	2020-03-28
England/NORT-294C47/2020	2020-03-28
England/NORT-294C65/2020	2020-03-28
England/NORT-294C74/2020	2020-03-28
England/NORT-294DBD/2020	2020-03-28
England/NORT-294DCC/2020	2020-03-28
England/NORT-2953D8/2020	2020-03-28
England/NOTT-10E9F7/2020	2020-03-28
England/NOTT-10EC1C/2020	2020-03-28
England/NOTT-10EC94/2020	2020-03-28
England/NOTT-10ECC1/2020	2020-03-28
England/NOTT-10ED0A/2020	2020-03-28
England/NOTT-10ED37/2020	2020-03-28
England/NOTT-10ED46/2020	2020-03-28
England/NOTT-10ED55/2020	2020-03-28
England/NOTT-10ED64/2020	2020-03-28
England/NOTT-10EDFB/2020	2020-03-28
England/NOTT-10EE34/2020	2020-03-28
England/NOTT-10EE8F/2020	2020-03-28
England/NOTT-10EEBC/2020	2020-03-28
England/OXON-AD73D/2020	2020-03-28
England/OXON-B07EC/2020	2020-03-28
England/OXON-B0F6C/2020	2020-03-28
England/SHEF-C0206/2020	2020-03-28
England/SHEF-C0224/2020	2020-03-28
England/SHEF-C0233/2020	2020-03-28
England/SHEF-C039A/2020	2020-03-28
England/SHEF-C03D6/2020	2020-03-28
England/SHEF-C044C/2020	2020-03-28
England/SHEF-C16FA/2020	2020-03-28
England/SHEF-C1FB3/2020	2020-03-28
England/SHEF-C3494/2020	2020-03-28
England/SHEF-C47F4/2020	2020-03-28
England/SHEF-CC71A/2020	2020-03-28
England/SHEF-CD89E/2020	2020-03-28
England/SHEF-CF340/2020	2020-03-28
England/SHEF-D019D/2020	2020-03-28
Northern_Ireland/NIRE-105310/2020	2020-03-28
Northern_Ireland/NIRE-FB633/2020	2020-03-28
Northern_Ireland/NIRE-FB660/2020	2020-03-28
Northern_Ireland/NIRE-FB6CA/2020	2020-03-28
Northern_Ireland/NIRE-FB6E8/2020	2020-03-28
Northern_Ireland/NIRE-FB74F/2020	2020-03-28
Northern_Ireland/NIRE-FB78B/2020	2020-03-28
Scotland/CVR1045/2020	2020-03-28
Scotland/CVR1051/2020	2020-03-28
Scotland/CVR1053/2020	2020-03-28
Scotland/CVR1056/2020	2020-03-28
Scotland/CVR883/2020	2020-03-28
Scotland/CVR886/2020	2020-03-28
Scotland/CVR898/2020	2020-03-28
Scotland/CVR900/2020	2020-03-28
Scotland/CVR919/2020	2020-03-28
Scotland/CVR956/2020	2020-03-28
Scotland/CVR962/2020	2020-03-28
Scotland/CVR964/2020	2020-03-28
Scotland/CVR965/2020	2020-03-28
Scotland/CVR969/2020	2020-03-28
Scotland/CVR974/2020	2020-03-28
Scotland/CVR978/2020	2020-03-28
Scotland/CVR991/2020	2020-03-28
Scotland/CVR992/2020	2020-03-28
Scotland/CVR997/2020	2020-03-28
Scotland/CVR999/2020	2020-03-28
Scotland/EDB2740/2020	2020-03-28
Scotland/EDB314/2020	2020-03-28
Scotland/EDB318/2020	2020-03-28
Scotland/EDB325/2020	2020-03-28
Scotland/EDB336/2020	2020-03-28
Scotland/GCVR-170E97/2020	2020-03-28
Scotland/GCVR-170EB5/2020	2020-03-28
Scotland/GCVR-170EC4/2020	2020-03-28
Scotland/GCVR-170EE2/2020	2020-03-28
Scotland/GCVR-170F0D/2020	2020-03-28
Scotland/GCVR-170F3A/2020	2020-03-28
Scotland/GCVR-170F49/2020	2020-03-28
Scotland/GCVR-17142B/2020	2020-03-28
Scotland/GCVR-17143A/2020	2020-03-28
Scotland/GCVR-171467/2020	2020-03-28
Scotland/GCVR-1714C1/2020	2020-03-28
Scotland/GCVR-1714EF/2020	2020-03-28
Scotland/GCVR-171519/2020	2020-03-28
Scotland/GCVR-1716E9/2020	2020-03-28
Scotland/GCVR-171713/2020	2020-03-28
Scotland/GCVR-171731/2020	2020-03-28
Scotland/GCVR-171740/2020	2020-03-28
Scotland/GCVR-17176E/2020	2020-03-28
Scotland/GCVR-17179B/2020	2020-03-28
Scotland/GCVR-1717C8/2020	2020-03-28
Scotland/GCVR-1717D7/2020	2020-03-28
Scotland/GCVR-1717F5/2020	2020-03-28
Scotland/GCVR-171810/2020	2020-03-28
Scotland/GCVR-17182F/2020	2020-03-28
Scotland/GCVR-171898/2020	2020-03-28
Scotland/GCVR-1718C5/2020	2020-03-28
Scotland/GCVR-1718D4/2020	2020-03-28
Scotland/GCVR-17191D/2020	2020-03-28
Scotland/GCVR-171A1A/2020	2020-03-28
Scotland/GCVR-172457/2020	2020-03-28
Wales/PHWC-15CD3A/2020	2020-03-28
Wales/PHWC-15D030/2020	2020-03-28
Wales/PHWC-283EB/2020	2020-03-28
Wales/PHWC-285B8/2020	2020-03-28
Wales/PHWC-2B9D7/2020	2020-03-28
Wales/PHWC-2B9F5/2020	2020-03-28
Wales/PHWC-2BA5C/2020	2020-03-28
Wales/PHWC-2BA7A/2020	2020-03-28
Wales/PHWC-2BA98/2020	2020-03-28
Wales/PHWC-2BAA7/2020	2020-03-28
Wales/PHWC-2BAC5/2020	2020-03-28
Wales/PHWC-2BAE3/2020	2020-03-28
England/20139044104/2020	2020-03-29
England/20139044404/2020	2020-03-29
England/20139045504/2020	2020-03-29
England/20139047104/2020	2020-03-29
England/20139047704/2020	2020-03-29
England/20139065604/2020	2020-03-29
England/20139068504/2020	2020-03-29
England/20139069104/2020	2020-03-29
England/20139069404/2020	2020-03-29
England/20139069704/2020	2020-03-29
England/20139069804/2020	2020-03-29
England/20139070204/2020	2020-03-29
England/20139070704/2020	2020-03-29
England/20139071104/2020	2020-03-29
England/20139072204/2020	2020-03-29
England/20140000104/2020	2020-03-29
England/20140000404/2020	2020-03-29
England/20140000904/2020	2020-03-29
England/20140001504/2020	2020-03-29
England/20140002204/2020	2020-03-29
England/20140005304/2020	2020-03-29
England/20140006304/2020	2020-03-29
England/20140007502/2020	2020-03-29
England/20140008102/2020	2020-03-29
England/20140063504/2020	2020-03-29
England/20140063804/2020	2020-03-29
England/20140065104/2020	2020-03-29
England/20140066204/2020	2020-03-29
England/20140071404/2020	2020-03-29
England/20140073104/2020	2020-03-29
England/20142010304/2020	2020-03-29
England/20142014604/2020	2020-03-29
England/20142015104/2020	2020-03-29
England/20142016204/2020	2020-03-29
England/20142021604/2020	2020-03-29
England/20142022104/2020	2020-03-29
England/20142022204/2020	2020-03-29
England/20142024504/2020	2020-03-29
England/20142025504/2020	2020-03-29
England/20142026304/2020	2020-03-29
England/20142026804/2020	2020-03-29
England/20144021404/2020	2020-03-29
England/20144021704/2020	2020-03-29
England/20144022204/2020	2020-03-29
England/BRIS-1257C3/2020	2020-03-29
England/BRIS-1257F0/2020	2020-03-29
England/BRIS-12580C/2020	2020-03-29
England/BRIS-125857/2020	2020-03-29
England/BRIS-125884/2020	2020-03-29
England/BRIS-1258DF/2020	2020-03-29
England/BRIS-1258EE/2020	2020-03-29
England/BRIS-125945/2020	2020-03-29
England/BRIS-125972/2020	2020-03-29
England/BRIS-1259EB/2020	2020-03-29
England/BRIS-1259FA/2020	2020-03-29
England/BRIS-125A7F/2020	2020-03-29
England/BRIS-125A8E/2020	2020-03-29
England/BRIS-125BC7/2020	2020-03-29
England/BRIS-125BD6/2020	2020-03-29
England/BRIS-125BE5/2020	2020-03-29
England/BRIS-125C00/2020	2020-03-29
England/BRIS-125C88/2020	2020-03-29
England/CAMB-71E79/2020	2020-03-29
England/CAMB-71EE2/2020	2020-03-29
England/CAMB-71EF1/2020	2020-03-29
England/CAMB-71F1C/2020	2020-03-29
England/CAMB-71FA3/2020	2020-03-29
England/CAMB-7377C/2020	2020-03-29
England/CAMB-738E2/2020	2020-03-29
England/CAMB-7468D/2020	2020-03-29
England/CAMB-746D8/2020	2020-03-29
England/CAMB-74702/2020	2020-03-29
England/CAMB-74711/2020	2020-03-29
England/CAMB-74720/2020	2020-03-29
England/CAMB-7475D/2020	2020-03-29
England/CAMB-748D2/2020	2020-03-29
England/CAMB-75A26/2020	2020-03-29
England/CAMB-75A44/2020	2020-03-29
England/CAMB-75A80/2020	2020-03-29
England/CAMB-75ADB/2020	2020-03-29
England/CAMB-75AF9/2020	2020-03-29
England/CAMB-75B14/2020	2020-03-29
England/CAMB-75B23/2020	2020-03-29
England/CAMB-75B41/2020	2020-03-29
England/CAMB-75B6F/2020	2020-03-29
England/CAMB-75BBA/2020	2020-03-29
England/CAMB-75BD8/2020	2020-03-29
England/CAMB-75C11/2020	2020-03-29
England/CAMB-75CE4/2020	2020-03-29
England/CAMB-75D1E/2020	2020-03-29
England/CAMB-75D2D/2020	2020-03-29
England/CAMB-75D4B/2020	2020-03-29
England/CAMB-75D69/2020	2020-03-29
England/CAMB-75D87/2020	2020-03-29
England/CAMB-75D96/2020	2020-03-29
England/CAMB-75DA5/2020	2020-03-29
England/CAMB-75DB4/2020	2020-03-29
England/CAMB-75DC3/2020	2020-03-29
England/CAMB-75DF0/2020	2020-03-29
England/CAMB-75E0C/2020	2020-03-29
England/CAMB-75E2A/2020	2020-03-29
England/CAMB-75E39/2020	2020-03-29
England/CAMB-75E75/2020	2020-03-29
England/CAMB-75E93/2020	2020-03-29
England/CAMB-75EB1/2020	2020-03-29
England/CAMB-75F27/2020	2020-03-29
England/CAMB-75F36/2020	2020-03-29
England/CAMB-75F63/2020	2020-03-29
England/CAMB-75F81/2020	2020-03-29
England/CAMB-761C6/2020	2020-03-29
England/CAMB-763FD/2020	2020-03-29
England/CAMB-76418/2020	2020-03-29
England/CAMB-76436/2020	2020-03-29
England/CAMB-764CD/2020	2020-03-29
England/CAMB-764FA/2020	2020-03-29
England/CAMB-76506/2020	2020-03-29
England/CAMB-76515/2020	2020-03-29
England/CAMB-76524/2020	2020-03-29
England/CAMB-76551/2020	2020-03-29
England/CAMB-7657F/2020	2020-03-29
England/CAMB-765CA/2020	2020-03-29
England/CAMB-76630/2020	2020-03-29
England/CAMB-7664F/2020	2020-03-29
England/CAMB-7665E/2020	2020-03-29
England/CAMB-7666D/2020	2020-03-29
England/CAMB-766A9/2020	2020-03-29
England/CAMB-767F1/2020	2020-03-29
England/CAMB-76876/2020	2020-03-29
England/CAMB-76894/2020	2020-03-29
England/CAMB-768B2/2020	2020-03-29
England/CAMB-768EF/2020	2020-03-29
England/CAMB-768FE/2020	2020-03-29
England/CAMB-76928/2020	2020-03-29
England/CAMB-76A8F/2020	2020-03-29
England/CAMB-76AAD/2020	2020-03-29
England/CAMB-76B22/2020	2020-03-29
England/CAMB-76BC8/2020	2020-03-29
England/CAMB-76C01/2020	2020-03-29
England/CAMB-76C4D/2020	2020-03-29
England/EXET-135DCE/2020	2020-03-29
England/EXET-137306/2020	2020-03-29
England/LIVE-9A86D/2020	2020-03-29
England/LIVE-9A8A9/2020	2020-03-29
England/NORT-282C88/2020	2020-03-29
England/NORT-282C97/2020	2020-03-29
England/NORT-282CA6/2020	2020-03-29
England/NORT-282CB5/2020	2020-03-29
England/NORT-282CD3/2020	2020-03-29
England/NORT-282DEF/2020	2020-03-29
England/NORT-282DFE/2020	2020-03-29
England/NORT-282E0A/2020	2020-03-29
England/NORT-282E55/2020	2020-03-29
England/NORT-282EDD/2020	2020-03-29
England/NORT-282FE9/2020	2020-03-29
England/NORT-283258/2020	2020-03-29
England/NORT-2833BF/2020	2020-03-29
England/NORT-2834DA/2020	2020-03-29
England/NORT-2892F8/2020	2020-03-29
England/NORT-289313/2020	2020-03-29
England/NORT-28936E/2020	2020-03-29
England/NORT-28937D/2020	2020-03-29
England/NORT-28938C/2020	2020-03-29
England/NORT-2893AA/2020	2020-03-29
England/NORT-2893C8/2020	2020-03-29
England/NORT-28942F/2020	2020-03-29
England/NORT-28943E/2020	2020-03-29
England/NORT-28944D/2020	2020-03-29
England/NORT-28945C/2020	2020-03-29
England/NORT-28946B/2020	2020-03-29
England/NORT-289498/2020	2020-03-29
England/NORT-2894A7/2020	2020-03-29
England/NORT-2894B6/2020	2020-03-29
England/NORT-294BE0/2020	2020-03-29
England/NORT-294BFF/2020	2020-03-29
England/NORT-294DEA/2020	2020-03-29
England/NORT-294DF9/2020	2020-03-29
England/NORT-294E05/2020	2020-03-29
England/NORT-294E14/2020	2020-03-29
England/NORT-294E41/2020	2020-03-29
England/NORT-294F8A/2020	2020-03-29
England/NORT-294F99/2020	2020-03-29
England/NORT-294FA8/2020	2020-03-29
England/NORT-29500E/2020	2020-03-29
England/NORT-29502C/2020	2020-03-29
England/NORT-29503B/2020	2020-03-29
England/NORT-29504A/2020	2020-03-29
England/NORT-295068/2020	2020-03-29
England/NORT-295095/2020	2020-03-29
England/NOTT-10E8EB/2020	2020-03-29
England/NOTT-10E9AC/2020	2020-03-29
England/NOTT-10E9E8/2020	2020-03-29
England/NOTT-10EA21/2020	2020-03-29
England/NOTT-10EA4F/2020	2020-03-29
England/NOTT-10EA5E/2020	2020-03-29
England/NOTT-10EA8B/2020	2020-03-29
England/NOTT-10EA9A/2020	2020-03-29
England/NOTT-10EE07/2020	2020-03-29
England/NOTT-10EE70/2020	2020-03-29
England/OXON-AD6F4/2020	2020-03-29
England/OXON-AE259/2020	2020-03-29
England/PHEC-1F772/2020	2020-03-29
England/PHEC-1F790/2020	2020-03-29
England/PHEC-1F842/2020	2020-03-29
England/PHEC-1F9B8/2020	2020-03-29
England/PHEC-1F9C7/2020	2020-03-29
England/SHEF-C0215/2020	2020-03-29
England/SHEF-C027F/2020	2020-03-29
England/SHEF-C02E8/2020	2020-03-29
England/SHEF-C02F7/2020	2020-03-29
England/SHEF-C0330/2020	2020-03-29
England/SHEF-C03E5/2020	2020-03-29
England/SHEF-C045B/2020	2020-03-29
England/SHEF-C04D3/2020	2020-03-29
England/SHEF-C426C/2020	2020-03-29
England/SHEF-C7296/2020	2020-03-29
England/SHEF-C8884/2020	2020-03-29
England/SHEF-CA020/2020	2020-03-29
England/SHEF-CAF7E/2020	2020-03-29
England/SHEF-CD39D/2020	2020-03-29
England/SHEF-CD737/2020	2020-03-29
Northern_Ireland/NIRE-1053C5/2020	2020-03-29
Northern_Ireland/NIRE-10541D/2020	2020-03-29
Northern_Ireland/NIRE-10544A/2020	2020-03-29
Northern_Ireland/NIRE-105459/2020	2020-03-29
Northern_Ireland/NIRE-1054C2/2020	2020-03-29
Northern_Ireland/NIRE-FB615/2020	2020-03-29
Scotland/CVR1005/2020	2020-03-29
Scotland/CVR1014/2020	2020-03-29
Scotland/CVR1035/2020	2020-03-29
Scotland/CVR1043/2020	2020-03-29
Scotland/CVR1052/2020	2020-03-29
Scotland/CVR1062/2020	2020-03-29
Scotland/CVR1067/2020	2020-03-29
Scotland/CVR1068/2020	2020-03-29
Scotland/CVR1069/2020	2020-03-29
Scotland/CVR1076/2020	2020-03-29
Scotland/CVR1079/2020	2020-03-29
Scotland/CVR1081/2020	2020-03-29
Scotland/CVR1093/2020	2020-03-29
Scotland/CVR1113/2020	2020-03-29
Scotland/CVR1115/2020	2020-03-29
Scotland/CVR1133/2020	2020-03-29
Scotland/CVR1133b/2020	2020-03-29
Scotland/CVR1140/2020	2020-03-29
Scotland/CVR1142/2020	2020-03-29
Scotland/CVR1159/2020	2020-03-29
Scotland/CVR987/2020	2020-03-29
Scotland/CVR989/2020	2020-03-29
Scotland/EDB2767/2020	2020-03-29
Scotland/EDB2768/2020	2020-03-29
Scotland/EDB363/2020	2020-03-29
Scotland/EDB365/2020	2020-03-29
Scotland/GCVR-170ED3/2020	2020-03-29
Scotland/GCVR-170EF1/2020	2020-03-29
Scotland/GCVR-171476/2020	2020-03-29
Scotland/GCVR-1714B2/2020	2020-03-29
Scotland/GCVR-171555/2020	2020-03-29
Scotland/GCVR-171652/2020	2020-03-29
Scotland/GCVR-171801/2020	2020-03-29
Scotland/GCVR-17233C/2020	2020-03-29
Scotland/GCVR-1723D2/2020	2020-03-29
Scotland/GCVR-1723F0/2020	2020-03-29
Scotland/GCVR-172439/2020	2020-03-29
Wales/PHWC-15C3A1/2020	2020-03-29
Wales/PHWC-15C4AE/2020	2020-03-29
Wales/PHWC-15C70F/2020	2020-03-29
Wales/PHWC-15C848/2020	2020-03-29
Wales/PHWC-15CB03/2020	2020-03-29
Wales/PHWC-15CBF4/2020	2020-03-29
Wales/PHWC-15D4BC/2020	2020-03-29
Wales/PHWC-2849D/2020	2020-03-29
Wales/PHWC-285C7/2020	2020-03-29
Wales/PHWC-2BB2C/2020	2020-03-29
Wales/PHWC-2BB3B/2020	2020-03-29
Wales/PHWC-2BB4A/2020	2020-03-29
Wales/PHWC-2BB59/2020	2020-03-29
Wales/PHWC-2BB95/2020	2020-03-29
Wales/PHWC-2BBD1/2020	2020-03-29
Wales/PHWC-2BC0B/2020	2020-03-29
Wales/PHWC-2BC29/2020	2020-03-29
England/20140008604/2020	2020-03-30
England/20140009802/2020	2020-03-30
England/20140064404/2020	2020-03-30
England/20140064504/2020	2020-03-30
England/20140068404/2020	2020-03-30
England/20140068504/2020	2020-03-30
England/20140070004/2020	2020-03-30
England/20140070304/2020	2020-03-30
England/20142001904/2020	2020-03-30
England/20142002004/2020	2020-03-30
England/20142002704/2020	2020-03-30
England/20142016504/2020	2020-03-30
England/20142016604/2020	2020-03-30
England/20142016704/2020	2020-03-30
England/20142019704/2020	2020-03-30
England/20142024704/2020	2020-03-30
England/20142027104/2020	2020-03-30
England/20142027704/2020	2020-03-30
England/20142061804/2020	2020-03-30
England/20142078104/2020	2020-03-30
England/20142078304/2020	2020-03-30
England/20142079804/2020	2020-03-30
England/20142083604/2020	2020-03-30
England/20142084004/2020	2020-03-30
England/20142130404/2020	2020-03-30
England/20142130504/2020	2020-03-30
England/20142131004/2020	2020-03-30
England/20142131104/2020	2020-03-30
England/20144001404/2020	2020-03-30
England/20144006704/2020	2020-03-30
England/20144006904/2020	2020-03-30
England/20144011304/2020	2020-03-30
England/20144012404/2020	2020-03-30
England/20144018204/2020	2020-03-30
England/20144019304/2020	2020-03-30
England/20144022104/2020	2020-03-30
England/20144022304/2020	2020-03-30
England/20144022604/2020	2020-03-30
England/20144022704/2020	2020-03-30
England/20144022804/2020	2020-03-30
England/20146025204/2020	2020-03-30
England/20148006104/2020	2020-03-30
England/20148006704/2020	2020-03-30
England/20149009004/2020	2020-03-30
England/BRIS-121BCB/2020	2020-03-30
England/BRIS-125963/2020	2020-03-30
England/BRIS-125990/2020	2020-03-30
England/BRIS-125A51/2020	2020-03-30
England/BRIS-125B03/2020	2020-03-30
England/BRIS-125B12/2020	2020-03-30
England/BRIS-125B21/2020	2020-03-30
England/BRIS-125B30/2020	2020-03-30
England/BRIS-125B6D/2020	2020-03-30
England/BRIS-125B7C/2020	2020-03-30
England/BRIS-125B8B/2020	2020-03-30
England/BRIS-125C1F/2020	2020-03-30
England/BRIS-125CA6/2020	2020-03-30
England/BRIS-125CB5/2020	2020-03-30
England/BRIS-125D3A/2020	2020-03-30
England/BRIS-125D85/2020	2020-03-30
England/BRIS-125D94/2020	2020-03-30
England/BRIS-125E19/2020	2020-03-30
England/BRIS-125E28/2020	2020-03-30
England/BRIS-125E37/2020	2020-03-30
England/BRIS-125EBF/2020	2020-03-30
England/BRIS-125EEC/2020	2020-03-30
England/BRIS-125F61/2020	2020-03-30
England/BRIS-127688/2020	2020-03-30
England/BRIS-129668/2020	2020-03-30
England/BRIS-129677/2020	2020-03-30
England/BRIS-129817/2020	2020-03-30
England/CAMB-71B63/2020	2020-03-30
England/CAMB-71BEB/2020	2020-03-30
England/CAMB-71C8E/2020	2020-03-30
England/CAMB-71CE8/2020	2020-03-30
England/CAMB-71CF7/2020	2020-03-30
England/CAMB-71D12/2020	2020-03-30
England/CAMB-71D30/2020	2020-03-30
England/CAMB-71D4F/2020	2020-03-30
England/CAMB-71D6D/2020	2020-03-30
England/CAMB-71D9A/2020	2020-03-30
England/CAMB-71DE5/2020	2020-03-30
England/CAMB-71DF4/2020	2020-03-30
England/CAMB-737B8/2020	2020-03-30
England/CAMB-73888/2020	2020-03-30
England/CAMB-73A82/2020	2020-03-30
England/CAMB-73AFB/2020	2020-03-30
England/CAMB-74368/2020	2020-03-30
England/CAMB-75AEA/2020	2020-03-30
England/CAMB-75B7E/2020	2020-03-30
England/CAMB-75EFD/2020	2020-03-30
England/CAMB-76032/2020	2020-03-30
England/CAMB-76041/2020	2020-03-30
England/CAMB-76050/2020	2020-03-30
England/CAMB-7607E/2020	2020-03-30
England/CAMB-7608D/2020	2020-03-30
England/CAMB-760BA/2020	2020-03-30
England/CAMB-760D8/2020	2020-03-30
England/CAMB-760E7/2020	2020-03-30
England/CAMB-76111/2020	2020-03-30
England/CAMB-7615D/2020	2020-03-30
England/CAMB-7616C/2020	2020-03-30
England/CAMB-761A8/2020	2020-03-30
England/CAMB-7620F/2020	2020-03-30
England/CAMB-7622D/2020	2020-03-30
England/CAMB-7624B/2020	2020-03-30
England/CAMB-762E1/2020	2020-03-30
England/CAMB-76384/2020	2020-03-30
England/CAMB-76393/2020	2020-03-30
England/CAMB-763A2/2020	2020-03-30
England/CAMB-763C0/2020	2020-03-30
England/CAMB-763EE/2020	2020-03-30
England/CAMB-76454/2020	2020-03-30
England/CAMB-764DC/2020	2020-03-30
England/CAMB-764EB/2020	2020-03-30
England/CAMB-7658E/2020	2020-03-30
England/CAMB-766C7/2020	2020-03-30
England/CAMB-766D6/2020	2020-03-30
England/CAMB-766E5/2020	2020-03-30
England/CAMB-766F4/2020	2020-03-30
England/CAMB-7673D/2020	2020-03-30
England/CAMB-7676A/2020	2020-03-30
England/CAMB-76779/2020	2020-03-30
England/CAMB-767C4/2020	2020-03-30
England/CAMB-767D3/2020	2020-03-30
England/CAMB-7680D/2020	2020-03-30
England/CAMB-7683A/2020	2020-03-30
England/CAMB-76849/2020	2020-03-30
England/CAMB-76885/2020	2020-03-30
England/CAMB-768D0/2020	2020-03-30
England/CAMB-76919/2020	2020-03-30
England/CAMB-769FB/2020	2020-03-30
England/CAMB-76A34/2020	2020-03-30
England/CAMB-76A70/2020	2020-03-30
England/CAMB-76B04/2020	2020-03-30
England/CAMB-76B40/2020	2020-03-30
England/CAMB-76B7D/2020	2020-03-30
England/CAMB-76BB9/2020	2020-03-30
England/CAMB-76BF5/2020	2020-03-30
England/CAMB-76C5C/2020	2020-03-30
England/CAMB-76C6B/2020	2020-03-30
England/CAMB-76C89/2020	2020-03-30
England/CAMB-76CB6/2020	2020-03-30
England/CAMB-76CD4/2020	2020-03-30
England/CAMB-76D1D/2020	2020-03-30
England/CAMB-76D59/2020	2020-03-30
England/CAMB-76DD1/2020	2020-03-30
England/CAMB-76E1A/2020	2020-03-30
England/CAMB-77259/2020	2020-03-30
England/CAMB-77286/2020	2020-03-30
England/CAMB-7731A/2020	2020-03-30
England/CAMB-774DB/2020	2020-03-30
England/CAMB-776F3/2020	2020-03-30
England/CAMB-77778/2020	2020-03-30
England/CAMB-77796/2020	2020-03-30
England/EXET-137315/2020	2020-03-30
England/LIVE-9A706/2020	2020-03-30
England/LIVE-9A7E8/2020	2020-03-30
England/LIVE-9AC9E/2020	2020-03-30
England/LIVE-9C2F4/2020	2020-03-30
England/LOND-D6C3C/2020	2020-03-30
England/LOND-D6C69/2020	2020-03-30
England/NORT-282F43/2020	2020-03-30
England/NORT-2830F4/2020	2020-03-30
England/NORT-2831B5/2020	2020-03-30
England/NORT-2831C4/2020	2020-03-30
England/NORT-283267/2020	2020-03-30
England/NORT-2832C1/2020	2020-03-30
England/NORT-2832EF/2020	2020-03-30
England/NORT-283452/2020	2020-03-30
England/NORT-28348F/2020	2020-03-30
England/NORT-2894E3/2020	2020-03-30
England/NORT-289586/2020	2020-03-30
England/NORT-2895B3/2020	2020-03-30
England/NORT-2895D1/2020	2020-03-30
England/NORT-294F5D/2020	2020-03-30
England/NORT-295129/2020	2020-03-30
England/NORT-295147/2020	2020-03-30
England/NORT-295192/2020	2020-03-30
England/NORT-295208/2020	2020-03-30
England/NORT-295253/2020	2020-03-30
England/NORT-2952CC/2020	2020-03-30
England/NORT-2952EA/2020	2020-03-30
England/NORT-295341/2020	2020-03-30
England/NORT-2957BE/2020	2020-03-30
England/NOTT-10EAC7/2020	2020-03-30
England/NOTT-10EAD6/2020	2020-03-30
England/NOTT-10EAE5/2020	2020-03-30
England/NOTT-10EB1F/2020	2020-03-30
England/NOTT-10EB2E/2020	2020-03-30
England/NOTT-10EF13/2020	2020-03-30
England/NOTT-10EF22/2020	2020-03-30
England/NOTT-10EF31/2020	2020-03-30
England/NOTT-10EF5F/2020	2020-03-30
England/NOTT-10EF6E/2020	2020-03-30
England/NOTT-10EF7D/2020	2020-03-30
England/NOTT-10EFB9/2020	2020-03-30
England/NOTT-10EFC8/2020	2020-03-30
England/NOTT-10EFD7/2020	2020-03-30
England/NOTT-10EFF5/2020	2020-03-30
England/NOTT-10F000/2020	2020-03-30
England/NOTT-10F02E/2020	2020-03-30
England/NOTT-10F06A/2020	2020-03-30
England/OXON-AE9CD/2020	2020-03-30
England/OXON-AEA06/2020	2020-03-30
England/OXON-B0F20/2020	2020-03-30
England/OXON-B102C/2020	2020-03-30
England/OXON-B147B/2020	2020-03-30
England/PHEC-1D98D/2020	2020-03-30
England/PHEC-1D99C/2020	2020-03-30
England/PHEC-1D9BA/2020	2020-03-30
England/PHEC-1D9C9/2020	2020-03-30
England/PHEC-1D9E7/2020	2020-03-30
England/PHEC-1DC75/2020	2020-03-30
England/PHEC-1EF7B/2020	2020-03-30
England/PHEC-1F7AF/2020	2020-03-30
England/PHEC-1F7DC/2020	2020-03-30
England/PHEC-1F7EB/2020	2020-03-30
England/PHEC-1F806/2020	2020-03-30
England/PHEC-1F8D9/2020	2020-03-30
England/PHEC-1F8F7/2020	2020-03-30
England/PHEC-1F930/2020	2020-03-30
England/PHEC-1F9E5/2020	2020-03-30
England/PHEC-1FA00/2020	2020-03-30
England/PHEC-1FA1F/2020	2020-03-30
England/PHEC-1FA3D/2020	2020-03-30
England/PHEC-1FA4C/2020	2020-03-30
England/PHEC-1FA5B/2020	2020-03-30
England/PHEC-1FA6A/2020	2020-03-30
England/PHEC-210CD/2020	2020-03-30
England/PORT-2D0D88/2020	2020-03-30
England/PORT-2D0DE2/2020	2020-03-30
England/PORT-2D0E1C/2020	2020-03-30
England/PORT-2D0E2B/2020	2020-03-30
England/PORT-2D0E3A/2020	2020-03-30
England/PORT-2D0E49/2020	2020-03-30
England/PORT-2D0E76/2020	2020-03-30
England/SHEF-C093E/2020	2020-03-30
England/SHEF-C0E11/2020	2020-03-30
England/SHEF-C0FB4/2020	2020-03-30
England/SHEF-C2626/2020	2020-03-30
England/SHEF-C51E6/2020	2020-03-30
England/SHEF-C76E5/2020	2020-03-30
England/SHEF-CA1D2/2020	2020-03-30
England/SHEF-CA1F0/2020	2020-03-30
England/SHEF-CA697/2020	2020-03-30
England/SHEF-CAA9B/2020	2020-03-30
England/SHEF-CB98E/2020	2020-03-30
England/SHEF-CBCC1/2020	2020-03-30
England/SHEF-CCDCD/2020	2020-03-30
England/SHEF-CCDFA/2020	2020-03-30
England/SHEF-CD97D/2020	2020-03-30
England/SHEF-CDCB0/2020	2020-03-30
England/SHEF-CE138/2020	2020-03-30
England/SHEF-CF322/2020	2020-03-30
England/SHEF-CFE03/2020	2020-03-30
England/SHEF-CFEB8/2020	2020-03-30
England/SHEF-D0528/2020	2020-03-30
England/SHEF-D07AA/2020	2020-03-30
England/SHEF-D13D2/2020	2020-03-30
England/SHEF-D1ACE/2020	2020-03-30
Northern_Ireland/NIRE-FA77D/2020	2020-03-30
Northern_Ireland/NIRE-FA79B/2020	2020-03-30
Northern_Ireland/NIRE-FA7B9/2020	2020-03-30
Northern_Ireland/NIRE-FA83E/2020	2020-03-30
Scotland/CVR1030/2020	2020-03-30
Scotland/CVR1034/2020	2020-03-30
Scotland/CVR1042/2020	2020-03-30
Scotland/CVR1123/2020	2020-03-30
Scotland/CVR1128/2020	2020-03-30
Scotland/CVR1138/2020	2020-03-30
Scotland/CVR1155/2020	2020-03-30
Scotland/CVR1179/2020	2020-03-30
Scotland/CVR1197/2020	2020-03-30
Scotland/CVR1204/2020	2020-03-30
Scotland/CVR1217/2020	2020-03-30
Scotland/CVR1295/2020	2020-03-30
Scotland/CVR1305/2020	2020-03-30
Scotland/CVR1312/2020	2020-03-30
Scotland/EDB2773/2020	2020-03-30
Scotland/EDB2781/2020	2020-03-30
Scotland/EDB2785/2020	2020-03-30
Scotland/EDB2787/2020	2020-03-30
Scotland/EDB2792/2020	2020-03-30
Scotland/EDB2793/2020	2020-03-30
Scotland/EDB2795/2020	2020-03-30
Scotland/EDB2799/2020	2020-03-30
Scotland/EDB2801/2020	2020-03-30
Scotland/EDB2812/2020	2020-03-30
Scotland/EDB342/2020	2020-03-30
Scotland/EDB374/2020	2020-03-30
Scotland/EDB409/2020	2020-03-30
Scotland/EDB5097/2020	2020-03-30
Scotland/EDB5100/2020	2020-03-30
Scotland/EDB5104/2020	2020-03-30
Scotland/GCVR-171573/2020	2020-03-30
Scotland/GCVR-171591/2020	2020-03-30
Scotland/GCVR-1715FB/2020	2020-03-30
Scotland/GCVR-171616/2020	2020-03-30
Scotland/GCVR-171ED2/2020	2020-03-30
Scotland/GCVR-172035/2020	2020-03-30
Scotland/GCVR-172053/2020	2020-03-30
Scotland/GCVR-172080/2020	2020-03-30
Scotland/GCVR-1720AE/2020	2020-03-30
Scotland/GCVR-1720DB/2020	2020-03-30
Scotland/GCVR-1720EA/2020	2020-03-30
Scotland/GCVR-172150/2020	2020-03-30
Scotland/GCVR-17216F/2020	2020-03-30
Scotland/GCVR-17217E/2020	2020-03-30
Scotland/GCVR-17218D/2020	2020-03-30
Scotland/GCVR-17219C/2020	2020-03-30
Scotland/GCVR-1721AB/2020	2020-03-30
Scotland/GCVR-1721C9/2020	2020-03-30
Scotland/GCVR-1721D8/2020	2020-03-30
Scotland/GCVR-1721E7/2020	2020-03-30
Scotland/GCVR-1721F6/2020	2020-03-30
Scotland/GCVR-172202/2020	2020-03-30
Scotland/GCVR-17223F/2020	2020-03-30
Scotland/GCVR-17226C/2020	2020-03-30
Scotland/GCVR-17227B/2020	2020-03-30
Scotland/GCVR-17228A/2020	2020-03-30
Scotland/GCVR-172299/2020	2020-03-30
Scotland/GCVR-1722A8/2020	2020-03-30
Scotland/GCVR-1722C6/2020	2020-03-30
Scotland/GCVR-1722F3/2020	2020-03-30
Scotland/GCVR-17231E/2020	2020-03-30
Scotland/GCVR-17235A/2020	2020-03-30
Scotland/GCVR-172369/2020	2020-03-30
Scotland/GCVR-172378/2020	2020-03-30
Scotland/GCVR-172387/2020	2020-03-30
Scotland/GCVR-172396/2020	2020-03-30
Scotland/GCVR-1723A5/2020	2020-03-30
Scotland/GCVR-1723B4/2020	2020-03-30
Scotland/GCVR-17241B/2020	2020-03-30
Scotland/GCVR-172448/2020	2020-03-30
Scotland/GCVR-172475/2020	2020-03-30
Scotland/GCVR-172484/2020	2020-03-30
Scotland/GCVR-172493/2020	2020-03-30
Scotland/GCVR-1724A2/2020	2020-03-30
Scotland/GCVR-1724B1/2020	2020-03-30
Scotland/GCVR-1724C0/2020	2020-03-30
Scotland/GCVR-1724DF/2020	2020-03-30
Scotland/GCVR-1724EE/2020	2020-03-30
Scotland/GCVR-172509/2020	2020-03-30
Wales/PHWC-15C1B6/2020	2020-03-30
Wales/PHWC-15C435/2020	2020-03-30
Wales/PHWC-15D16A/2020	2020-03-30
Wales/PHWC-15D2EF/2020	2020-03-30
Wales/PHWC-27188/2020	2020-03-30
Wales/PHWC-271A6/2020	2020-03-30
Wales/PHWC-2720D/2020	2020-03-30
Wales/PHWC-2722B/2020	2020-03-30
Wales/PHWC-272B2/2020	2020-03-30
Wales/PHWC-272C1/2020	2020-03-30
Wales/PHWC-272D0/2020	2020-03-30
Wales/PHWC-272FE/2020	2020-03-30
Wales/PHWC-27355/2020	2020-03-30
Wales/PHWC-27407/2020	2020-03-30
Wales/PHWC-2764D/2020	2020-03-30
Wales/PHWC-2766B/2020	2020-03-30
Wales/PHWC-27A50/2020	2020-03-30
Wales/PHWC-27A6F/2020	2020-03-30
Wales/PHWC-27A7E/2020	2020-03-30
Wales/PHWC-27A8D/2020	2020-03-30
Wales/PHWC-27AD8/2020	2020-03-30
Wales/PHWC-27AE7/2020	2020-03-30
Wales/PHWC-27B11/2020	2020-03-30
Wales/PHWC-27B20/2020	2020-03-30
Wales/PHWC-27B3F/2020	2020-03-30
Wales/PHWC-284F7/2020	2020-03-30
Wales/PHWC-28512/2020	2020-03-30
Wales/PHWC-2854F/2020	2020-03-30
Wales/PHWC-2858B/2020	2020-03-30
Wales/PHWC-2861F/2020	2020-03-30
Wales/PHWC-28952/2020	2020-03-30
Wales/PHWC-2C2EA/2020	2020-03-30
England/20142012804/2020	2020-03-31
England/20142014504/2020	2020-03-31
England/20142015404/2020	2020-03-31
England/20142023704/2020	2020-03-31
England/20142131504/2020	2020-03-31
England/20144000104/2020	2020-03-31
England/20144000204/2020	2020-03-31
England/20144000304/2020	2020-03-31
England/20144003404/2020	2020-03-31
England/20144003704/2020	2020-03-31
England/20144003904/2020	2020-03-31
England/20144004304/2020	2020-03-31
England/20144004404/2020	2020-03-31
England/20144004504/2020	2020-03-31
England/20144004704/2020	2020-03-31
England/20144004804/2020	2020-03-31
England/20144004904/2020	2020-03-31
England/20144005404/2020	2020-03-31
England/20144005904/2020	2020-03-31
England/20144006404/2020	2020-03-31
England/20144008004/2020	2020-03-31
England/20144008904/2020	2020-03-31
England/20144009004/2020	2020-03-31
England/20144009104/2020	2020-03-31
England/20144013904/2020	2020-03-31
England/20144014004/2020	2020-03-31
England/20144014504/2020	2020-03-31
England/20144035104/2020	2020-03-31
England/20144035204/2020	2020-03-31
England/20144036504/2020	2020-03-31
England/20144036904/2020	2020-03-31
England/20144037104/2020	2020-03-31
England/20144038204/2020	2020-03-31
England/20144050404/2020	2020-03-31
England/20144051704/2020	2020-03-31
England/20144052004/2020	2020-03-31
England/20144061104/2020	2020-03-31
England/20144070104/2020	2020-03-31
England/20144071804/2020	2020-03-31
England/20144073804/2020	2020-03-31
England/20144074504/2020	2020-03-31
England/20144075604/2020	2020-03-31
England/20146007704/2020	2020-03-31
England/20146008504/2020	2020-03-31
England/20146013904/2020	2020-03-31
England/20146017204/2020	2020-03-31
England/20146021204/2020	2020-03-31
England/20146062804/2020	2020-03-31
England/20146064504/2020	2020-03-31
England/20148006304/2020	2020-03-31
England/20148006504/2020	2020-03-31
England/20148006804/2020	2020-03-31
England/20149005904/2020	2020-03-31
England/20149006904/2020	2020-03-31
England/BRIS-1219EF/2020	2020-03-31
England/BRIS-121D6B/2020	2020-03-31
England/BRIS-121E3B/2020	2020-03-31
England/BRIS-121F74/2020	2020-03-31
England/BRIS-125CD3/2020	2020-03-31
England/BRIS-125DFE/2020	2020-03-31
England/BRIS-125F52/2020	2020-03-31
England/BRIS-12764C/2020	2020-03-31
England/BRIS-129686/2020	2020-03-31
England/BRIS-129695/2020	2020-03-31
England/BRIS-1296A4/2020	2020-03-31
England/BRIS-1296B3/2020	2020-03-31
England/BRIS-1296D1/2020	2020-03-31
England/BRIS-12971A/2020	2020-03-31
England/BRIS-129729/2020	2020-03-31
England/BRIS-129774/2020	2020-03-31
England/BRIS-1297FC/2020	2020-03-31
England/BRIS-129835/2020	2020-03-31
England/BRIS-12989F/2020	2020-03-31
England/BRIS-1298CC/2020	2020-03-31
England/BRIS-1298DB/2020	2020-03-31
England/BRIS-1298EA/2020	2020-03-31
England/BRIS-129905/2020	2020-03-31
England/CAMB-71AA2/2020	2020-03-31
England/CAMB-71B81/2020	2020-03-31
England/CAMB-71C15/2020	2020-03-31
England/CAMB-71C24/2020	2020-03-31
England/CAMB-71C33/2020	2020-03-31
England/CAMB-71C7F/2020	2020-03-31
England/CAMB-71D8B/2020	2020-03-31
England/CAMB-737C7/2020	2020-03-31
England/CAMB-737F4/2020	2020-03-31
England/CAMB-739B2/2020	2020-03-31
England/CAMB-73A0A/2020	2020-03-31
England/CAMB-73A37/2020	2020-03-31
England/CAMB-73ABF/2020	2020-03-31
England/CAMB-73AEC/2020	2020-03-31
England/CAMB-7591A/2020	2020-03-31
England/CAMB-75929/2020	2020-03-31
England/CAMB-75938/2020	2020-03-31
England/CAMB-75974/2020	2020-03-31
England/CAMB-75992/2020	2020-03-31
England/CAMB-759A1/2020	2020-03-31
England/CAMB-7618A/2020	2020-03-31
England/CAMB-76B9B/2020	2020-03-31
England/CAMB-76BD7/2020	2020-03-31
England/CAMB-76CE3/2020	2020-03-31
England/CAMB-76D95/2020	2020-03-31
England/CAMB-76DA4/2020	2020-03-31
England/CAMB-76DC2/2020	2020-03-31
England/CAMB-76E47/2020	2020-03-31
England/CAMB-76ECF/2020	2020-03-31
England/CAMB-76EDE/2020	2020-03-31
England/CAMB-76F62/2020	2020-03-31
England/CAMB-76F71/2020	2020-03-31
England/CAMB-77004/2020	2020-03-31
England/CAMB-7705F/2020	2020-03-31
England/CAMB-770E6/2020	2020-03-31
England/CAMB-77277/2020	2020-03-31
England/CAMB-77295/2020	2020-03-31
England/CAMB-77329/2020	2020-03-31
England/CAMB-77347/2020	2020-03-31
England/CAMB-77365/2020	2020-03-31
England/CAMB-77392/2020	2020-03-31
England/CAMB-773DE/2020	2020-03-31
England/CAMB-773ED/2020	2020-03-31
England/CAMB-77471/2020	2020-03-31
England/CAMB-77480/2020	2020-03-31
England/CAMB-774CC/2020	2020-03-31
England/CAMB-774F9/2020	2020-03-31
England/CAMB-7758D/2020	2020-03-31
England/CAMB-7759C/2020	2020-03-31
England/CAMB-77602/2020	2020-03-31
England/CAMB-77611/2020	2020-03-31
England/CAMB-7764E/2020	2020-03-31
England/CAMB-7765D/2020	2020-03-31
England/CAMB-7767B/2020	2020-03-31
England/CAMB-77699/2020	2020-03-31
England/CAMB-776D5/2020	2020-03-31
England/CAMB-776E4/2020	2020-03-31
England/CAMB-777E1/2020	2020-03-31
England/CAMB-77866/2020	2020-03-31
England/CAMB-778DF/2020	2020-03-31
England/CAMB-77909/2020	2020-03-31
England/CAMB-77927/2020	2020-03-31
England/CAMB-779BE/2020	2020-03-31
England/CAMB-779CD/2020	2020-03-31
England/CAMB-77A8E/2020	2020-03-31
England/CAMB-77B12/2020	2020-03-31
England/CAMB-77C97/2020	2020-03-31
England/CAMB-77CF1/2020	2020-03-31
England/CAMB-77F70/2020	2020-03-31
England/CAMB-77F8F/2020	2020-03-31
England/EXET-135371/2020	2020-03-31
England/EXET-1356F0/2020	2020-03-31
England/EXET-135B88/2020	2020-03-31
England/EXET-137324/2020	2020-03-31
England/LIVE-9C081/2020	2020-03-31
England/LIVE-9C115/2020	2020-03-31
England/LIVE-9C124/2020	2020-03-31
England/LIVE-9C151/2020	2020-03-31
England/LIVE-9C69E/2020	2020-03-31
England/LOND-D3701/2020	2020-03-31
England/LOND-D372F/2020	2020-03-31
England/LOND-D3798/2020	2020-03-31
England/LOND-D37A7/2020	2020-03-31
England/LOND-D37D4/2020	2020-03-31
England/LOND-D37F2/2020	2020-03-31
England/LOND-D6CD2/2020	2020-03-31
England/NORT-2830B8/2020	2020-03-31
England/NORT-28314C/2020	2020-03-31
England/NORT-28315B/2020	2020-03-31
England/NORT-28356E/2020	2020-03-31
England/NORT-28357D/2020	2020-03-31
England/NORT-28358C/2020	2020-03-31
England/NORT-28364D/2020	2020-03-31
England/NORT-28365C/2020	2020-03-31
England/NORT-2836A7/2020	2020-03-31
England/NORT-2836C5/2020	2020-03-31
England/NORT-28370E/2020	2020-03-31
England/NORT-28373B/2020	2020-03-31
England/NORT-28374A/2020	2020-03-31
England/NORT-283759/2020	2020-03-31
England/NORT-283768/2020	2020-03-31
England/NORT-283892/2020	2020-03-31
England/NORT-289647/2020	2020-03-31
England/NORT-289674/2020	2020-03-31
England/NORT-289692/2020	2020-03-31
England/NORT-2896A1/2020	2020-03-31
England/NORT-2896B0/2020	2020-03-31
England/NORT-2896CF/2020	2020-03-31
England/NORT-289726/2020	2020-03-31
England/NORT-289735/2020	2020-03-31
England/NORT-289780/2020	2020-03-31
England/NORT-295156/2020	2020-03-31
England/NORT-29529F/2020	2020-03-31
England/NORT-29548A/2020	2020-03-31
England/NORT-295499/2020	2020-03-31
England/NORT-2954B7/2020	2020-03-31
England/NORT-2954C6/2020	2020-03-31
England/NORT-29550F/2020	2020-03-31
England/NORT-29555A/2020	2020-03-31
England/NORT-295578/2020	2020-03-31
England/NORT-2955A5/2020	2020-03-31
England/NORT-2955C3/2020	2020-03-31
England/NORT-2955D2/2020	2020-03-31
England/NORT-2955F0/2020	2020-03-31
England/NORT-29560C/2020	2020-03-31
England/NORT-29561B/2020	2020-03-31
England/NORT-295754/2020	2020-03-31
England/NORT-2957DC/2020	2020-03-31
England/NORT-295806/2020	2020-03-31
England/NORT-295824/2020	2020-03-31
England/NORT-295E31/2020	2020-03-31
England/NORT-295E8C/2020	2020-03-31
England/NORT-295EB9/2020	2020-03-31
England/NOTT-10EF9B/2020	2020-03-31
England/NOTT-10EFAA/2020	2020-03-31
England/NOTT-10F0E2/2020	2020-03-31
England/NOTT-10F10D/2020	2020-03-31
England/NOTT-10F11C/2020	2020-03-31
England/NOTT-10F12B/2020	2020-03-31
England/NOTT-10F176/2020	2020-03-31
England/OXON-AF865/2020	2020-03-31
England/OXON-B0E6F/2020	2020-03-31
England/OXON-B10A4/2020	2020-03-31
England/OXON-B12DB/2020	2020-03-31
England/PHEC-1DC1B/2020	2020-03-31
England/PHEC-1DC39/2020	2020-03-31
England/PHEC-1DC66/2020	2020-03-31
England/PHEC-1DCEE/2020	2020-03-31
England/PHEC-1DD54/2020	2020-03-31
England/PHEC-1EDBD/2020	2020-03-31
England/PHEC-1EE50/2020	2020-03-31
England/PHEC-1EFA8/2020	2020-03-31
England/PHEC-1F89D/2020	2020-03-31
England/PORT-2D0D6A/2020	2020-03-31
England/PORT-2D0D79/2020	2020-03-31
England/PORT-2D0E0D/2020	2020-03-31
England/PORT-2D0E58/2020	2020-03-31
England/PORT-2D0EA3/2020	2020-03-31
England/SHEF-C196A/2020	2020-03-31
England/SHEF-C1E4D/2020	2020-03-31
England/SHEF-C3160/2020	2020-03-31
England/SHEF-C64CE/2020	2020-03-31
England/SHEF-C9BB7/2020	2020-03-31
England/SHEF-C9D48/2020	2020-03-31
England/SHEF-CA7B2/2020	2020-03-31
England/SHEF-CB854/2020	2020-03-31
England/SHEF-CC905/2020	2020-03-31
England/SHEF-CFCAF/2020	2020-03-31
England/SHEF-CFEF4/2020	2020-03-31
England/SHEF-D0BBD/2020	2020-03-31
England/SHEF-D1545/2020	2020-03-31
Northern_Ireland/NIRE-FA616/2020	2020-03-31
Northern_Ireland/NIRE-FA670/2020	2020-03-31
Northern_Ireland/NIRE-FA69E/2020	2020-03-31
Northern_Ireland/NIRE-FA87A/2020	2020-03-31
Scotland/CVR1215/2020	2020-03-31
Scotland/CVR1232/2020	2020-03-31
Scotland/CVR1249/2020	2020-03-31
Scotland/CVR1256/2020	2020-03-31
Scotland/CVR1261/2020	2020-03-31
Scotland/CVR1263/2020	2020-03-31
Scotland/CVR1266/2020	2020-03-31
Scotland/CVR1268/2020	2020-03-31
Scotland/CVR1271/2020	2020-03-31
Scotland/CVR1272/2020	2020-03-31
Scotland/CVR1292/2020	2020-03-31
Scotland/CVR1296/2020	2020-03-31
Scotland/CVR1298/2020	2020-03-31
Scotland/CVR1301/2020	2020-03-31
Scotland/CVR1314/2020	2020-03-31
Scotland/CVR1315/2020	2020-03-31
Scotland/CVR1323/2020	2020-03-31
Scotland/CVR1324/2020	2020-03-31
Scotland/CVR1329/2020	2020-03-31
Scotland/CVR1331/2020	2020-03-31
Scotland/CVR1336/2020	2020-03-31
Scotland/CVR1337/2020	2020-03-31
Scotland/CVR1339/2020	2020-03-31
Scotland/CVR1345/2020	2020-03-31
Scotland/CVR1356/2020	2020-03-31
Scotland/CVR1358/2020	2020-03-31
Scotland/CVR1370/2020	2020-03-31
Scotland/CVR1371/2020	2020-03-31
Scotland/CVR1385/2020	2020-03-31
Scotland/CVR1393/2020	2020-03-31
Scotland/CVR1403/2020	2020-03-31
Scotland/EDB2819/2020	2020-03-31
Scotland/EDB2853/2020	2020-03-31
Scotland/EDB2863/2020	2020-03-31
Scotland/EDB2874/2020	2020-03-31
Scotland/EDB2877/2020	2020-03-31
Scotland/EDB502/2020	2020-03-31
Scotland/EDB5106/2020	2020-03-31
Scotland/EDB5107/2020	2020-03-31
Scotland/EDB530/2020	2020-03-31
Scotland/EDB5379/2020	2020-03-31
Scotland/EDB5381/2020	2020-03-31
Scotland/EDB5382/2020	2020-03-31
Scotland/EDB565/2020	2020-03-31
Scotland/EDB566/2020	2020-03-31
Scotland/EDB613/2020	2020-03-31
Scotland/GCVR-171EF0/2020	2020-03-31
Scotland/GCVR-171F0C/2020	2020-03-31
Scotland/GCVR-171F2A/2020	2020-03-31
Scotland/GCVR-171F75/2020	2020-03-31
Scotland/GCVR-172017/2020	2020-03-31
Scotland/GCVR-1720BD/2020	2020-03-31
Scotland/GCVR-172105/2020	2020-03-31
Wales/PHWC-15C09B/2020	2020-03-31
Wales/PHWC-15C0C8/2020	2020-03-31
Wales/PHWC-15C23B/2020	2020-03-31
Wales/PHWC-15C259/2020	2020-03-31
Wales/PHWC-15C392/2020	2020-03-31
Wales/PHWC-15C6E4/2020	2020-03-31
Wales/PHWC-15C6F3/2020	2020-03-31
Wales/PHWC-15C8C0/2020	2020-03-31
Wales/PHWC-15CA06/2020	2020-03-31
Wales/PHWC-15CACA/2020	2020-03-31
Wales/PHWC-15CBB8/2020	2020-03-31
Wales/PHWC-15CBC7/2020	2020-03-31
Wales/PHWC-15CBD6/2020	2020-03-31
Wales/PHWC-15CDA3/2020	2020-03-31
Wales/PHWC-15CFF8/2020	2020-03-31
Wales/PHWC-15D391/2020	2020-03-31
Wales/PHWC-15D3FB/2020	2020-03-31
Wales/PHWC-26B6D/2020	2020-03-31
Wales/PHWC-271B5/2020	2020-03-31
Wales/PHWC-271C4/2020	2020-03-31
Wales/PHWC-271D3/2020	2020-03-31
Wales/PHWC-271E2/2020	2020-03-31
Wales/PHWC-272A3/2020	2020-03-31
Wales/PHWC-27328/2020	2020-03-31
Wales/PHWC-27337/2020	2020-03-31
Wales/PHWC-27382/2020	2020-03-31
Wales/PHWC-273A0/2020	2020-03-31
Wales/PHWC-273CE/2020	2020-03-31
Wales/PHWC-273DD/2020	2020-03-31
Wales/PHWC-27443/2020	2020-03-31
Wales/PHWC-2748F/2020	2020-03-31
Wales/PHWC-2756E/2020	2020-03-31
Wales/PHWC-27689/2020	2020-03-31
Wales/PHWC-276B6/2020	2020-03-31
Wales/PHWC-276C5/2020	2020-03-31
Wales/PHWC-276D4/2020	2020-03-31
Wales/PHWC-276F2/2020	2020-03-31
Wales/PHWC-2774A/2020	2020-03-31
Wales/PHWC-27759/2020	2020-03-31
Wales/PHWC-277A4/2020	2020-03-31
Wales/PHWC-27883/2020	2020-03-31
Wales/PHWC-27892/2020	2020-03-31
Wales/PHWC-278CF/2020	2020-03-31
Wales/PHWC-278DE/2020	2020-03-31
Wales/PHWC-27953/2020	2020-03-31
Wales/PHWC-27BD5/2020	2020-03-31
Wales/PHWC-27C5A/2020	2020-03-31
Wales/PHWC-2866A/2020	2020-03-31
Wales/PHWC-2872B/2020	2020-03-31
Wales/PHWC-28776/2020	2020-03-31
Wales/PHWC-28785/2020	2020-03-31
Wales/PHWC-28891/2020	2020-03-31
Wales/PHWC-29942/2020	2020-03-31
Wales/PHWC-29BB5/2020	2020-03-31
Wales/PHWC-2C578/2020	2020-03-31
Wales/PHWC-2C587/2020	2020-03-31
Wales/PHWC-2C596/2020	2020-03-31
Wales/PHWC-2C61B/2020	2020-03-31
Wales/PHWC-2C639/2020	2020-03-31
Wales/PHWC-2C657/2020	2020-03-31
Wales/PHWC-2C684/2020	2020-03-31
Wales/PHWC-2C6EE/2020	2020-03-31
Wales/PHWC-2C709/2020	2020-03-31
Wales/PHWC-2C718/2020	2020-03-31
Wales/PHWC-2C727/2020	2020-03-31
Wales/PHWC-2C745/2020	2020-03-31
Wales/PHWC-2C7AF/2020	2020-03-31
Wales/PHWC-2C7BE/2020	2020-03-31
Wales/PHWC-2C7CD/2020	2020-03-31
Wales/PHWC-2C7EB/2020	2020-03-31
Wales/PHWC-2C98B/2020	2020-03-31
Wales/PHWC-2C9C7/2020	2020-03-31
Wales/PHWC-2C9D6/2020	2020-03-31
Wales/PHWC-2C9E5/2020	2020-03-31
Wales/PHWC-2CA4C/2020	2020-03-31
England/20144018704/2020	2020-04-01
England/20144071004/2020	2020-04-01
England/20144071404/2020	2020-04-01
England/20144071504/2020	2020-04-01
England/20144072604/2020	2020-04-01
England/20144074704/2020	2020-04-01
England/20144074804/2020	2020-04-01
England/20144074904/2020	2020-04-01
England/20144075204/2020	2020-04-01
England/20144076204/2020	2020-04-01
England/20144076304/2020	2020-04-01
England/20146004504/2020	2020-04-01
England/20146005204/2020	2020-04-01
England/20146005304/2020	2020-04-01
England/20146005604/2020	2020-04-01
England/20146005704/2020	2020-04-01
England/20146007404/2020	2020-04-01
England/20146011804/2020	2020-04-01
England/20146016004/2020	2020-04-01
England/20146019504/2020	2020-04-01
England/20146019804/2020	2020-04-01
England/20146021304/2020	2020-04-01
England/20146025504/2020	2020-04-01
England/20146057704/2020	2020-04-01
England/20146062104/2020	2020-04-01
England/20146063404/2020	2020-04-01
England/20146069604/2020	2020-04-01
England/20146069704/2020	2020-04-01
England/20148035404/2020	2020-04-01
England/20148036404/2020	2020-04-01
England/20152066604/2020	2020-04-01
England/BRIS-122C12/2020	2020-04-01
England/BRIS-122C5E/2020	2020-04-01
England/BRIS-122F55/2020	2020-04-01
England/BRIS-122F64/2020	2020-04-01
England/BRIS-122F82/2020	2020-04-01
England/BRIS-12759A/2020	2020-04-01
England/BRIS-1275D6/2020	2020-04-01
England/BRIS-12765B/2020	2020-04-01
England/BRIS-1276E2/2020	2020-04-01
England/BRIS-12773A/2020	2020-04-01
England/BRIS-1277C1/2020	2020-04-01
England/BRIS-1277D0/2020	2020-04-01
England/BRIS-127837/2020	2020-04-01
England/BRIS-127846/2020	2020-04-01
England/BRIS-127855/2020	2020-04-01
England/BRIS-127864/2020	2020-04-01
England/BRIS-1278BF/2020	2020-04-01
England/BRIS-1278CE/2020	2020-04-01
England/BRIS-129738/2020	2020-04-01
England/BRIS-129871/2020	2020-04-01
England/BRIS-1299F6/2020	2020-04-01
England/BRIS-129A11/2020	2020-04-01
England/CAMB-71ADF/2020	2020-04-01
England/CAMB-737E5/2020	2020-04-01
England/CAMB-73800/2020	2020-04-01
England/CAMB-7381F/2020	2020-04-01
England/CAMB-739A3/2020	2020-04-01
England/CAMB-73A19/2020	2020-04-01
England/CAMB-73D7A/2020	2020-04-01
England/CAMB-73DC5/2020	2020-04-01
England/CAMB-74359/2020	2020-04-01
England/CAMB-76DE0/2020	2020-04-01
England/CAMB-76E29/2020	2020-04-01
England/CAMB-76E65/2020	2020-04-01
England/CAMB-76E83/2020	2020-04-01
England/CAMB-76EB0/2020	2020-04-01
England/CAMB-76EED/2020	2020-04-01
England/CAMB-76F26/2020	2020-04-01
England/CAMB-76F44/2020	2020-04-01
England/CAMB-76F9F/2020	2020-04-01
England/CAMB-76FF9/2020	2020-04-01
England/CAMB-77013/2020	2020-04-01
England/CAMB-7707D/2020	2020-04-01
England/CAMB-77101/2020	2020-04-01
England/CAMB-77110/2020	2020-04-01
England/CAMB-7712F/2020	2020-04-01
England/CAMB-7716B/2020	2020-04-01
England/CAMB-7717A/2020	2020-04-01
England/CAMB-77198/2020	2020-04-01
England/CAMB-771A7/2020	2020-04-01
England/CAMB-771E3/2020	2020-04-01
England/CAMB-77426/2020	2020-04-01
England/CAMB-77462/2020	2020-04-01
England/CAMB-77541/2020	2020-04-01
England/CAMB-77550/2020	2020-04-01
England/CAMB-775E7/2020	2020-04-01
England/CAMB-77620/2020	2020-04-01
England/CAMB-7781B/2020	2020-04-01
England/CAMB-779AF/2020	2020-04-01
England/CAMB-77A15/2020	2020-04-01
England/CAMB-77ABB/2020	2020-04-01
England/CAMB-77AF7/2020	2020-04-01
England/CAMB-77B03/2020	2020-04-01
England/CAMB-77B4F/2020	2020-04-01
England/CAMB-77B6D/2020	2020-04-01
England/CAMB-77B7C/2020	2020-04-01
England/CAMB-77B8B/2020	2020-04-01
England/CAMB-77BA9/2020	2020-04-01
England/CAMB-77BE5/2020	2020-04-01
England/CAMB-77C88/2020	2020-04-01
England/CAMB-77D2B/2020	2020-04-01
England/CAMB-77D3A/2020	2020-04-01
England/CAMB-77D58/2020	2020-04-01
England/CAMB-77D85/2020	2020-04-01
England/CAMB-77DB2/2020	2020-04-01
England/CAMB-77DC1/2020	2020-04-01
England/CAMB-77DEF/2020	2020-04-01
England/CAMB-77E0A/2020	2020-04-01
England/CAMB-77E28/2020	2020-04-01
England/CAMB-77E46/2020	2020-04-01
England/CAMB-77E82/2020	2020-04-01
England/CAMB-77EA0/2020	2020-04-01
England/CAMB-77ECE/2020	2020-04-01
England/CAMB-77EDD/2020	2020-04-01
England/CAMB-77F34/2020	2020-04-01
England/CAMB-77F61/2020	2020-04-01
England/CAMB-77F9E/2020	2020-04-01
England/CAMB-77FAD/2020	2020-04-01
England/CAMB-77FBC/2020	2020-04-01
England/CAMB-77FCB/2020	2020-04-01
England/CAMB-78003/2020	2020-04-01
England/CAMB-7806D/2020	2020-04-01
England/CAMB-780A9/2020	2020-04-01
England/CAMB-780B8/2020	2020-04-01
England/CAMB-7811F/2020	2020-04-01
England/CAMB-7812E/2020	2020-04-01
England/CAMB-7813D/2020	2020-04-01
England/CAMB-7814C/2020	2020-04-01
England/CAMB-7816A/2020	2020-04-01
England/CAMB-78188/2020	2020-04-01
England/CAMB-79749/2020	2020-04-01
England/CAMB-797D0/2020	2020-04-01
England/CAMB-797FE/2020	2020-04-01
England/CAMB-79819/2020	2020-04-01
England/CAMB-79846/2020	2020-04-01
England/CAMB-79864/2020	2020-04-01
England/CAMB-79873/2020	2020-04-01
England/CAMB-79882/2020	2020-04-01
England/CAMB-798A0/2020	2020-04-01
England/CAMB-798CE/2020	2020-04-01
England/CAMB-798EC/2020	2020-04-01
England/CAMB-79925/2020	2020-04-01
England/CAMB-79BF2/2020	2020-04-01
England/CAMB-79C3B/2020	2020-04-01
England/CAMB-79D65/2020	2020-04-01
England/CAMB-79EDB/2020	2020-04-01
England/CAMB-79FE7/2020	2020-04-01
England/CAMB-7A0E3/2020	2020-04-01
England/CAMB-7A177/2020	2020-04-01
England/CAMB-7A2FC/2020	2020-04-01
England/CAMB-7A353/2020	2020-04-01
England/CAMB-7A450/2020	2020-04-01
England/CAMB-7A4F6/2020	2020-04-01
England/CAMB-7A678/2020	2020-04-01
England/EXET-135B00/2020	2020-04-01
England/LIVE-9B477/2020	2020-04-01
England/LIVE-9B486/2020	2020-04-01
England/LIVE-9B495/2020	2020-04-01
England/LIVE-9C0DC/2020	2020-04-01
England/LIVE-9C6AD/2020	2020-04-01
England/LIVE-9C6E9/2020	2020-04-01
England/LIVE-9C731/2020	2020-04-01
England/LIVE-9C7B9/2020	2020-04-01
England/LOND-D6D0C/2020	2020-04-01
England/LOND-D6D39/2020	2020-04-01
England/NORT-283601/2020	2020-04-01
England/NORT-283786/2020	2020-04-01
England/NORT-2838DE/2020	2020-04-01
England/NORT-283917/2020	2020-04-01
England/NORT-28399F/2020	2020-04-01
England/NORT-2839AE/2020	2020-04-01
England/NORT-289753/2020	2020-04-01
England/NORT-2897EA/2020	2020-04-01
England/NORT-289841/2020	2020-04-01
England/NORT-28986F/2020	2020-04-01
England/NORT-28987E/2020	2020-04-01
England/NORT-28988D/2020	2020-04-01
England/NORT-2898AB/2020	2020-04-01
England/NORT-289902/2020	2020-04-01
England/NORT-29545D/2020	2020-04-01
England/NORT-29546C/2020	2020-04-01
England/NORT-295675/2020	2020-04-01
England/NORT-295684/2020	2020-04-01
England/NORT-295693/2020	2020-04-01
England/NORT-2956EE/2020	2020-04-01
England/NORT-2956FD/2020	2020-04-01
England/NORT-29588E/2020	2020-04-01
England/NORT-29589D/2020	2020-04-01
England/NORT-29596D/2020	2020-04-01
England/NORT-29599A/2020	2020-04-01
England/NOTT-10F149/2020	2020-04-01
England/NOTT-10F1B2/2020	2020-04-01
England/NOTT-10F1EF/2020	2020-04-01
England/NOTT-10F20A/2020	2020-04-01
England/NOTT-10F219/2020	2020-04-01
England/NOTT-10F237/2020	2020-04-01
England/NOTT-10F255/2020	2020-04-01
England/NOTT-10F264/2020	2020-04-01
England/NOTT-10F273/2020	2020-04-01
England/NOTT-10F291/2020	2020-04-01
England/NOTT-10F2CE/2020	2020-04-01
England/NOTT-10F2FB/2020	2020-04-01
England/OXON-AD7B5/2020	2020-04-01
England/PHEC-1DA7B/2020	2020-04-01
England/PHEC-1DAA8/2020	2020-04-01
England/PHEC-1DBF0/2020	2020-04-01
England/PHEC-1DC2A/2020	2020-04-01
England/PHEC-1DCB1/2020	2020-04-01
England/PHEC-1DD45/2020	2020-04-01
England/PHEC-1EDEA/2020	2020-04-01
England/PHEC-1EE8D/2020	2020-04-01
England/PHEC-1EF5D/2020	2020-04-01
England/SHEF-C0BA1/2020	2020-04-01
England/SHEF-C1E01/2020	2020-04-01
England/SHEF-C233E/2020	2020-04-01
England/SHEF-C3133/2020	2020-04-01
England/SHEF-C35CE/2020	2020-04-01
England/SHEF-C493A/2020	2020-04-01
England/SHEF-C608E/2020	2020-04-01
England/SHEF-C79CE/2020	2020-04-01
England/SHEF-C7F17/2020	2020-04-01
England/SHEF-C8338/2020	2020-04-01
England/SHEF-CA1B4/2020	2020-04-01
England/SHEF-CAAC8/2020	2020-04-01
England/SHEF-CB247/2020	2020-04-01
England/SHEF-CDDF9/2020	2020-04-01
England/SHEF-CEA1F/2020	2020-04-01
England/SHEF-CED9E/2020	2020-04-01
England/SHEF-D12D5/2020	2020-04-01
England/SHEF-D169D/2020	2020-04-01
England/SHEF-D33C1/2020	2020-04-01
Scotland/CVR1350/2020	2020-04-01
Scotland/CVR1352/2020	2020-04-01
Scotland/CVR1359/2020	2020-04-01
Scotland/CVR1364/2020	2020-04-01
Scotland/CVR1365/2020	2020-04-01
Scotland/CVR1366/2020	2020-04-01
Scotland/CVR1373/2020	2020-04-01
Scotland/CVR1377/2020	2020-04-01
Scotland/CVR1379/2020	2020-04-01
Scotland/CVR1384/2020	2020-04-01
Scotland/CVR1387/2020	2020-04-01
Scotland/CVR1398/2020	2020-04-01
Scotland/CVR1402/2020	2020-04-01
Scotland/CVR1404/2020	2020-04-01
Scotland/CVR1407/2020	2020-04-01
Scotland/CVR1408/2020	2020-04-01
Scotland/CVR1413/2020	2020-04-01
Scotland/CVR1416/2020	2020-04-01
Scotland/CVR1417/2020	2020-04-01
Scotland/CVR1418/2020	2020-04-01
Scotland/CVR1421/2020	2020-04-01
Scotland/CVR1422/2020	2020-04-01
Scotland/CVR1423/2020	2020-04-01
Scotland/CVR1437/2020	2020-04-01
Scotland/CVR1443/2020	2020-04-01
Scotland/CVR1444/2020	2020-04-01
Scotland/CVR1445/2020	2020-04-01
Scotland/CVR1446/2020	2020-04-01
Scotland/CVR1448/2020	2020-04-01
Scotland/CVR1468/2020	2020-04-01
Scotland/CVR1475/2020	2020-04-01
Scotland/CVR1476/2020	2020-04-01
Scotland/CVR1482/2020	2020-04-01
Scotland/CVR1483/2020	2020-04-01
Scotland/EDB2859/2020	2020-04-01
Scotland/EDB2869/2020	2020-04-01
Scotland/EDB2885/2020	2020-04-01
Scotland/EDB2896/2020	2020-04-01
Scotland/EDB2900/2020	2020-04-01
Scotland/EDB2906/2020	2020-04-01
Scotland/EDB2908/2020	2020-04-01
Scotland/EDB2909/2020	2020-04-01
Scotland/EDB2917/2020	2020-04-01
Scotland/EDB4839/2020	2020-04-01
Scotland/EDB5046/2020	2020-04-01
Scotland/EDB533/2020	2020-04-01
Scotland/EDB573/2020	2020-04-01
Scotland/EDB576/2020	2020-04-01
Scotland/EDB578/2020	2020-04-01
Scotland/EDB602/2020	2020-04-01
Wales/PHWC-15C7C3/2020	2020-04-01
Wales/PHWC-15CA51/2020	2020-04-01
Wales/PHWC-15D346/2020	2020-04-01
Wales/PHWC-275D7/2020	2020-04-01
Wales/PHWC-275F5/2020	2020-04-01
Wales/PHWC-27601/2020	2020-04-01
Wales/PHWC-2771D/2020	2020-04-01
Wales/PHWC-2772C/2020	2020-04-01
Wales/PHWC-2781A/2020	2020-04-01
Wales/PHWC-278ED/2020	2020-04-01
Wales/PHWC-27971/2020	2020-04-01
Wales/PHWC-2799F/2020	2020-04-01
Wales/PHWC-279AE/2020	2020-04-01
Wales/PHWC-279BD/2020	2020-04-01
Wales/PHWC-27A05/2020	2020-04-01
Wales/PHWC-27A23/2020	2020-04-01
Wales/PHWC-27A32/2020	2020-04-01
Wales/PHWC-27B6C/2020	2020-04-01
Wales/PHWC-27B8A/2020	2020-04-01
Wales/PHWC-27B99/2020	2020-04-01
Wales/PHWC-27BA8/2020	2020-04-01
Wales/PHWC-27BC6/2020	2020-04-01
Wales/PHWC-27C78/2020	2020-04-01
Wales/PHWC-27CA5/2020	2020-04-01
Wales/PHWC-27CD2/2020	2020-04-01
Wales/PHWC-27CE1/2020	2020-04-01
Wales/PHWC-27CF0/2020	2020-04-01
Wales/PHWC-27D0C/2020	2020-04-01
Wales/PHWC-27D2A/2020	2020-04-01
Wales/PHWC-27D39/2020	2020-04-01
Wales/PHWC-27D48/2020	2020-04-01
Wales/PHWC-27D57/2020	2020-04-01
Wales/PHWC-285D6/2020	2020-04-01
Wales/PHWC-285F4/2020	2020-04-01
Wales/PHWC-28600/2020	2020-04-01
Wales/PHWC-286B5/2020	2020-04-01
Wales/PHWC-286D3/2020	2020-04-01
Wales/PHWC-286E2/2020	2020-04-01
Wales/PHWC-28767/2020	2020-04-01
Wales/PHWC-287B2/2020	2020-04-01
Wales/PHWC-287EF/2020	2020-04-01
Wales/PHWC-287FE/2020	2020-04-01
Wales/PHWC-2880A/2020	2020-04-01
Wales/PHWC-28819/2020	2020-04-01
Wales/PHWC-28828/2020	2020-04-01
Wales/PHWC-28837/2020	2020-04-01
Wales/PHWC-28846/2020	2020-04-01
Wales/PHWC-288A0/2020	2020-04-01
Wales/PHWC-28916/2020	2020-04-01
Wales/PHWC-28970/2020	2020-04-01
Wales/PHWC-28C0E/2020	2020-04-01
Wales/PHWC-28C1D/2020	2020-04-01
Wales/PHWC-28C2C/2020	2020-04-01
Wales/PHWC-28C3B/2020	2020-04-01
Wales/PHWC-28FC9/2020	2020-04-01
Wales/PHWC-298EB/2020	2020-04-01
Wales/PHWC-2C815/2020	2020-04-01
Wales/PHWC-2C833/2020	2020-04-01
Wales/PHWC-2C860/2020	2020-04-01
Wales/PHWC-2C87F/2020	2020-04-01
Wales/PHWC-2C88E/2020	2020-04-01
Wales/PHWC-2C912/2020	2020-04-01
Wales/PHWC-2C921/2020	2020-04-01
Wales/PHWC-2C930/2020	2020-04-01
Wales/PHWC-2C94F/2020	2020-04-01
Wales/PHWC-2CA00/2020	2020-04-01
Wales/PHWC-2CA5B/2020	2020-04-01
Wales/PHWC-2CA79/2020	2020-04-01
Wales/PHWC-2CA97/2020	2020-04-01
Wales/PHWC-2CAB5/2020	2020-04-01
Wales/PHWC-2CAC4/2020	2020-04-01
Wales/PHWC-2CB1C/2020	2020-04-01
Wales/PHWC-2CB2B/2020	2020-04-01
Wales/PHWC-2CB3A/2020	2020-04-01
Wales/PHWC-2D191/2020	2020-04-01
Wales/PHWC-3009E/2020	2020-04-01
England/20146009204/2020	2020-04-02
England/20146018404/2020	2020-04-02
England/20148003904/2020	2020-04-02
England/20148039404/2020	2020-04-02
England/20148041604/2020	2020-04-02
England/20148041804/2020	2020-04-02
England/20148044604/2020	2020-04-02
England/20148045404/2020	2020-04-02
England/20148046704/2020	2020-04-02
England/20148048004/2020	2020-04-02
England/20148049704/2020	2020-04-02
England/20149002404/2020	2020-04-02
England/20149002704/2020	2020-04-02
England/20149004004/2020	2020-04-02
England/20149043104/2020	2020-04-02
England/BRIS-122429/2020	2020-04-02
England/BRIS-122438/2020	2020-04-02
England/BRIS-122948/2020	2020-04-02
England/BRIS-122AAF/2020	2020-04-02
England/BRIS-122B33/2020	2020-04-02
England/BRIS-122B42/2020	2020-04-02
England/BRIS-122BBB/2020	2020-04-02
England/BRIS-122BF7/2020	2020-04-02
England/BRIS-122C03/2020	2020-04-02
England/BRIS-122C30/2020	2020-04-02
England/BRIS-122C6D/2020	2020-04-02
England/BRIS-122CE5/2020	2020-04-02
England/BRIS-122D79/2020	2020-04-02
England/BRIS-122F91/2020	2020-04-02
England/BRIS-122FA0/2020	2020-04-02
England/BRIS-122FBF/2020	2020-04-02
England/BRIS-122FDD/2020	2020-04-02
England/BRIS-123006/2020	2020-04-02
England/BRIS-127891/2020	2020-04-02
England/BRIS-127943/2020	2020-04-02
England/BRIS-127952/2020	2020-04-02
England/BRIS-1279BC/2020	2020-04-02
England/BRIS-1279CB/2020	2020-04-02
England/CAMB-73C04/2020	2020-04-02
England/CAMB-73C13/2020	2020-04-02
England/CAMB-73C6E/2020	2020-04-02
England/CAMB-73C9B/2020	2020-04-02
England/CAMB-73CAA/2020	2020-04-02
England/CAMB-73D10/2020	2020-04-02
England/CAMB-73D4D/2020	2020-04-02
England/CAMB-76D4A/2020	2020-04-02
England/CAMB-76F17/2020	2020-04-02
England/CAMB-77C2E/2020	2020-04-02
England/CAMB-78030/2020	2020-04-02
England/CAMB-78179/2020	2020-04-02
England/CAMB-78AD8/2020	2020-04-02
England/CAMB-78D39/2020	2020-04-02
England/CAMB-78DB1/2020	2020-04-02
England/CAMB-78DDF/2020	2020-04-02
England/CAMB-78E36/2020	2020-04-02
England/CAMB-78EEB/2020	2020-04-02
England/CAMB-79275/2020	2020-04-02
England/CAMB-793BE/2020	2020-04-02
England/CAMB-797A3/2020	2020-04-02
England/CAMB-797C1/2020	2020-04-02
England/CAMB-79B3E/2020	2020-04-02
England/CAMB-79B4D/2020	2020-04-02
England/CAMB-79B5C/2020	2020-04-02
England/CAMB-79B7A/2020	2020-04-02
England/CAMB-79C0E/2020	2020-04-02
England/CAMB-79C2C/2020	2020-04-02
England/CAMB-79C59/2020	2020-04-02
England/CAMB-79C86/2020	2020-04-02
England/CAMB-79CA4/2020	2020-04-02
England/CAMB-79CC2/2020	2020-04-02
England/CAMB-79CFF/2020	2020-04-02
England/CAMB-79D74/2020	2020-04-02
England/CAMB-79DB0/2020	2020-04-02
England/CAMB-79E08/2020	2020-04-02
England/CAMB-79E26/2020	2020-04-02
England/CAMB-79F32/2020	2020-04-02
England/CAMB-79F6F/2020	2020-04-02
England/CAMB-79F7E/2020	2020-04-02
England/CAMB-79F8D/2020	2020-04-02
England/CAMB-79FF6/2020	2020-04-02
England/CAMB-7A02F/2020	2020-04-02
England/CAMB-7A04D/2020	2020-04-02
England/CAMB-7A07A/2020	2020-04-02
England/CAMB-7A0B6/2020	2020-04-02
England/CAMB-7A13B/2020	2020-04-02
England/CAMB-7A1E0/2020	2020-04-02
England/CAMB-7A21A/2020	2020-04-02
England/CAMB-7A2CF/2020	2020-04-02
England/CAMB-7A3CC/2020	2020-04-02
England/CAMB-7A3DB/2020	2020-04-02
England/CAMB-7A3EA/2020	2020-04-02
England/CAMB-7A405/2020	2020-04-02
England/CAMB-7A441/2020	2020-04-02
England/CAMB-7A46F/2020	2020-04-02
England/CAMB-7A48D/2020	2020-04-02
England/CAMB-7A4AB/2020	2020-04-02
England/CAMB-7A4C9/2020	2020-04-02
England/CAMB-7A56C/2020	2020-04-02
England/CAMB-7A57B/2020	2020-04-02
England/CAMB-7A61E/2020	2020-04-02
England/CAMB-7A62D/2020	2020-04-02
England/CAMB-7A669/2020	2020-04-02
England/CAMB-7A6C3/2020	2020-04-02
England/CAMB-7A6F0/2020	2020-04-02
England/CAMB-7A739/2020	2020-04-02
England/CAMB-7A748/2020	2020-04-02
England/CAMB-7A7EE/2020	2020-04-02
England/CAMB-7A809/2020	2020-04-02
England/CAMB-7A827/2020	2020-04-02
England/CAMB-7A863/2020	2020-04-02
England/CAMB-7B659/2020	2020-04-02
England/CAMB-7D578/2020	2020-04-02
England/CAMB-7D98B/2020	2020-04-02
England/EXET-135423/2020	2020-04-02
England/LIVE-9B40E/2020	2020-04-02
England/LIVE-9B4E0/2020	2020-04-02
England/LIVE-9B50B/2020	2020-04-02
England/LIVE-9B547/2020	2020-04-02
England/LIVE-9DFA1/2020	2020-04-02
England/LIVE-9E2E3/2020	2020-04-02
England/LOND-D35DA/2020	2020-04-02
England/LOND-D3640/2020	2020-04-02
England/LOND-D365F/2020	2020-04-02
England/LOND-D366E/2020	2020-04-02
England/LOND-D380E/2020	2020-04-02
England/LOND-D384A/2020	2020-04-02
England/LOND-D3877/2020	2020-04-02
England/LOND-D3886/2020	2020-04-02
England/LOND-D3895/2020	2020-04-02
England/LOND-D6DB1/2020	2020-04-02
England/LOND-D6DDF/2020	2020-04-02
England/LOND-D6E18/2020	2020-04-02
England/LOND-D6E45/2020	2020-04-02
England/NORT-2839F9/2020	2020-04-02
England/NORT-283A23/2020	2020-04-02
England/NORT-283A8D/2020	2020-04-02
England/NORT-283A9C/2020	2020-04-02
England/NORT-283AC9/2020	2020-04-02
England/NORT-283BB7/2020	2020-04-02
England/NORT-28994E/2020	2020-04-02
England/NORT-2899D5/2020	2020-04-02
England/NORT-2958BB/2020	2020-04-02
England/NORT-2958F7/2020	2020-04-02
England/NORT-295903/2020	2020-04-02
England/NORT-2959B8/2020	2020-04-02
England/NOTT-10F343/2020	2020-04-02
England/NOTT-10F39E/2020	2020-04-02
England/NOTT-10F3AD/2020	2020-04-02
England/NOTT-10F3CB/2020	2020-04-02
England/NOTT-10F3E9/2020	2020-04-02
England/NOTT-10F404/2020	2020-04-02
England/NOTT-10F413/2020	2020-04-02
England/NOTT-10F440/2020	2020-04-02
England/NOTT-10F45F/2020	2020-04-02
England/NOTT-10F46E/2020	2020-04-02
England/NOTT-10F47D/2020	2020-04-02
England/NOTT-10F54D/2020	2020-04-02
England/OXON-B23E6/2020	2020-04-02
England/OXON-B2401/2020	2020-04-02
England/PHEC-1DA8A/2020	2020-04-02
England/PHEC-1DA99/2020	2020-04-02
England/PHEC-1DB0F/2020	2020-04-02
England/PHEC-1DBB4/2020	2020-04-02
England/PHEC-1DD63/2020	2020-04-02
England/PHEC-1EE9C/2020	2020-04-02
England/PHEC-1EED8/2020	2020-04-02
England/SHEF-C129C/2020	2020-04-02
England/SHEF-C1812/2020	2020-04-02
England/SHEF-C2028/2020	2020-04-02
England/SHEF-C293C/2020	2020-04-02
England/SHEF-C2B45/2020	2020-04-02
England/SHEF-C3634/2020	2020-04-02
England/SHEF-C3968/2020	2020-04-02
England/SHEF-C3CF6/2020	2020-04-02
England/SHEF-C3DF3/2020	2020-04-02
England/SHEF-C56BA/2020	2020-04-02
England/SHEF-C57B7/2020	2020-04-02
England/SHEF-C5FDD/2020	2020-04-02
England/SHEF-C691A/2020	2020-04-02
England/SHEF-C8620/2020	2020-04-02
England/SHEF-C8C79/2020	2020-04-02
England/SHEF-C8EBF/2020	2020-04-02
England/SHEF-C9030/2020	2020-04-02
England/SHEF-C9294/2020	2020-04-02
England/SHEF-C9F33/2020	2020-04-02
England/SHEF-CA21B/2020	2020-04-02
England/SHEF-CA363/2020	2020-04-02
England/SHEF-CAE9F/2020	2020-04-02
England/SHEF-CB63C/2020	2020-04-02
England/SHEF-CBF31/2020	2020-04-02
England/SHEF-CC45F/2020	2020-04-02
England/SHEF-CC64A/2020	2020-04-02
England/SHEF-CC8AE/2020	2020-04-02
England/SHEF-CCC75/2020	2020-04-02
England/SHEF-CCED9/2020	2020-04-02
England/SHEF-CDAD4/2020	2020-04-02
England/SHEF-CDE05/2020	2020-04-02
England/SHEF-CDED8/2020	2020-04-02
England/SHEF-CE332/2020	2020-04-02
England/SHEF-CE860/2020	2020-04-02
England/SHEF-CEC0A/2020	2020-04-02
England/SHEF-CF067/2020	2020-04-02
England/SHEF-D0054/2020	2020-04-02
England/SHEF-D0CBA/2020	2020-04-02
England/SHEF-D1536/2020	2020-04-02
England/SHEF-D174F/2020	2020-04-02
England/SHEF-D1E95/2020	2020-04-02
England/SHEF-D2386/2020	2020-04-02
England/SHEF-D2BD9/2020	2020-04-02
England/SHEF-D2DC4/2020	2020-04-02
Scotland/CVR1414/2020	2020-04-02
Scotland/CVR1427/2020	2020-04-02
Scotland/CVR1429/2020	2020-04-02
Scotland/CVR1438/2020	2020-04-02
Scotland/CVR1450/2020	2020-04-02
Scotland/CVR1451/2020	2020-04-02
Scotland/CVR1452/2020	2020-04-02
Scotland/CVR1465/2020	2020-04-02
Scotland/CVR1470/2020	2020-04-02
Scotland/CVR1471/2020	2020-04-02
Scotland/CVR1472/2020	2020-04-02
Scotland/CVR1474/2020	2020-04-02
Scotland/CVR1496/2020	2020-04-02
Scotland/CVR1601/2020	2020-04-02
Scotland/EDB2947/2020	2020-04-02
Scotland/EDB2953/2020	2020-04-02
Scotland/EDB2955/2020	2020-04-02
Scotland/EDB2956/2020	2020-04-02
Scotland/EDB2960/2020	2020-04-02
Scotland/EDB2974/2020	2020-04-02
Scotland/EDB2979/2020	2020-04-02
Scotland/EDB4837/2020	2020-04-02
Scotland/EDB4838/2020	2020-04-02
Scotland/EDB5388/2020	2020-04-02
Scotland/EDB5389/2020	2020-04-02
Scotland/EDB5390/2020	2020-04-02
Scotland/EDB587/2020	2020-04-02
Scotland/EDB588/2020	2020-04-02
Scotland/EDB612/2020	2020-04-02
Scotland/EDB721/2020	2020-04-02
Wales/PHWC-27A41/2020	2020-04-02
Wales/PHWC-27D66/2020	2020-04-02
Wales/PHWC-288DD/2020	2020-04-02
Wales/PHWC-28925/2020	2020-04-02
Wales/PHWC-289CB/2020	2020-04-02
Wales/PHWC-28AF5/2020	2020-04-02
Wales/PHWC-28B3E/2020	2020-04-02
Wales/PHWC-28C95/2020	2020-04-02
Wales/PHWC-28CD1/2020	2020-04-02
Wales/PHWC-28CE0/2020	2020-04-02
Wales/PHWC-28CFF/2020	2020-04-02
Wales/PHWC-28D0B/2020	2020-04-02
Wales/PHWC-28D29/2020	2020-04-02
Wales/PHWC-28D47/2020	2020-04-02
Wales/PHWC-28D56/2020	2020-04-02
Wales/PHWC-28D65/2020	2020-04-02
Wales/PHWC-28DCF/2020	2020-04-02
Wales/PHWC-28E26/2020	2020-04-02
Wales/PHWC-28E44/2020	2020-04-02
Wales/PHWC-28E53/2020	2020-04-02
Wales/PHWC-28F05/2020	2020-04-02
Wales/PHWC-290F2/2020	2020-04-02
Wales/PHWC-29229/2020	2020-04-02
Wales/PHWC-292CF/2020	2020-04-02
Wales/PHWC-293F9/2020	2020-04-02
Wales/PHWC-29511/2020	2020-04-02
Wales/PHWC-2955D/2020	2020-04-02
Wales/PHWC-2956C/2020	2020-04-02
Wales/PHWC-298DC/2020	2020-04-02
Wales/PHWC-29906/2020	2020-04-02
Wales/PHWC-29933/2020	2020-04-02
Wales/PHWC-29AF4/2020	2020-04-02
Wales/PHWC-29B1F/2020	2020-04-02
Wales/PHWC-29B2E/2020	2020-04-02
Wales/PHWC-29CD0/2020	2020-04-02
Wales/PHWC-29D0A/2020	2020-04-02
Wales/PHWC-29D19/2020	2020-04-02
Wales/PHWC-29E9E/2020	2020-04-02
Wales/PHWC-29EAD/2020	2020-04-02
Wales/PHWC-29F04/2020	2020-04-02
Wales/PHWC-29F22/2020	2020-04-02
Wales/PHWC-29F9B/2020	2020-04-02
Wales/PHWC-2BF7B/2020	2020-04-02
Wales/PHWC-2BF99/2020	2020-04-02
Wales/PHWC-2BFF3/2020	2020-04-02
Wales/PHWC-2D28F/2020	2020-04-02
Wales/PHWC-2D29E/2020	2020-04-02
Wales/PHWC-2FA1C/2020	2020-04-02
Wales/PHWC-2FFB3/2020	2020-04-02
Wales/PHWC-30007/2020	2020-04-02
England/20148004704/2020	2020-04-03
England/20148004904/2020	2020-04-03
England/20148006604/2020	2020-04-03
England/20148006904/2020	2020-04-03
England/20148034804/2020	2020-04-03
England/20149003004/2020	2020-04-03
England/20149003104/2020	2020-04-03
England/20149021404/2020	2020-04-03
England/20149021704/2020	2020-04-03
England/20149021804/2020	2020-04-03
England/20149022004/2020	2020-04-03
England/20149022204/2020	2020-04-03
England/20149022304/2020	2020-04-03
England/20149022404/2020	2020-04-03
England/20149022504/2020	2020-04-03
England/20149022604/2020	2020-04-03
England/20149025404/2020	2020-04-03
England/20149027404/2020	2020-04-03
England/20149035304/2020	2020-04-03
England/20149044204/2020	2020-04-03
England/20149044304/2020	2020-04-03
England/20149044504/2020	2020-04-03
England/20150033004/2020	2020-04-03
England/20152047704/2020	2020-04-03
England/20154000804/2020	2020-04-03
England/BRIS-1223A4/2020	2020-04-03
England/BRIS-122456/2020	2020-04-03
England/BRIS-1224B0/2020	2020-04-03
England/BRIS-1228F0/2020	2020-04-03
England/BRIS-12290C/2020	2020-04-03
England/BRIS-12291B/2020	2020-04-03
England/BRIS-122966/2020	2020-04-03
England/BRIS-1229C0/2020	2020-04-03
England/BRIS-1229DF/2020	2020-04-03
England/BRIS-122A09/2020	2020-04-03
England/BRIS-122A18/2020	2020-04-03
England/BRIS-122A45/2020	2020-04-03
England/BRIS-122A54/2020	2020-04-03
England/BRIS-122A63/2020	2020-04-03
England/BRIS-122B15/2020	2020-04-03
England/BRIS-122B24/2020	2020-04-03
England/BRIS-122B51/2020	2020-04-03
England/BRIS-122B60/2020	2020-04-03
England/BRIS-122B7F/2020	2020-04-03
England/BRIS-122BCA/2020	2020-04-03
England/BRIS-122BE8/2020	2020-04-03
England/BRIS-122CC7/2020	2020-04-03
England/BRIS-122D97/2020	2020-04-03
England/BRIS-122DD3/2020	2020-04-03
England/BRIS-122E67/2020	2020-04-03
England/BRIS-122E94/2020	2020-04-03
England/BRIS-122EC1/2020	2020-04-03
England/BRIS-122EEF/2020	2020-04-03
England/BRIS-12324C/2020	2020-04-03
England/CAMB-73B61/2020	2020-04-03
England/CAMB-77E37/2020	2020-04-03
England/CAMB-78346/2020	2020-04-03
England/CAMB-78364/2020	2020-04-03
England/CAMB-78382/2020	2020-04-03
England/CAMB-7856E/2020	2020-04-03
England/CAMB-78AF6/2020	2020-04-03
England/CAMB-78B4E/2020	2020-04-03
England/CAMB-78B99/2020	2020-04-03
England/CAMB-78C1E/2020	2020-04-03
England/CAMB-78C5A/2020	2020-04-03
England/CAMB-78C78/2020	2020-04-03
England/CAMB-78C87/2020	2020-04-03
England/CAMB-78CC3/2020	2020-04-03
England/CAMB-78CE1/2020	2020-04-03
England/CAMB-78D2A/2020	2020-04-03
England/CAMB-78D75/2020	2020-04-03
England/CAMB-78E27/2020	2020-04-03
England/CAMB-78F9D/2020	2020-04-03
England/CAMB-78FCA/2020	2020-04-03
England/CAMB-78FF7/2020	2020-04-03
England/CAMB-79002/2020	2020-04-03
England/CAMB-7904E/2020	2020-04-03
England/CAMB-7905D/2020	2020-04-03
England/CAMB-7907B/2020	2020-04-03
England/CAMB-790C6/2020	2020-04-03
England/CAMB-790E4/2020	2020-04-03
England/CAMB-7911E/2020	2020-04-03
England/CAMB-7912D/2020	2020-04-03
England/CAMB-7915A/2020	2020-04-03
England/CAMB-791A5/2020	2020-04-03
England/CAMB-791C3/2020	2020-04-03
England/CAMB-791F0/2020	2020-04-03
England/CAMB-79239/2020	2020-04-03
England/CAMB-79266/2020	2020-04-03
England/CAMB-792A2/2020	2020-04-03
England/CAMB-792EE/2020	2020-04-03
England/CAMB-792FD/2020	2020-04-03
England/CAMB-79336/2020	2020-04-03
England/CAMB-79363/2020	2020-04-03
England/CAMB-79372/2020	2020-04-03
England/CAMB-79406/2020	2020-04-03
England/CAMB-79451/2020	2020-04-03
England/CAMB-79460/2020	2020-04-03
England/CAMB-794F7/2020	2020-04-03
England/CAMB-79530/2020	2020-04-03
England/CAMB-7954F/2020	2020-04-03
England/CAMB-7958B/2020	2020-04-03
England/CAMB-7959A/2020	2020-04-03
England/CAMB-795B8/2020	2020-04-03
England/CAMB-795D6/2020	2020-04-03
England/CAMB-795E5/2020	2020-04-03
England/CAMB-7962E/2020	2020-04-03
England/CAMB-7963D/2020	2020-04-03
England/CAMB-7964C/2020	2020-04-03
England/CAMB-79679/2020	2020-04-03
England/CAMB-796A6/2020	2020-04-03
England/CAMB-79E44/2020	2020-04-03
England/CAMB-7A10E/2020	2020-04-03
England/CAMB-7A12C/2020	2020-04-03
England/CAMB-7A2A1/2020	2020-04-03
England/CAMB-7A60F/2020	2020-04-03
England/CAMB-7A696/2020	2020-04-03
England/CAMB-7A775/2020	2020-04-03
England/CAMB-7A7B1/2020	2020-04-03
England/CAMB-7A818/2020	2020-04-03
England/CAMB-7A8EB/2020	2020-04-03
England/CAMB-7A924/2020	2020-04-03
England/CAMB-7A942/2020	2020-04-03
England/CAMB-7A960/2020	2020-04-03
England/CAMB-7A98E/2020	2020-04-03
England/CAMB-7A9AC/2020	2020-04-03
England/CAMB-7AA21/2020	2020-04-03
England/CAMB-7B589/2020	2020-04-03
England/CAMB-7B5A7/2020	2020-04-03
England/CAMB-7B62C/2020	2020-04-03
England/CAMB-7B6FF/2020	2020-04-03
England/CAMB-7B70B/2020	2020-04-03
England/CAMB-7B71A/2020	2020-04-03
England/CAMB-7B747/2020	2020-04-03
England/CAMB-7B765/2020	2020-04-03
England/CAMB-7B774/2020	2020-04-03
England/CAMB-7B783/2020	2020-04-03
England/CAMB-7B7FC/2020	2020-04-03
England/CAMB-7B835/2020	2020-04-03
England/CAMB-7B844/2020	2020-04-03
England/CAMB-7B9D8/2020	2020-04-03
England/CAMB-7B9F6/2020	2020-04-03
England/CAMB-7BA11/2020	2020-04-03
England/CAMB-7BA3F/2020	2020-04-03
England/CAMB-7BA7B/2020	2020-04-03
England/CAMB-7BA99/2020	2020-04-03
England/CAMB-7BB1E/2020	2020-04-03
England/CAMB-7BB2D/2020	2020-04-03
England/CAMB-7CA98/2020	2020-04-03
England/CAMB-7D04A/2020	2020-04-03
England/EXET-1353DB/2020	2020-04-03
England/LIVE-9DFB0/2020	2020-04-03
England/LIVE-9DFCF/2020	2020-04-03
England/LIVE-9E016/2020	2020-04-03
England/LIVE-9E0BC/2020	2020-04-03
England/LIVE-9E0E9/2020	2020-04-03
England/LIVE-9E0F8/2020	2020-04-03
England/LIVE-9E1D7/2020	2020-04-03
England/LIVE-9E27A/2020	2020-04-03
England/LIVE-9E31D/2020	2020-04-03
England/LIVE-9E33B/2020	2020-04-03
England/LIVE-9E368/2020	2020-04-03
England/LIVE-9E40B/2020	2020-04-03
England/LIVE-9EACD/2020	2020-04-03
England/LIVE-9EC5E/2020	2020-04-03
England/LIVE-9ECA9/2020	2020-04-03
England/LIVE-9EDF1/2020	2020-04-03
England/LOND-D38FF/2020	2020-04-03
England/LOND-D3929/2020	2020-04-03
England/LOND-D3965/2020	2020-04-03
England/LOND-D6E63/2020	2020-04-03
England/LOND-D6E72/2020	2020-04-03
England/LOND-D6F42/2020	2020-04-03
England/LOND-D6FCA/2020	2020-04-03
England/LOND-D6FD9/2020	2020-04-03
England/LOND-D6FF7/2020	2020-04-03
England/LOND-D703F/2020	2020-04-03
England/LOND-D706C/2020	2020-04-03
England/NORT-283B11/2020	2020-04-03
England/NORT-283BE4/2020	2020-04-03
England/NORT-283BF3/2020	2020-04-03
England/NORT-283CD2/2020	2020-04-03
England/NORT-283CE1/2020	2020-04-03
England/NORT-283D57/2020	2020-04-03
England/NORT-289AE1/2020	2020-04-03
England/NORT-295A79/2020	2020-04-03
England/NORT-295AA6/2020	2020-04-03
England/NORT-295AD3/2020	2020-04-03
England/NORT-295AF1/2020	2020-04-03
England/NORT-295B0D/2020	2020-04-03
England/NORT-295B67/2020	2020-04-03
England/NORT-295BA3/2020	2020-04-03
England/NORT-295BD0/2020	2020-04-03
England/NORT-295BEF/2020	2020-04-03
England/NORT-295BFE/2020	2020-04-03
England/NORT-295C0A/2020	2020-04-03
England/NORT-295CDD/2020	2020-04-03
England/NOTT-10F510/2020	2020-04-03
England/NOTT-10F52F/2020	2020-04-03
England/NOTT-10F56B/2020	2020-04-03
England/NOTT-10F57A/2020	2020-04-03
England/NOTT-10F589/2020	2020-04-03
England/NOTT-10F5A7/2020	2020-04-03
England/NOTT-10F62C/2020	2020-04-03
England/NOTT-10F64A/2020	2020-04-03
England/NOTT-10F695/2020	2020-04-03
England/NOTT-10F6A4/2020	2020-04-03
England/NOTT-10F6D1/2020	2020-04-03
England/NOTT-10F6E0/2020	2020-04-03
England/NOTT-10F747/2020	2020-04-03
England/OXON-B1736/2020	2020-04-03
England/OXON-B195E/2020	2020-04-03
England/PHEC-1DAB7/2020	2020-04-03
England/PHEC-1DB69/2020	2020-04-03
England/PHEC-1DB78/2020	2020-04-03
England/PHEC-1DD72/2020	2020-04-03
England/PHEC-1DD90/2020	2020-04-03
England/PHEC-1DDAF/2020	2020-04-03
England/PHEC-1DF9A/2020	2020-04-03
England/PHEC-1EEE7/2020	2020-04-03
England/PHEC-1EFD5/2020	2020-04-03
England/PHEC-1F00E/2020	2020-04-03
England/PHEC-1F02C/2020	2020-04-03
England/PHEC-1F059/2020	2020-04-03
England/PHEC-216AD/2020	2020-04-03
England/SHEF-C22C8/2020	2020-04-03
England/SHEF-C2E5B/2020	2020-04-03
England/SHEF-C4FCF/2020	2020-04-03
England/SHEF-C522F/2020	2020-04-03
England/SHEF-C6DE1/2020	2020-04-03
England/SHEF-CA6E2/2020	2020-04-03
England/SHEF-CA749/2020	2020-04-03
England/SHEF-CC52F/2020	2020-04-03
England/SHEF-CC5E3/2020	2020-04-03
England/SHEF-CD04B/2020	2020-04-03
England/SHEF-CD2AF/2020	2020-04-03
England/SHEF-CE244/2020	2020-04-03
England/SHEF-CE4C6/2020	2020-04-03
England/SHEF-CE60C/2020	2020-04-03
England/SHEF-CFB93/2020	2020-04-03
England/SHEF-CFBEE/2020	2020-04-03
England/SHEF-D11D8/2020	2020-04-03
England/SHEF-D179A/2020	2020-04-03
Scotland/CVR1500/2020	2020-04-03
Scotland/CVR1502/2020	2020-04-03
Scotland/CVR1503/2020	2020-04-03
Scotland/CVR1504/2020	2020-04-03
Scotland/CVR1506/2020	2020-04-03
Scotland/CVR1507/2020	2020-04-03
Scotland/CVR1509/2020	2020-04-03
Scotland/CVR1511/2020	2020-04-03
Scotland/CVR1514/2020	2020-04-03
Scotland/CVR1518/2020	2020-04-03
Scotland/CVR1519/2020	2020-04-03
Scotland/CVR1520/2020	2020-04-03
Scotland/CVR1521/2020	2020-04-03
Scotland/CVR1523/2020	2020-04-03
Scotland/CVR1525/2020	2020-04-03
Scotland/CVR1528/2020	2020-04-03
Scotland/CVR1530/2020	2020-04-03
Scotland/CVR1533/2020	2020-04-03
Scotland/CVR1541/2020	2020-04-03
Scotland/CVR1550/2020	2020-04-03
Scotland/CVR1555/2020	2020-04-03
Scotland/CVR1557/2020	2020-04-03
Scotland/CVR1562/2020	2020-04-03
Scotland/CVR1607/2020	2020-04-03
Scotland/CVR3838/2020	2020-04-03
Scotland/CVR3839/2020	2020-04-03
Scotland/EDB3000/2020	2020-04-03
Scotland/EDB3002/2020	2020-04-03
Scotland/EDB3014/2020	2020-04-03
Scotland/EDB3025/2020	2020-04-03
Scotland/EDB3027/2020	2020-04-03
Scotland/EDB3028/2020	2020-04-03
Scotland/EDB3031/2020	2020-04-03
Scotland/EDB3035/2020	2020-04-03
Scotland/EDB3037/2020	2020-04-03
Scotland/EDB3041/2020	2020-04-03
Scotland/EDB3042/2020	2020-04-03
Scotland/EDB3046/2020	2020-04-03
Scotland/EDB4823/2020	2020-04-03
Scotland/EDB4830/2020	2020-04-03
Scotland/EDB4832/2020	2020-04-03
Scotland/EDB4834/2020	2020-04-03
Scotland/EDB682/2020	2020-04-03
Scotland/EDB773/2020	2020-04-03
Scotland/EDB774/2020	2020-04-03
Scotland/GCVR-173C03/2020	2020-04-03
Wales/PHWC-27847/2020	2020-04-03
Wales/PHWC-27D93/2020	2020-04-03
Wales/PHWC-27DA2/2020	2020-04-03
Wales/PHWC-27DB1/2020	2020-04-03
Wales/PHWC-27E72/2020	2020-04-03
Wales/PHWC-286C4/2020	2020-04-03
Wales/PHWC-289BC/2020	2020-04-03
Wales/PHWC-28B2F/2020	2020-04-03
Wales/PHWC-28B6B/2020	2020-04-03
Wales/PHWC-28B89/2020	2020-04-03
Wales/PHWC-28BA7/2020	2020-04-03
Wales/PHWC-28BB6/2020	2020-04-03
Wales/PHWC-28DA1/2020	2020-04-03
Wales/PHWC-28DB0/2020	2020-04-03
Wales/PHWC-28DDE/2020	2020-04-03
Wales/PHWC-28DED/2020	2020-04-03
Wales/PHWC-28DFC/2020	2020-04-03
Wales/PHWC-28E71/2020	2020-04-03
Wales/PHWC-28E9F/2020	2020-04-03
Wales/PHWC-28EAE/2020	2020-04-03
Wales/PHWC-28EDB/2020	2020-04-03
Wales/PHWC-28F32/2020	2020-04-03
Wales/PHWC-28F41/2020	2020-04-03
Wales/PHWC-28F6F/2020	2020-04-03
Wales/PHWC-28FF6/2020	2020-04-03
Wales/PHWC-29001/2020	2020-04-03
Wales/PHWC-2902F/2020	2020-04-03
Wales/PHWC-2903E/2020	2020-04-03
Wales/PHWC-2905C/2020	2020-04-03
Wales/PHWC-2906B/2020	2020-04-03
Wales/PHWC-290A7/2020	2020-04-03
Wales/PHWC-290B6/2020	2020-04-03
Wales/PHWC-290D4/2020	2020-04-03
Wales/PHWC-290E3/2020	2020-04-03
Wales/PHWC-2911D/2020	2020-04-03
Wales/PHWC-2912C/2020	2020-04-03
Wales/PHWC-2914A/2020	2020-04-03
Wales/PHWC-29159/2020	2020-04-03
Wales/PHWC-29186/2020	2020-04-03
Wales/PHWC-29195/2020	2020-04-03
Wales/PHWC-291A4/2020	2020-04-03
Wales/PHWC-291B3/2020	2020-04-03
Wales/PHWC-291FF/2020	2020-04-03
Wales/PHWC-2921A/2020	2020-04-03
Wales/PHWC-29265/2020	2020-04-03
Wales/PHWC-292B0/2020	2020-04-03
Wales/PHWC-292DE/2020	2020-04-03
Wales/PHWC-292ED/2020	2020-04-03
Wales/PHWC-292FC/2020	2020-04-03
Wales/PHWC-29317/2020	2020-04-03
Wales/PHWC-2939F/2020	2020-04-03
Wales/PHWC-293AE/2020	2020-04-03
Wales/PHWC-29450/2020	2020-04-03
Wales/PHWC-2947E/2020	2020-04-03
Wales/PHWC-2954E/2020	2020-04-03
Wales/PHWC-29FAA/2020	2020-04-03
Wales/PHWC-29FB9/2020	2020-04-03
Wales/PHWC-2A01F/2020	2020-04-03
Wales/PHWC-2A02E/2020	2020-04-03
Wales/PHWC-2A03D/2020	2020-04-03
Wales/PHWC-2C305/2020	2020-04-03
Wales/PHWC-2C314/2020	2020-04-03
Wales/PHWC-2D3D7/2020	2020-04-03
England/20149052404/2020	2020-04-04
England/20149052904/2020	2020-04-04
England/20149053104/2020	2020-04-04
England/BRIS-1223B3/2020	2020-04-04
England/BRIS-1223C2/2020	2020-04-04
England/BRIS-1223D1/2020	2020-04-04
England/BRIS-1223E0/2020	2020-04-04
England/BRIS-1223FF/2020	2020-04-04
England/BRIS-12240B/2020	2020-04-04
England/BRIS-12241A/2020	2020-04-04
England/BRIS-122465/2020	2020-04-04
England/BRIS-122474/2020	2020-04-04
England/BRIS-122492/2020	2020-04-04
England/BRIS-1224A1/2020	2020-04-04
England/BRIS-1224CF/2020	2020-04-04
England/BRIS-1224ED/2020	2020-04-04
England/BRIS-122526/2020	2020-04-04
England/BRIS-122535/2020	2020-04-04
England/BRIS-122544/2020	2020-04-04
England/BRIS-122553/2020	2020-04-04
England/BRIS-122562/2020	2020-04-04
England/BRIS-122580/2020	2020-04-04
England/BRIS-1225BD/2020	2020-04-04
England/BRIS-1225CC/2020	2020-04-04
England/BRIS-1225F9/2020	2020-04-04
England/BRIS-122632/2020	2020-04-04
England/BRIS-122641/2020	2020-04-04
England/BRIS-12267E/2020	2020-04-04
England/BRIS-122711/2020	2020-04-04
England/BRIS-12278A/2020	2020-04-04
England/BRIS-122799/2020	2020-04-04
England/BRIS-1227F3/2020	2020-04-04
England/BRIS-12280F/2020	2020-04-04
England/BRIS-122E49/2020	2020-04-04
England/BRIS-122F37/2020	2020-04-04
England/BRIS-123024/2020	2020-04-04
England/BRIS-123033/2020	2020-04-04
England/BRIS-1264BC/2020	2020-04-04
England/CAMB-779FA/2020	2020-04-04
England/CAMB-78197/2020	2020-04-04
England/CAMB-781B5/2020	2020-04-04
England/CAMB-78285/2020	2020-04-04
England/CAMB-78294/2020	2020-04-04
England/CAMB-782A3/2020	2020-04-04
England/CAMB-78319/2020	2020-04-04
England/CAMB-7848F/2020	2020-04-04
England/CAMB-788DE/2020	2020-04-04
England/CAMB-79424/2020	2020-04-04
England/CAMB-7970D/2020	2020-04-04
England/CAMB-7B5C5/2020	2020-04-04
England/CAMB-7B668/2020	2020-04-04
England/CAMB-7B729/2020	2020-04-04
England/CAMB-7B756/2020	2020-04-04
England/CAMB-7B862/2020	2020-04-04
England/CAMB-7B8AE/2020	2020-04-04
England/CAMB-7B8EA/2020	2020-04-04
England/CAMB-7B8F9/2020	2020-04-04
England/CAMB-7B923/2020	2020-04-04
England/CAMB-7B96F/2020	2020-04-04
England/CAMB-7B9BA/2020	2020-04-04
England/CAMB-7BA02/2020	2020-04-04
England/CAMB-7BA4E/2020	2020-04-04
England/CAMB-7BA6C/2020	2020-04-04
England/CAMB-7BAA8/2020	2020-04-04
England/CAMB-7BAC6/2020	2020-04-04
England/CAMB-7BAF3/2020	2020-04-04
England/CAMB-7BB5A/2020	2020-04-04
England/CAMB-7BB69/2020	2020-04-04
England/CAMB-7BBD2/2020	2020-04-04
England/CAMB-7BBF0/2020	2020-04-04
England/CAMB-7BC2A/2020	2020-04-04
England/CAMB-7BC39/2020	2020-04-04
England/CAMB-7BC57/2020	2020-04-04
England/CAMB-7BC66/2020	2020-04-04
England/CAMB-7BCB1/2020	2020-04-04
England/CAMB-7BCC0/2020	2020-04-04
England/CAMB-7BCEE/2020	2020-04-04
England/CAMB-7BD09/2020	2020-04-04
England/CAMB-7BD72/2020	2020-04-04
England/CAMB-7BDBE/2020	2020-04-04
England/CAMB-7BDDC/2020	2020-04-04
England/CAMB-7BDFA/2020	2020-04-04
England/CAMB-7BEF7/2020	2020-04-04
England/CAMB-7BF12/2020	2020-04-04
England/CAMB-7BF7C/2020	2020-04-04
England/CAMB-7BF9A/2020	2020-04-04
England/CAMB-7BFB8/2020	2020-04-04
England/CAMB-7C3D9/2020	2020-04-04
England/CAMB-7C47C/2020	2020-04-04
England/CAMB-7C4B8/2020	2020-04-04
England/CAMB-7C4F4/2020	2020-04-04
England/CAMB-7C579/2020	2020-04-04
England/CAMB-7C5A6/2020	2020-04-04
England/CAMB-7C6C1/2020	2020-04-04
England/CAMB-7C7FB/2020	2020-04-04
England/CAMB-7C870/2020	2020-04-04
England/CAMB-7C97D/2020	2020-04-04
England/CAMB-7CA6B/2020	2020-04-04
England/CAMB-7CBC2/2020	2020-04-04
England/CAMB-7D314/2020	2020-04-04
England/CAMB-7D39C/2020	2020-04-04
England/CAMB-83041/2020	2020-04-04
England/EXET-1350E3/2020	2020-04-04
England/EXET-1350F2/2020	2020-04-04
England/EXET-1351FF/2020	2020-04-04
England/EXET-13520B/2020	2020-04-04
England/EXET-13521A/2020	2020-04-04
England/EXET-135238/2020	2020-04-04
England/EXET-135247/2020	2020-04-04
England/EXET-135265/2020	2020-04-04
England/EXET-135274/2020	2020-04-04
England/EXET-135292/2020	2020-04-04
England/EXET-1352A1/2020	2020-04-04
England/EXET-1352B0/2020	2020-04-04
England/EXET-1352ED/2020	2020-04-04
England/EXET-135A8B/2020	2020-04-04
England/EXET-135BE2/2020	2020-04-04
England/LIVE-9E571/2020	2020-04-04
England/LIVE-9E75D/2020	2020-04-04
England/LIVE-9EBBB/2020	2020-04-04
England/LIVE-9EC4F/2020	2020-04-04
England/LIVE-9ECC7/2020	2020-04-04
England/LOND-D3B05/2020	2020-04-04
England/LOND-D3B14/2020	2020-04-04
England/LOND-D3B23/2020	2020-04-04
England/LOND-D3B32/2020	2020-04-04
England/LOND-D3B6F/2020	2020-04-04
England/LOND-D3B8D/2020	2020-04-04
England/LOND-D3BD8/2020	2020-04-04
England/LOND-D3BE7/2020	2020-04-04
England/LOND-D3D4B/2020	2020-04-04
England/LOND-D3D5A/2020	2020-04-04
England/LOND-D3D87/2020	2020-04-04
England/LOND-D3DB4/2020	2020-04-04
England/LOND-D3E1B/2020	2020-04-04
England/LOND-D3E39/2020	2020-04-04
England/LOND-D3E57/2020	2020-04-04
England/LOND-D3E66/2020	2020-04-04
England/LOND-D3E84/2020	2020-04-04
England/LOND-D3EB1/2020	2020-04-04
England/LOND-D3F90/2020	2020-04-04
England/LOND-D3FCD/2020	2020-04-04
England/LOND-D3FDC/2020	2020-04-04
England/LOND-D3FEB/2020	2020-04-04
England/LOND-D3FFA/2020	2020-04-04
England/LOND-D4023/2020	2020-04-04
England/LOND-D4032/2020	2020-04-04
England/LOND-D4041/2020	2020-04-04
England/LOND-D4050/2020	2020-04-04
England/LOND-D406F/2020	2020-04-04
England/LOND-D408D/2020	2020-04-04
England/NORT-283C87/2020	2020-04-04
England/NORT-283D0C/2020	2020-04-04
England/NORT-283D1B/2020	2020-04-04
England/NORT-283D66/2020	2020-04-04
England/NORT-283D93/2020	2020-04-04
England/NORT-283DC0/2020	2020-04-04
England/NORT-283DFD/2020	2020-04-04
England/NORT-283E27/2020	2020-04-04
England/NORT-283E36/2020	2020-04-04
England/NORT-283E45/2020	2020-04-04
England/NORT-283EBE/2020	2020-04-04
England/NORT-283ECD/2020	2020-04-04
England/NORT-283F06/2020	2020-04-04
England/NORT-283F8E/2020	2020-04-04
England/NORT-289C27/2020	2020-04-04
England/NORT-289C81/2020	2020-04-04
England/NORT-289CBE/2020	2020-04-04
England/NORT-295C19/2020	2020-04-04
England/NORT-295C37/2020	2020-04-04
England/NORT-295C46/2020	2020-04-04
England/NORT-295C64/2020	2020-04-04
England/NORT-295D07/2020	2020-04-04
England/NORT-295D25/2020	2020-04-04
England/NOTT-10F729/2020	2020-04-04
England/NOTT-10F783/2020	2020-04-04
England/NOTT-10F826/2020	2020-04-04
England/NOTT-10F844/2020	2020-04-04
England/NOTT-10F914/2020	2020-04-04
England/NOTT-112055/2020	2020-04-04
England/OXON-ACBBA/2020	2020-04-04
England/OXON-ACD96/2020	2020-04-04
England/OXON-ACDB4/2020	2020-04-04
England/OXON-AD71F/2020	2020-04-04
England/OXON-AE981/2020	2020-04-04
England/OXON-AF3EC/2020	2020-04-04
England/OXON-AF72C/2020	2020-04-04
England/OXON-AFAE7/2020	2020-04-04
England/OXON-B01A2/2020	2020-04-04
England/PHEC-1DBC3/2020	2020-04-04
England/PHEC-1DBD2/2020	2020-04-04
England/PHEC-1EFC6/2020	2020-04-04
England/PHEC-1F01D/2020	2020-04-04
England/PHEC-1F095/2020	2020-04-04
England/SHEF-C192E/2020	2020-04-04
England/SHEF-C3DB7/2020	2020-04-04
England/SHEF-C440C/2020	2020-04-04
England/SHEF-C7C98/2020	2020-04-04
England/SHEF-C9ABA/2020	2020-04-04
England/SHEF-CA65B/2020	2020-04-04
England/SHEF-CADED/2020	2020-04-04
England/SHEF-CC5A7/2020	2020-04-04
England/SHEF-CD56A/2020	2020-04-04
England/SHEF-CE684/2020	2020-04-04
England/SHEF-CFF3D/2020	2020-04-04
England/SHEF-D2BAC/2020	2020-04-04
Northern_Ireland/NIRE-FAA65/2020	2020-04-04
Scotland/CVR1534/2020	2020-04-04
Scotland/CVR1537/2020	2020-04-04
Scotland/CVR1545/2020	2020-04-04
Scotland/CVR1568/2020	2020-04-04
Scotland/CVR1579/2020	2020-04-04
Scotland/CVR1580/2020	2020-04-04
Scotland/CVR1588/2020	2020-04-04
Scotland/CVR1594/2020	2020-04-04
Scotland/CVR1595/2020	2020-04-04
Scotland/CVR1622/2020	2020-04-04
Scotland/CVR1632/2020	2020-04-04
Scotland/CVR1635/2020	2020-04-04
Scotland/EDB3056/2020	2020-04-04
Scotland/EDB3069/2020	2020-04-04
Scotland/EDB3073/2020	2020-04-04
Scotland/EDB3075/2020	2020-04-04
Scotland/EDB3077/2020	2020-04-04
Scotland/EDB3079/2020	2020-04-04
Scotland/EDB3092/2020	2020-04-04
Scotland/EDB3093/2020	2020-04-04
Scotland/EDB3128/2020	2020-04-04
Scotland/EDB799/2020	2020-04-04
Scotland/EDB821/2020	2020-04-04
Scotland/EDB877/2020	2020-04-04
Scotland/EDB885/2020	2020-04-04
Scotland/EDB886/2020	2020-04-04
Scotland/EDB921/2020	2020-04-04
Wales/PHWC-28EEA/2020	2020-04-04
Wales/PHWC-29177/2020	2020-04-04
Wales/PHWC-291D1/2020	2020-04-04
Wales/PHWC-2920B/2020	2020-04-04
Wales/PHWC-29326/2020	2020-04-04
Wales/PHWC-29353/2020	2020-04-04
Wales/PHWC-29371/2020	2020-04-04
Wales/PHWC-29B88/2020	2020-04-04
Wales/PHWC-29B97/2020	2020-04-04
Wales/PHWC-29BF1/2020	2020-04-04
Wales/PHWC-29C0D/2020	2020-04-04
Wales/PHWC-29C3A/2020	2020-04-04
Wales/PHWC-29D64/2020	2020-04-04
Wales/PHWC-29DDD/2020	2020-04-04
Wales/PHWC-29DFB/2020	2020-04-04
Wales/PHWC-29E16/2020	2020-04-04
Wales/PHWC-29E25/2020	2020-04-04
Wales/PHWC-29ECB/2020	2020-04-04
Wales/PHWC-29F8C/2020	2020-04-04
Wales/PHWC-2A05B/2020	2020-04-04
Wales/PHWC-2A06A/2020	2020-04-04
Wales/PHWC-2A079/2020	2020-04-04
Wales/PHWC-2A088/2020	2020-04-04
Wales/PHWC-2A097/2020	2020-04-04
Wales/PHWC-2A0A6/2020	2020-04-04
Wales/PHWC-2A0B5/2020	2020-04-04
Wales/PHWC-2A0E2/2020	2020-04-04
Wales/PHWC-2A11C/2020	2020-04-04
Wales/PHWC-2C0A4/2020	2020-04-04
Wales/PHWC-2C0B3/2020	2020-04-04
Wales/PHWC-2C0E0/2020	2020-04-04
Wales/PHWC-2C10B/2020	2020-04-04
Wales/PHWC-2C11A/2020	2020-04-04
Wales/PHWC-2C138/2020	2020-04-04
Wales/PHWC-2C208/2020	2020-04-04
Wales/PHWC-2C244/2020	2020-04-04
Wales/PHWC-2C280/2020	2020-04-04
Wales/PHWC-2D2E9/2020	2020-04-04
Wales/PHWC-2D304/2020	2020-04-04
Wales/PHWC-2D313/2020	2020-04-04
Wales/PHWC-2D322/2020	2020-04-04
Wales/PHWC-2D35F/2020	2020-04-04
Wales/PHWC-2D42F/2020	2020-04-04
Wales/PHWC-2D4B6/2020	2020-04-04
Wales/PHWC-2D50E/2020	2020-04-04
Wales/PHWC-2D5B3/2020	2020-04-04
Wales/PHWC-2D5E0/2020	2020-04-04
Wales/PHWC-2D638/2020	2020-04-04
Wales/PHWC-2D647/2020	2020-04-04
Wales/PHWC-2D6A1/2020	2020-04-04
Wales/PHWC-2D6ED/2020	2020-04-04
Wales/PHWC-2D6FC/2020	2020-04-04
Wales/PHWC-2EF4B/2020	2020-04-04
Wales/PHWC-2EF5A/2020	2020-04-04
Wales/PHWC-2EFA5/2020	2020-04-04
Wales/PHWC-2EFB4/2020	2020-04-04
Wales/PHWC-2F00B/2020	2020-04-04
Wales/PHWC-2F01A/2020	2020-04-04
Wales/PHWC-2F029/2020	2020-04-04
England/BRIS-1225DB/2020	2020-04-05
England/BRIS-122650/2020	2020-04-05
England/BRIS-1226C9/2020	2020-04-05
England/BRIS-1226D8/2020	2020-04-05
England/BRIS-1227D5/2020	2020-04-05
England/BRIS-12284B/2020	2020-04-05
England/BRIS-122869/2020	2020-04-05
England/BRIS-122896/2020	2020-04-05
England/BRIS-1228A5/2020	2020-04-05
England/BRIS-1228B4/2020	2020-04-05
England/BRIS-123042/2020	2020-04-05
England/BRIS-12309D/2020	2020-04-05
England/BRIS-1230BB/2020	2020-04-05
England/BRIS-1230F7/2020	2020-04-05
England/BRIS-123103/2020	2020-04-05
England/BRIS-123112/2020	2020-04-05
England/BRIS-123121/2020	2020-04-05
England/BRIS-12315E/2020	2020-04-05
England/BRIS-12316D/2020	2020-04-05
England/BRIS-12317C/2020	2020-04-05
England/BRIS-12318B/2020	2020-04-05
England/BRIS-1231B8/2020	2020-04-05
England/BRIS-1231D6/2020	2020-04-05
England/BRIS-1231E5/2020	2020-04-05
England/BRIS-12321F/2020	2020-04-05
England/BRIS-12323D/2020	2020-04-05
England/BRIS-123279/2020	2020-04-05
England/BRIS-1232B5/2020	2020-04-05
England/BRIS-1232D3/2020	2020-04-05
England/BRIS-12330D/2020	2020-04-05
England/BRIS-12331C/2020	2020-04-05
England/BRIS-123358/2020	2020-04-05
England/BRIS-123376/2020	2020-04-05
England/BRIS-12340A/2020	2020-04-05
England/BRIS-123516/2020	2020-04-05
England/BRIS-123525/2020	2020-04-05
England/BRIS-1235AD/2020	2020-04-05
England/BRIS-1237D4/2020	2020-04-05
England/BRIS-12383B/2020	2020-04-05
England/BRIS-12E1AE/2020	2020-04-05
England/CAMB-7822B/2020	2020-04-05
England/CAMB-783DD/2020	2020-04-05
England/CAMB-783EC/2020	2020-04-05
England/CAMB-78416/2020	2020-04-05
England/CAMB-78425/2020	2020-04-05
England/CAMB-78470/2020	2020-04-05
England/CAMB-7858C/2020	2020-04-05
England/CAMB-785AA/2020	2020-04-05
England/CAMB-785C8/2020	2020-04-05
England/CAMB-785E6/2020	2020-04-05
England/CAMB-78601/2020	2020-04-05
England/CAMB-7862F/2020	2020-04-05
England/CAMB-786A7/2020	2020-04-05
England/CAMB-786E3/2020	2020-04-05
England/CAMB-7870E/2020	2020-04-05
England/CAMB-78786/2020	2020-04-05
England/CAMB-7B817/2020	2020-04-05
England/CAMB-7B89F/2020	2020-04-05
England/CAMB-7B9E7/2020	2020-04-05
England/CAMB-7BB87/2020	2020-04-05
England/CAMB-7BBB4/2020	2020-04-05
England/CAMB-7BC75/2020	2020-04-05
England/CAMB-7BD54/2020	2020-04-05
England/CAMB-7BE33/2020	2020-04-05
England/CAMB-7BE51/2020	2020-04-05
England/CAMB-7BE60/2020	2020-04-05
England/CAMB-7BEAC/2020	2020-04-05
England/CAMB-7C46D/2020	2020-04-05
England/CAMB-7C49A/2020	2020-04-05
England/CAMB-7C4A9/2020	2020-04-05
England/CAMB-7C4E5/2020	2020-04-05
England/CAMB-7C500/2020	2020-04-05
England/CAMB-7C54C/2020	2020-04-05
England/CAMB-7C61C/2020	2020-04-05
England/CAMB-7C6EF/2020	2020-04-05
England/CAMB-7C755/2020	2020-04-05
England/CAMB-7C764/2020	2020-04-05
England/CAMB-7C782/2020	2020-04-05
England/CAMB-7C7A0/2020	2020-04-05
England/CAMB-7C7EC/2020	2020-04-05
England/CAMB-7C825/2020	2020-04-05
England/CAMB-7C852/2020	2020-04-05
England/CAMB-7C88F/2020	2020-04-05
England/CAMB-7C922/2020	2020-04-05
England/CAMB-7C940/2020	2020-04-05
England/CAMB-7C9B9/2020	2020-04-05
England/CAMB-7C9C8/2020	2020-04-05
England/CAMB-7CA01/2020	2020-04-05
England/CAMB-7CA4D/2020	2020-04-05
England/CAMB-7CA5C/2020	2020-04-05
England/CAMB-7CA7A/2020	2020-04-05
England/CAMB-7CAA7/2020	2020-04-05
England/CAMB-7CAC5/2020	2020-04-05
England/CAMB-7CAD4/2020	2020-04-05
England/CAMB-7CBB3/2020	2020-04-05
England/CAMB-7CC0B/2020	2020-04-05
England/CAMB-7CC29/2020	2020-04-05
England/CAMB-7CC65/2020	2020-04-05
England/CAMB-7CC83/2020	2020-04-05
England/CAMB-7CC92/2020	2020-04-05
England/CAMB-7CCB0/2020	2020-04-05
England/CAMB-7CD08/2020	2020-04-05
England/CAMB-7CE23/2020	2020-04-05
England/CAMB-7CE50/2020	2020-04-05
England/CAMB-7D059/2020	2020-04-05
England/CAMB-7D077/2020	2020-04-05
England/CAMB-7D2F9/2020	2020-04-05
England/CAMB-7D332/2020	2020-04-05
England/CAMB-7D420/2020	2020-04-05
England/CAMB-7D48A/2020	2020-04-05
England/CAMB-7D499/2020	2020-04-05
England/CAMB-7DBC1/2020	2020-04-05
England/CAMB-7E00D/2020	2020-04-05
England/EXET-1352DE/2020	2020-04-05
England/EXET-1352FC/2020	2020-04-05
England/EXET-135308/2020	2020-04-05
England/LIVE-9DE95/2020	2020-04-05
England/LIVE-9DEC2/2020	2020-04-05
England/LIVE-9DED1/2020	2020-04-05
England/LIVE-9EB24/2020	2020-04-05
England/LIVE-9EB33/2020	2020-04-05
England/LIVE-9EDE2/2020	2020-04-05
England/LIVE-9F0AC/2020	2020-04-05
England/NORT-283E72/2020	2020-04-05
England/NORT-283EFA/2020	2020-04-05
England/NORT-283F51/2020	2020-04-05
England/NOTT-10F950/2020	2020-04-05
England/NOTT-10F96F/2020	2020-04-05
England/NOTT-10F99C/2020	2020-04-05
England/NOTT-10F9E7/2020	2020-04-05
England/NOTT-10F9F6/2020	2020-04-05
England/NOTT-10FA02/2020	2020-04-05
England/NOTT-10FA20/2020	2020-04-05
England/NOTT-10FA3F/2020	2020-04-05
England/NOTT-10FA5D/2020	2020-04-05
England/NOTT-10FA6C/2020	2020-04-05
England/NOTT-10FA7B/2020	2020-04-05
England/OXON-AC491/2020	2020-04-05
England/OXON-AC552/2020	2020-04-05
England/OXON-AC613/2020	2020-04-05
England/OXON-AC6F5/2020	2020-04-05
England/OXON-AC710/2020	2020-04-05
England/OXON-AC895/2020	2020-04-05
England/OXON-ACB8D/2020	2020-04-05
England/OXON-ACC11/2020	2020-04-05
England/OXON-ACC5D/2020	2020-04-05
England/OXON-ACC99/2020	2020-04-05
England/OXON-ACCB7/2020	2020-04-05
England/OXON-ACCF3/2020	2020-04-05
England/OXON-ACE75/2020	2020-04-05
England/OXON-ACEC0/2020	2020-04-05
England/OXON-ACEFD/2020	2020-04-05
England/OXON-ADCF2/2020	2020-04-05
England/OXON-ADD59/2020	2020-04-05
England/OXON-AE392/2020	2020-04-05
England/OXON-AE453/2020	2020-04-05
England/OXON-AE7F0/2020	2020-04-05
England/OXON-AE954/2020	2020-04-05
England/OXON-AEB9A/2020	2020-04-05
England/OXON-AF4E9/2020	2020-04-05
England/OXON-AFC69/2020	2020-04-05
England/OXON-B0BA4/2020	2020-04-05
England/OXON-B145D/2020	2020-04-05
England/OXON-B2559/2020	2020-04-05
England/SHEF-C0C26/2020	2020-04-05
England/SHEF-C958C/2020	2020-04-05
England/SHEF-CD430/2020	2020-04-05
England/SHEF-CF261/2020	2020-04-05
England/SHEF-D1FED/2020	2020-04-05
Scotland/CVR1575/2020	2020-04-05
Scotland/CVR1584/2020	2020-04-05
Scotland/CVR1587/2020	2020-04-05
Scotland/CVR1613/2020	2020-04-05
Scotland/CVR1615/2020	2020-04-05
Scotland/CVR1623/2020	2020-04-05
Scotland/CVR1624/2020	2020-04-05
Scotland/CVR1629/2020	2020-04-05
Scotland/CVR1631/2020	2020-04-05
Scotland/CVR1634/2020	2020-04-05
Scotland/CVR1657/2020	2020-04-05
Scotland/CVR1660/2020	2020-04-05
Scotland/CVR1669/2020	2020-04-05
Scotland/CVR1676/2020	2020-04-05
Scotland/CVR1677/2020	2020-04-05
Scotland/CVR1685/2020	2020-04-05
Scotland/CVR1686/2020	2020-04-05
Scotland/CVR1692/2020	2020-04-05
Scotland/CVR1695/2020	2020-04-05
Scotland/EDB3101/2020	2020-04-05
Scotland/EDB3104/2020	2020-04-05
Scotland/EDB3108/2020	2020-04-05
Scotland/EDB3110/2020	2020-04-05
Scotland/EDB3132/2020	2020-04-05
Scotland/EDB896/2020	2020-04-05
Scotland/EDB897/2020	2020-04-05
Scotland/EDB912/2020	2020-04-05
Scotland/EDB972/2020	2020-04-05
Scotland/GCVR-173C8B/2020	2020-04-05
Wales/PHWC-29C1C/2020	2020-04-05
Wales/PHWC-29C2B/2020	2020-04-05
Wales/PHWC-29C49/2020	2020-04-05
Wales/PHWC-29C67/2020	2020-04-05
Wales/PHWC-29C76/2020	2020-04-05
Wales/PHWC-29CB2/2020	2020-04-05
Wales/PHWC-29CC1/2020	2020-04-05
Wales/PHWC-29D73/2020	2020-04-05
Wales/PHWC-29DBF/2020	2020-04-05
Wales/PHWC-2A149/2020	2020-04-05
Wales/PHWC-2A158/2020	2020-04-05
Wales/PHWC-2A167/2020	2020-04-05
Wales/PHWC-2A194/2020	2020-04-05
Wales/PHWC-2A1A3/2020	2020-04-05
Wales/PHWC-2A228/2020	2020-04-05
Wales/PHWC-2A38F/2020	2020-04-05
Wales/PHWC-2A39E/2020	2020-04-05
Wales/PHWC-2A3BC/2020	2020-04-05
Wales/PHWC-2A49B/2020	2020-04-05
Wales/PHWC-2A6C2/2020	2020-04-05
Wales/PHWC-2A6D1/2020	2020-04-05
Wales/PHWC-2A6E0/2020	2020-04-05
Wales/PHWC-2A756/2020	2020-04-05
Wales/PHWC-2AAC6/2020	2020-04-05
Wales/PHWC-2ABC3/2020	2020-04-05
Wales/PHWC-2ABF0/2020	2020-04-05
Wales/PHWC-2ACDF/2020	2020-04-05
Wales/PHWC-2ACEE/2020	2020-04-05
Wales/PHWC-2AD09/2020	2020-04-05
Wales/PHWC-2AD18/2020	2020-04-05
Wales/PHWC-2AD54/2020	2020-04-05
Wales/PHWC-2AD90/2020	2020-04-05
Wales/PHWC-2ADDC/2020	2020-04-05
Wales/PHWC-2ADEB/2020	2020-04-05
Wales/PHWC-2D4E3/2020	2020-04-05
Wales/PHWC-2D629/2020	2020-04-05
Wales/PHWC-2D708/2020	2020-04-05
Wales/PHWC-2D717/2020	2020-04-05
England/20152046204/2020	2020-04-06
England/20152054104/2020	2020-04-06
England/20152054304/2020	2020-04-06
England/20152055004/2020	2020-04-06
England/20152068004/2020	2020-04-06
England/20154002504/2020	2020-04-06
England/20154003004/2020	2020-04-06
England/20154082604/2020	2020-04-06
England/20154088104/2020	2020-04-06
England/BRIS-123385/2020	2020-04-06
England/BRIS-1233EF/2020	2020-04-06
England/BRIS-123428/2020	2020-04-06
England/BRIS-123446/2020	2020-04-06
England/BRIS-123473/2020	2020-04-06
England/BRIS-123491/2020	2020-04-06
England/BRIS-1234CE/2020	2020-04-06
England/BRIS-123561/2020	2020-04-06
England/BRIS-123613/2020	2020-04-06
England/BRIS-12369B/2020	2020-04-06
England/BRIS-123701/2020	2020-04-06
England/BRIS-123710/2020	2020-04-06
England/BRIS-12375C/2020	2020-04-06
England/BRIS-1237E3/2020	2020-04-06
England/BRIS-1237F2/2020	2020-04-06
England/BRIS-123895/2020	2020-04-06
England/BRIS-1238A4/2020	2020-04-06
England/BRIS-1238B3/2020	2020-04-06
England/BRIS-1238E0/2020	2020-04-06
England/BRIS-1238FF/2020	2020-04-06
England/BRIS-123A17/2020	2020-04-06
England/BRIS-123A26/2020	2020-04-06
England/BRIS-123BAB/2020	2020-04-06
England/CAMB-7855F/2020	2020-04-06
England/CAMB-7859B/2020	2020-04-06
England/CAMB-7867A/2020	2020-04-06
England/CAMB-78865/2020	2020-04-06
England/CAMB-788A1/2020	2020-04-06
England/CAMB-788CF/2020	2020-04-06
England/CAMB-789BD/2020	2020-04-06
England/CAMB-78A05/2020	2020-04-06
England/CAMB-78A32/2020	2020-04-06
England/CAMB-78A7E/2020	2020-04-06
England/CAMB-78A9C/2020	2020-04-06
England/CAMB-7C53D/2020	2020-04-06
England/CAMB-7C597/2020	2020-04-06
England/CAMB-7C5C4/2020	2020-04-06
England/CAMB-7C685/2020	2020-04-06
England/CAMB-7C728/2020	2020-04-06
England/CAMB-7C861/2020	2020-04-06
England/CAMB-7C8E9/2020	2020-04-06
England/CAMB-7C95F/2020	2020-04-06
England/CAMB-7CC74/2020	2020-04-06
England/CAMB-7CD71/2020	2020-04-06
England/CAMB-7CE8D/2020	2020-04-06
England/CAMB-7CEAB/2020	2020-04-06
England/CAMB-7CEC9/2020	2020-04-06
England/CAMB-7CED8/2020	2020-04-06
England/CAMB-7CF02/2020	2020-04-06
England/CAMB-7CF11/2020	2020-04-06
England/CAMB-7CF20/2020	2020-04-06
England/CAMB-7CF3F/2020	2020-04-06
England/CAMB-7CFB7/2020	2020-04-06
England/CAMB-7CFC6/2020	2020-04-06
England/CAMB-7D00E/2020	2020-04-06
England/CAMB-7D02C/2020	2020-04-06
England/CAMB-7D03B/2020	2020-04-06
England/CAMB-7D0B3/2020	2020-04-06
England/CAMB-7D0D1/2020	2020-04-06
England/CAMB-7D0E0/2020	2020-04-06
England/CAMB-7D0FF/2020	2020-04-06
England/CAMB-7D11A/2020	2020-04-06
England/CAMB-7D129/2020	2020-04-06
England/CAMB-7D1ED/2020	2020-04-06
England/CAMB-7D262/2020	2020-04-06
England/CAMB-7D271/2020	2020-04-06
England/CAMB-7D2AE/2020	2020-04-06
England/CAMB-7D2CC/2020	2020-04-06
England/CAMB-7D37E/2020	2020-04-06
England/CAMB-7D38D/2020	2020-04-06
England/CAMB-7D3AB/2020	2020-04-06
England/CAMB-7D4E4/2020	2020-04-06
England/CAMB-7D5A5/2020	2020-04-06
England/CAMB-7D5D2/2020	2020-04-06
England/CAMB-7D718/2020	2020-04-06
England/CAMB-7D736/2020	2020-04-06
England/CAMB-7D754/2020	2020-04-06
England/CAMB-7D763/2020	2020-04-06
England/CAMB-7D772/2020	2020-04-06
England/CAMB-7D790/2020	2020-04-06
England/CAMB-7D7AF/2020	2020-04-06
England/CAMB-7D7DC/2020	2020-04-06
England/CAMB-7D824/2020	2020-04-06
England/CAMB-7D842/2020	2020-04-06
England/CAMB-7D87F/2020	2020-04-06
England/CAMB-7D88E/2020	2020-04-06
England/CAMB-7D89D/2020	2020-04-06
England/CAMB-7D8D9/2020	2020-04-06
England/CAMB-7D912/2020	2020-04-06
England/CAMB-7D930/2020	2020-04-06
England/CAMB-7D97C/2020	2020-04-06
England/CAMB-7D9E5/2020	2020-04-06
England/CAMB-7DA00/2020	2020-04-06
England/CAMB-7DA6A/2020	2020-04-06
England/CAMB-7DA79/2020	2020-04-06
England/CAMB-7DA88/2020	2020-04-06
England/CAMB-7DAA6/2020	2020-04-06
England/CAMB-7DAB5/2020	2020-04-06
England/CAMB-7DAD3/2020	2020-04-06
England/CAMB-7DAF1/2020	2020-04-06
England/CAMB-7DB58/2020	2020-04-06
England/CAMB-7DB94/2020	2020-04-06
England/CAMB-7DBA3/2020	2020-04-06
England/CAMB-7DBB2/2020	2020-04-06
England/CAMB-7DBD0/2020	2020-04-06
England/CAMB-7DBFE/2020	2020-04-06
England/CAMB-7DC19/2020	2020-04-06
England/CAMB-7DC64/2020	2020-04-06
England/CAMB-7DC82/2020	2020-04-06
England/CAMB-7DCA0/2020	2020-04-06
England/CAMB-7DCBF/2020	2020-04-06
England/CAMB-7DE31/2020	2020-04-06
England/CAMB-7DE5F/2020	2020-04-06
England/CAMB-7DE6E/2020	2020-04-06
England/CAMB-7DE8C/2020	2020-04-06
England/CAMB-7DEB9/2020	2020-04-06
England/CAMB-7DED7/2020	2020-04-06
England/CAMB-7E03A/2020	2020-04-06
England/CAMB-7E058/2020	2020-04-06
England/CAMB-7E085/2020	2020-04-06
England/CAMB-7E999/2020	2020-04-06
England/CAMB-7EAC3/2020	2020-04-06
England/CAMB-7EBA2/2020	2020-04-06
England/CAMB-7ECDC/2020	2020-04-06
England/CAMB-7ECFA/2020	2020-04-06
England/CAMB-7ED15/2020	2020-04-06
England/CAMB-7EDAC/2020	2020-04-06
England/CAMB-7EDBB/2020	2020-04-06
England/CAMB-7EDCA/2020	2020-04-06
England/CAMB-7EFF1/2020	2020-04-06
England/EXET-13511D/2020	2020-04-06
England/EXET-13512C/2020	2020-04-06
England/EXET-13562D/2020	2020-04-06
England/EXET-135DA0/2020	2020-04-06
England/EXET-136E9D/2020	2020-04-06
England/LIVE-98F00/2020	2020-04-06
England/LIVE-9929D/2020	2020-04-06
England/LIVE-9E7C6/2020	2020-04-06
England/LOND-D39A1/2020	2020-04-06
England/LOND-D39FC/2020	2020-04-06
England/LOND-D3A35/2020	2020-04-06
England/LOND-D3A44/2020	2020-04-06
England/LOND-D3A53/2020	2020-04-06
England/LOND-D3A80/2020	2020-04-06
England/LOND-D3A9F/2020	2020-04-06
England/LOND-D41A8/2020	2020-04-06
England/LOND-D420F/2020	2020-04-06
England/LOND-D421E/2020	2020-04-06
England/LOND-D4296/2020	2020-04-06
England/LOND-D42C3/2020	2020-04-06
England/LOND-D42D2/2020	2020-04-06
England/LOND-D431B/2020	2020-04-06
England/LOND-D4348/2020	2020-04-06
England/NOTT-10FA8A/2020	2020-04-06
England/NOTT-10FCA2/2020	2020-04-06
England/NOTT-112064/2020	2020-04-06
England/OXON-AC4BF/2020	2020-04-06
England/OXON-AC5F8/2020	2020-04-06
England/OXON-AC91A/2020	2020-04-06
England/OXON-ACA44/2020	2020-04-06
England/OXON-ACB6F/2020	2020-04-06
England/OXON-ACC4E/2020	2020-04-06
England/OXON-ACD0F/2020	2020-04-06
England/OXON-ACD4B/2020	2020-04-06
England/OXON-ACDA5/2020	2020-04-06
England/OXON-ACE0C/2020	2020-04-06
England/OXON-ACFEB/2020	2020-04-06
England/OXON-AD955/2020	2020-04-06
England/OXON-AE05F/2020	2020-04-06
England/OXON-AEB5E/2020	2020-04-06
England/OXON-B0E7E/2020	2020-04-06
England/SHEF-C6622/2020	2020-04-06
England/SHEF-C67C5/2020	2020-04-06
England/SHEF-C69DE/2020	2020-04-06
England/SHEF-C7788/2020	2020-04-06
England/SHEF-CEDE9/2020	2020-04-06
England/SHEF-D093B/2020	2020-04-06
England/SHEF-D1A55/2020	2020-04-06
Northern_Ireland/NIRE-FA643/2020	2020-04-06
Northern_Ireland/NIRE-FA661/2020	2020-04-06
Northern_Ireland/NIRE-FA68F/2020	2020-04-06
Northern_Ireland/NIRE-FA6CB/2020	2020-04-06
Northern_Ireland/NIRE-FA6E9/2020	2020-04-06
Northern_Ireland/NIRE-FA740/2020	2020-04-06
Northern_Ireland/NIRE-FA76E/2020	2020-04-06
Northern_Ireland/NIRE-FA7AA/2020	2020-04-06
Northern_Ireland/NIRE-FAA0B/2020	2020-04-06
Northern_Ireland/NIRE-FAC05/2020	2020-04-06
Northern_Ireland/NIRE-FAC41/2020	2020-04-06
Scotland/CVR1641/2020	2020-04-06
Scotland/CVR1644/2020	2020-04-06
Scotland/CVR1679/2020	2020-04-06
Scotland/CVR1701/2020	2020-04-06
Scotland/CVR1704/2020	2020-04-06
Scotland/CVR1713/2020	2020-04-06
Scotland/CVR1718/2020	2020-04-06
Scotland/CVR1843/2020	2020-04-06
Scotland/EDB1001/2020	2020-04-06
Scotland/EDB1037/2020	2020-04-06
Scotland/EDB1040/2020	2020-04-06
Scotland/EDB1110/2020	2020-04-06
Scotland/EDB1113/2020	2020-04-06
Scotland/EDB3135/2020	2020-04-06
Scotland/EDB3159/2020	2020-04-06
Scotland/EDB3162/2020	2020-04-06
Scotland/EDB3164/2020	2020-04-06
Scotland/EDB3166/2020	2020-04-06
Scotland/EDB3169/2020	2020-04-06
Scotland/EDB3178/2020	2020-04-06
Scotland/EDB3181/2020	2020-04-06
Scotland/EDB3183/2020	2020-04-06
Scotland/EDB3185/2020	2020-04-06
Scotland/EDB3186/2020	2020-04-06
Scotland/EDB3188/2020	2020-04-06
Scotland/EDB3191/2020	2020-04-06
Scotland/EDB3196/2020	2020-04-06
Scotland/EDB3206/2020	2020-04-06
Scotland/EDB3213/2020	2020-04-06
Scotland/EDB3221/2020	2020-04-06
Scotland/EDB3222/2020	2020-04-06
Scotland/EDB3225/2020	2020-04-06
Scotland/EDB3234/2020	2020-04-06
Scotland/EDB996/2020	2020-04-06
Scotland/GCVR-172B70/2020	2020-04-06
Scotland/GCVR-172B8F/2020	2020-04-06
Scotland/GCVR-172BAD/2020	2020-04-06
Scotland/GCVR-172BCB/2020	2020-04-06
Scotland/GCVR-172BDA/2020	2020-04-06
Scotland/GCVR-172BE9/2020	2020-04-06
Scotland/GCVR-172C04/2020	2020-04-06
Scotland/GCVR-172C40/2020	2020-04-06
Scotland/GCVR-172C5F/2020	2020-04-06
Scotland/GCVR-172C8C/2020	2020-04-06
Scotland/GCVR-172CAA/2020	2020-04-06
Scotland/GCVR-173939/2020	2020-04-06
Scotland/GCVR-173B60/2020	2020-04-06
Scotland/GCVR-173B8E/2020	2020-04-06
Scotland/GCVR-173B9D/2020	2020-04-06
Scotland/GCVR-173BBB/2020	2020-04-06
Scotland/GCVR-173BCA/2020	2020-04-06
Scotland/GCVR-173C21/2020	2020-04-06
Scotland/GCVR-173C9A/2020	2020-04-06
Scotland/GCVR-173D2E/2020	2020-04-06
Scotland/GCVR-173D6A/2020	2020-04-06
Scotland/GCVR-173DA6/2020	2020-04-06
Scotland/GCVR-173DC4/2020	2020-04-06
Wales/PHWC-15C866/2020	2020-04-06
Wales/PHWC-15D319/2020	2020-04-06
Wales/PHWC-15E04E/2020	2020-04-06
Wales/PHWC-15E284/2020	2020-04-06
Wales/PHWC-2A255/2020	2020-04-06
Wales/PHWC-2A282/2020	2020-04-06
Wales/PHWC-2A2BF/2020	2020-04-06
Wales/PHWC-2A2EC/2020	2020-04-06
Wales/PHWC-2A316/2020	2020-04-06
Wales/PHWC-2A3DA/2020	2020-04-06
Wales/PHWC-2A3E9/2020	2020-04-06
Wales/PHWC-2A404/2020	2020-04-06
Wales/PHWC-2A422/2020	2020-04-06
Wales/PHWC-2A4B9/2020	2020-04-06
Wales/PHWC-2A4C8/2020	2020-04-06
Wales/PHWC-2A4E6/2020	2020-04-06
Wales/PHWC-2A5D4/2020	2020-04-06
Wales/PHWC-2A60E/2020	2020-04-06
Wales/PHWC-2A61D/2020	2020-04-06
Wales/PHWC-2A62C/2020	2020-04-06
Wales/PHWC-2A63B/2020	2020-04-06
Wales/PHWC-2A64A/2020	2020-04-06
Wales/PHWC-2A659/2020	2020-04-06
Wales/PHWC-2A668/2020	2020-04-06
Wales/PHWC-2A729/2020	2020-04-06
Wales/PHWC-2A97E/2020	2020-04-06
Wales/PHWC-2A98D/2020	2020-04-06
Wales/PHWC-2A99C/2020	2020-04-06
Wales/PHWC-2A9AB/2020	2020-04-06
Wales/PHWC-2A9F6/2020	2020-04-06
Wales/PHWC-2AA02/2020	2020-04-06
Wales/PHWC-2AAB7/2020	2020-04-06
Wales/PHWC-2AAD5/2020	2020-04-06
Wales/PHWC-2AAE4/2020	2020-04-06
Wales/PHWC-2AAF3/2020	2020-04-06
Wales/PHWC-2AB0F/2020	2020-04-06
Wales/PHWC-2AB2D/2020	2020-04-06
Wales/PHWC-2AB3C/2020	2020-04-06
Wales/PHWC-2ABA5/2020	2020-04-06
Wales/PHWC-2AC39/2020	2020-04-06
Wales/PHWC-2AC66/2020	2020-04-06
Wales/PHWC-2AC84/2020	2020-04-06
Wales/PHWC-2AC93/2020	2020-04-06
Wales/PHWC-2ACB1/2020	2020-04-06
Wales/PHWC-2AD45/2020	2020-04-06
Wales/PHWC-2ADBE/2020	2020-04-06
Wales/PHWC-2ADCD/2020	2020-04-06
Wales/PHWC-2ADFA/2020	2020-04-06
Wales/PHWC-2AF03/2020	2020-04-06
Wales/PHWC-2AF21/2020	2020-04-06
Wales/PHWC-2AFA9/2020	2020-04-06
Wales/PHWC-2B913/2020	2020-04-06
Wales/PHWC-2BA01/2020	2020-04-06
Wales/PHWC-2BA10/2020	2020-04-06
Wales/PHWC-2DE9A/2020	2020-04-06
Wales/PHWC-2EB74/2020	2020-04-06
Wales/PHWC-2EBA1/2020	2020-04-06
Wales/PHWC-2EBFC/2020	2020-04-06
Wales/PHWC-2EC53/2020	2020-04-06
Wales/PHWC-2EC80/2020	2020-04-06
Wales/PHWC-2ECDB/2020	2020-04-06
Wales/PHWC-2ECF9/2020	2020-04-06
Wales/PHWC-2ED05/2020	2020-04-06
Wales/PHWC-2ED14/2020	2020-04-06
Wales/PHWC-2ED41/2020	2020-04-06
Wales/PHWC-2ED50/2020	2020-04-06
Wales/PHWC-2ED7E/2020	2020-04-06
Wales/PHWC-2EE3F/2020	2020-04-06
Wales/PHWC-2EEC6/2020	2020-04-06
Wales/PHWC-2EF2D/2020	2020-04-06
Wales/PHWC-2EF78/2020	2020-04-06
Wales/PHWC-2F047/2020	2020-04-06
Wales/PHWC-2F065/2020	2020-04-06
Wales/PHWC-2F0A1/2020	2020-04-06
Wales/PHWC-2F0B0/2020	2020-04-06
Wales/PHWC-2F0CF/2020	2020-04-06
Wales/PHWC-2F0DE/2020	2020-04-06
Wales/PHWC-2F117/2020	2020-04-06
Wales/PHWC-2F144/2020	2020-04-06
Wales/PHWC-2F171/2020	2020-04-06
Wales/PHWC-2F1AE/2020	2020-04-06
Wales/PHWC-2F1BD/2020	2020-04-06
Wales/PHWC-2F1DB/2020	2020-04-06
Wales/PHWC-2F1EA/2020	2020-04-06
Wales/PHWC-2F1F9/2020	2020-04-06
Wales/PHWC-2F205/2020	2020-04-06
Wales/PHWC-2F214/2020	2020-04-06
Wales/PHWC-2F232/2020	2020-04-06
Wales/PHWC-2F26F/2020	2020-04-06
Wales/PHWC-2F2AB/2020	2020-04-06
Wales/PHWC-2F2C9/2020	2020-04-06
Wales/PHWC-2F2D8/2020	2020-04-06
Wales/PHWC-2F2E7/2020	2020-04-06
Wales/PHWC-2F2F6/2020	2020-04-06
Wales/PHWC-2F302/2020	2020-04-06
Wales/PHWC-2F35D/2020	2020-04-06
Wales/PHWC-2F36C/2020	2020-04-06
Wales/PHWC-2F37B/2020	2020-04-06
Wales/PHWC-2F399/2020	2020-04-06
Wales/PHWC-2F3C6/2020	2020-04-06
Wales/PHWC-31EFD/2020	2020-04-06
Wales/PHWC-32542/2020	2020-04-06
Wales/PHWC-32CE3/2020	2020-04-06
Wales/PHWC-32CF2/2020	2020-04-06
England/20154013604/2020	2020-04-07
England/20154074204/2020	2020-04-07
England/20154081604/2020	2020-04-07
England/20154082104/2020	2020-04-07
England/20154083604/2020	2020-04-07
England/20154083704/2020	2020-04-07
England/20156001904/2020	2020-04-07
England/20156047904/2020	2020-04-07
England/20156050804/2020	2020-04-07
England/BRIS-1236C8/2020	2020-04-07
England/BRIS-12374D/2020	2020-04-07
England/BRIS-123868/2020	2020-04-07
England/BRIS-123956/2020	2020-04-07
England/BRIS-123983/2020	2020-04-07
England/BRIS-123992/2020	2020-04-07
England/BRIS-1239B0/2020	2020-04-07
England/BRIS-1239DE/2020	2020-04-07
England/BRIS-1239ED/2020	2020-04-07
England/BRIS-123A35/2020	2020-04-07
England/BRIS-123A62/2020	2020-04-07
England/BRIS-123A9F/2020	2020-04-07
England/BRIS-123AAE/2020	2020-04-07
England/BRIS-123ABD/2020	2020-04-07
England/BRIS-123AEA/2020	2020-04-07
England/BRIS-123B14/2020	2020-04-07
England/BRIS-123B23/2020	2020-04-07
England/BRIS-123B6F/2020	2020-04-07
England/BRIS-123BBA/2020	2020-04-07
England/BRIS-123C02/2020	2020-04-07
England/BRIS-123C11/2020	2020-04-07
England/BRIS-123C20/2020	2020-04-07
England/BRIS-123C3F/2020	2020-04-07
England/BRIS-126917/2020	2020-04-07
England/BRIS-126926/2020	2020-04-07
England/CAMB-7880B/2020	2020-04-07
England/CAMB-78829/2020	2020-04-07
England/CAMB-788B0/2020	2020-04-07
England/CAMB-788ED/2020	2020-04-07
England/CAMB-78980/2020	2020-04-07
England/CAMB-7899F/2020	2020-04-07
England/CAMB-789F9/2020	2020-04-07
England/CAMB-78A14/2020	2020-04-07
England/CAMB-78ABA/2020	2020-04-07
England/CAMB-7A8FA/2020	2020-04-07
England/CAMB-7AA7C/2020	2020-04-07
England/CAMB-7AAA9/2020	2020-04-07
England/CAMB-7AAD6/2020	2020-04-07
England/CAMB-7ABA6/2020	2020-04-07
England/CAMB-7AC94/2020	2020-04-07
England/CAMB-7AD19/2020	2020-04-07
England/CAMB-7AD55/2020	2020-04-07
England/CAMB-7D4A8/2020	2020-04-07
England/CAMB-7D54B/2020	2020-04-07
England/CAMB-7D60C/2020	2020-04-07
England/CAMB-7D62A/2020	2020-04-07
England/CAMB-7D639/2020	2020-04-07
England/CAMB-7D666/2020	2020-04-07
England/CAMB-7D693/2020	2020-04-07
England/CAMB-7D815/2020	2020-04-07
England/CAMB-7D833/2020	2020-04-07
England/CAMB-7D903/2020	2020-04-07
England/CAMB-7D9F4/2020	2020-04-07
England/CAMB-7DA2E/2020	2020-04-07
England/CAMB-7DAE2/2020	2020-04-07
England/CAMB-7DB49/2020	2020-04-07
England/CAMB-7DB85/2020	2020-04-07
England/CAMB-7DBEF/2020	2020-04-07
England/CAMB-7DD43/2020	2020-04-07
England/CAMB-7DD8F/2020	2020-04-07
England/CAMB-7DDCB/2020	2020-04-07
England/CAMB-7DE40/2020	2020-04-07
England/CAMB-7DF6B/2020	2020-04-07
England/CAMB-7E02B/2020	2020-04-07
England/CAMB-7E0C1/2020	2020-04-07
England/CAMB-7E0FE/2020	2020-04-07
England/CAMB-7E665/2020	2020-04-07
England/CAMB-7E850/2020	2020-04-07
England/CAMB-7E98A/2020	2020-04-07
England/CAMB-7E9A8/2020	2020-04-07
England/CAMB-7EA2D/2020	2020-04-07
England/CAMB-7EA4B/2020	2020-04-07
England/CAMB-7EA69/2020	2020-04-07
England/CAMB-7EB1B/2020	2020-04-07
England/CAMB-7EB39/2020	2020-04-07
England/CAMB-7EB84/2020	2020-04-07
England/CAMB-7EBB1/2020	2020-04-07
England/CAMB-7EBEE/2020	2020-04-07
England/CAMB-7EC27/2020	2020-04-07
England/CAMB-7EC36/2020	2020-04-07
England/CAMB-7EC45/2020	2020-04-07
England/CAMB-7EC63/2020	2020-04-07
England/CAMB-7EC72/2020	2020-04-07
England/CAMB-7EC90/2020	2020-04-07
England/CAMB-7ED24/2020	2020-04-07
England/CAMB-7ED51/2020	2020-04-07
England/CAMB-7ED8E/2020	2020-04-07
England/CAMB-7EDE8/2020	2020-04-07
England/CAMB-7EE21/2020	2020-04-07
England/CAMB-7EE30/2020	2020-04-07
England/CAMB-7EE6D/2020	2020-04-07
England/CAMB-7EEC7/2020	2020-04-07
England/CAMB-7EEE5/2020	2020-04-07
England/CAMB-7EF2E/2020	2020-04-07
England/CAMB-7EF6A/2020	2020-04-07
England/CAMB-7F00C/2020	2020-04-07
England/CAMB-7F172/2020	2020-04-07
England/CAMB-7F190/2020	2020-04-07
England/CAMB-7F41F/2020	2020-04-07
England/CAMB-809B2/2020	2020-04-07
England/EXET-1350A7/2020	2020-04-07
England/EXET-135353/2020	2020-04-07
England/EXET-135362/2020	2020-04-07
England/EXET-135AE5/2020	2020-04-07
England/EXET-135B6A/2020	2020-04-07
England/EXET-135E70/2020	2020-04-07
England/LIVE-98F2E/2020	2020-04-07
England/LIVE-98F4C/2020	2020-04-07
England/LIVE-98F6A/2020	2020-04-07
England/LIVE-98F79/2020	2020-04-07
England/LIVE-98F97/2020	2020-04-07
England/LIVE-98FD3/2020	2020-04-07
England/LIVE-98FF1/2020	2020-04-07
England/LIVE-9900C/2020	2020-04-07
England/LIVE-9901B/2020	2020-04-07
England/LIVE-9902A/2020	2020-04-07
England/LIVE-99039/2020	2020-04-07
England/LIVE-99048/2020	2020-04-07
England/LIVE-99233/2020	2020-04-07
England/LIVE-99251/2020	2020-04-07
England/LIVE-9927F/2020	2020-04-07
England/LIVE-99321/2020	2020-04-07
England/NORT-289F97/2020	2020-04-07
England/NOTT-10FAA8/2020	2020-04-07
England/NOTT-10FAC6/2020	2020-04-07
England/NOTT-10FB0F/2020	2020-04-07
England/NOTT-10FB3C/2020	2020-04-07
England/NOTT-10FB4B/2020	2020-04-07
England/NOTT-10FB69/2020	2020-04-07
England/NOTT-10FBE1/2020	2020-04-07
England/NOTT-10FC2A/2020	2020-04-07
England/NOTT-10FC39/2020	2020-04-07
England/NOTT-1106EC/2020	2020-04-07
England/OXON-AC428/2020	2020-04-07
England/OXON-AC4A0/2020	2020-04-07
England/OXON-AC4CE/2020	2020-04-07
England/OXON-AC507/2020	2020-04-07
England/OXON-AC561/2020	2020-04-07
England/OXON-AC640/2020	2020-04-07
England/OXON-AC68C/2020	2020-04-07
England/OXON-AC983/2020	2020-04-07
England/OXON-ACA08/2020	2020-04-07
England/OXON-ACFCD/2020	2020-04-07
England/OXON-ACFDC/2020	2020-04-07
England/OXON-AD041/2020	2020-04-07
England/OXON-AD08D/2020	2020-04-07
England/OXON-AD0C9/2020	2020-04-07
England/OXON-AD296/2020	2020-04-07
England/OXON-AD3DF/2020	2020-04-07
England/OXON-AD75B/2020	2020-04-07
England/OXON-AD81C/2020	2020-04-07
England/OXON-ADCB6/2020	2020-04-07
England/OXON-ADDD1/2020	2020-04-07
England/OXON-ADFF9/2020	2020-04-07
England/OXON-AE013/2020	2020-04-07
England/OXON-AE031/2020	2020-04-07
England/OXON-AE07D/2020	2020-04-07
England/OXON-AE295/2020	2020-04-07
England/OXON-AE6E4/2020	2020-04-07
England/OXON-AE778/2020	2020-04-07
England/OXON-AE990/2020	2020-04-07
England/OXON-AE9FA/2020	2020-04-07
England/OXON-AEACA/2020	2020-04-07
England/OXON-AEB21/2020	2020-04-07
England/OXON-AEBB8/2020	2020-04-07
England/OXON-AEC3D/2020	2020-04-07
England/OXON-AEF9E/2020	2020-04-07
England/OXON-AF0F4/2020	2020-04-07
England/OXON-AF9EA/2020	2020-04-07
England/OXON-B1B76/2020	2020-04-07
England/PHEC-1DF4F/2020	2020-04-07
England/PHEC-1E078/2020	2020-04-07
England/PHEC-1F0A4/2020	2020-04-07
England/SHEF-C0CEA/2020	2020-04-07
England/SHEF-C11BD/2020	2020-04-07
England/SHEF-C7BB9/2020	2020-04-07
England/SHEF-C8408/2020	2020-04-07
England/SHEF-C89EB/2020	2020-04-07
England/SHEF-CD3E8/2020	2020-04-07
England/SHEF-CF00D/2020	2020-04-07
England/SHEF-D223E/2020	2020-04-07
Northern_Ireland/NIRE-FB080/2020	2020-04-07
Northern_Ireland/NIRE-FB105/2020	2020-04-07
Northern_Ireland/NIRE-FB132/2020	2020-04-07
Northern_Ireland/NIRE-FB897/2020	2020-04-07
Northern_Ireland/NIRE-FB8B5/2020	2020-04-07
Scotland/CVR1805/2020	2020-04-07
Scotland/CVR1806/2020	2020-04-07
Scotland/CVR1816/2020	2020-04-07
Scotland/CVR1822/2020	2020-04-07
Scotland/CVR1826/2020	2020-04-07
Scotland/CVR1886/2020	2020-04-07
Scotland/CVR1910/2020	2020-04-07
Scotland/CVR1919/2020	2020-04-07
Scotland/CVR1926/2020	2020-04-07
Scotland/CVR1951/2020	2020-04-07
Scotland/EDB1080/2020	2020-04-07
Scotland/EDB1095/2020	2020-04-07
Scotland/EDB1096/2020	2020-04-07
Scotland/EDB1150/2020	2020-04-07
Scotland/EDB1151/2020	2020-04-07
Scotland/EDB1171/2020	2020-04-07
Scotland/EDB3227/2020	2020-04-07
Scotland/EDB3230/2020	2020-04-07
Scotland/EDB3236/2020	2020-04-07
Scotland/EDB3237/2020	2020-04-07
Scotland/EDB3245/2020	2020-04-07
Scotland/EDB3260/2020	2020-04-07
Scotland/EDB3264/2020	2020-04-07
Scotland/EDB3268/2020	2020-04-07
Scotland/EDB3269/2020	2020-04-07
Scotland/EDB3270/2020	2020-04-07
Scotland/EDB3271/2020	2020-04-07
Scotland/EDB3278/2020	2020-04-07
Scotland/EDB3285/2020	2020-04-07
Scotland/EDB3286/2020	2020-04-07
Scotland/GCVR-1739DF/2020	2020-04-07
Scotland/GCVR-1739EE/2020	2020-04-07
Scotland/GCVR-1739FD/2020	2020-04-07
Scotland/GCVR-173A45/2020	2020-04-07
Scotland/GCVR-173A54/2020	2020-04-07
Scotland/GCVR-173A63/2020	2020-04-07
Scotland/GCVR-173A81/2020	2020-04-07
Scotland/GCVR-173A90/2020	2020-04-07
Scotland/GCVR-173ABE/2020	2020-04-07
Scotland/GCVR-173ACD/2020	2020-04-07
Scotland/GCVR-173B06/2020	2020-04-07
Scotland/GCVR-173B24/2020	2020-04-07
Scotland/GCVR-173B51/2020	2020-04-07
Scotland/GCVR-173BAC/2020	2020-04-07
Scotland/GCVR-173BF7/2020	2020-04-07
Scotland/GCVR-173C30/2020	2020-04-07
Scotland/GCVR-173C4F/2020	2020-04-07
Scotland/GCVR-173C6D/2020	2020-04-07
Scotland/GCVR-173CB8/2020	2020-04-07
Scotland/GCVR-173CC7/2020	2020-04-07
Scotland/GCVR-173CF4/2020	2020-04-07
Scotland/GCVR-173D4C/2020	2020-04-07
Scotland/GCVR-173D79/2020	2020-04-07
Scotland/GCVR-173DD3/2020	2020-04-07
Scotland/GCVR-173DF1/2020	2020-04-07
Wales/PHWC-1604B6/2020	2020-04-07
Wales/PHWC-2A2FB/2020	2020-04-07
Wales/PHWC-2A54D/2020	2020-04-07
Wales/PHWC-2A57A/2020	2020-04-07
Wales/PHWC-2A677/2020	2020-04-07
Wales/PHWC-2A686/2020	2020-04-07
Wales/PHWC-2A6B3/2020	2020-04-07
Wales/PHWC-2A7DE/2020	2020-04-07
Wales/PHWC-2A808/2020	2020-04-07
Wales/PHWC-2A817/2020	2020-04-07
Wales/PHWC-2A862/2020	2020-04-07
Wales/PHWC-2A8CC/2020	2020-04-07
Wales/PHWC-2A8DB/2020	2020-04-07
Wales/PHWC-2A932/2020	2020-04-07
Wales/PHWC-2A96F/2020	2020-04-07
Wales/PHWC-2A9C9/2020	2020-04-07
Wales/PHWC-2AA3F/2020	2020-04-07
Wales/PHWC-2AA5D/2020	2020-04-07
Wales/PHWC-2AA6C/2020	2020-04-07
Wales/PHWC-2AA8A/2020	2020-04-07
Wales/PHWC-2AB69/2020	2020-04-07
Wales/PHWC-2AB87/2020	2020-04-07
Wales/PHWC-2AE33/2020	2020-04-07
Wales/PHWC-2AE42/2020	2020-04-07
Wales/PHWC-2AE7F/2020	2020-04-07
Wales/PHWC-2AE8E/2020	2020-04-07
Wales/PHWC-2AEBB/2020	2020-04-07
Wales/PHWC-2AECA/2020	2020-04-07
Wales/PHWC-2AF4F/2020	2020-04-07
Wales/PHWC-2AFC7/2020	2020-04-07
Wales/PHWC-2AFE5/2020	2020-04-07
Wales/PHWC-2B00F/2020	2020-04-07
Wales/PHWC-2B087/2020	2020-04-07
Wales/PHWC-2B096/2020	2020-04-07
Wales/PHWC-2B0A5/2020	2020-04-07
Wales/PHWC-2B0B4/2020	2020-04-07
Wales/PHWC-2B0F0/2020	2020-04-07
Wales/PHWC-2B11B/2020	2020-04-07
Wales/PHWC-2B148/2020	2020-04-07
Wales/PHWC-2B175/2020	2020-04-07
Wales/PHWC-2B1A2/2020	2020-04-07
Wales/PHWC-2B1B1/2020	2020-04-07
Wales/PHWC-2B1EE/2020	2020-04-07
Wales/PHWC-2B324/2020	2020-04-07
Wales/PHWC-2B8E9/2020	2020-04-07
Wales/PHWC-2BD35/2020	2020-04-07
Wales/PHWC-2BD62/2020	2020-04-07
Wales/PHWC-2E172/2020	2020-04-07
Wales/PHWC-2E181/2020	2020-04-07
Wales/PHWC-2E1BE/2020	2020-04-07
Wales/PHWC-2E224/2020	2020-04-07
Wales/PHWC-2E233/2020	2020-04-07
Wales/PHWC-2E29D/2020	2020-04-07
Wales/PHWC-2E97A/2020	2020-04-07
Wales/PHWC-2E989/2020	2020-04-07
Wales/PHWC-2E998/2020	2020-04-07
Wales/PHWC-2E9D4/2020	2020-04-07
Wales/PHWC-2E9E3/2020	2020-04-07
Wales/PHWC-2E9F2/2020	2020-04-07
Wales/PHWC-2EA0E/2020	2020-04-07
Wales/PHWC-2EA2C/2020	2020-04-07
Wales/PHWC-2EA4A/2020	2020-04-07
Wales/PHWC-2EA59/2020	2020-04-07
Wales/PHWC-2EA68/2020	2020-04-07
Wales/PHWC-2EA86/2020	2020-04-07
Wales/PHWC-2EAB3/2020	2020-04-07
Wales/PHWC-2EAD1/2020	2020-04-07
Wales/PHWC-2EAE0/2020	2020-04-07
Wales/PHWC-2EB0B/2020	2020-04-07
Wales/PHWC-2EB29/2020	2020-04-07
Wales/PHWC-2EB92/2020	2020-04-07
Wales/PHWC-2EBDE/2020	2020-04-07
Wales/PHWC-2EBED/2020	2020-04-07
Wales/PHWC-2ECBD/2020	2020-04-07
Wales/PHWC-2ECCC/2020	2020-04-07
Wales/PHWC-2ECEA/2020	2020-04-07
Wales/PHWC-2ED8D/2020	2020-04-07
Wales/PHWC-2EDBA/2020	2020-04-07
Wales/PHWC-2EDC9/2020	2020-04-07
Wales/PHWC-2EDF6/2020	2020-04-07
Wales/PHWC-2EE11/2020	2020-04-07
Wales/PHWC-2EE5D/2020	2020-04-07
Wales/PHWC-2EE7B/2020	2020-04-07
Wales/PHWC-2EE99/2020	2020-04-07
Wales/PHWC-2EF0F/2020	2020-04-07
Wales/PHWC-2F29C/2020	2020-04-07
Wales/PHWC-31E1B/2020	2020-04-07
Wales/PHWC-31E48/2020	2020-04-07
Wales/PHWC-31E57/2020	2020-04-07
Wales/PHWC-31E93/2020	2020-04-07
Wales/PHWC-31EA2/2020	2020-04-07
Wales/PHWC-31EB1/2020	2020-04-07
Wales/PHWC-31EC0/2020	2020-04-07
Wales/PHWC-31F27/2020	2020-04-07
Wales/PHWC-31F36/2020	2020-04-07
Wales/PHWC-32551/2020	2020-04-07
Wales/PHWC-32C98/2020	2020-04-07
Wales/PHWC-32CB6/2020	2020-04-07
England/20156001604/2020	2020-04-08
England/20156004604/2020	2020-04-08
England/20156044904/2020	2020-04-08
England/20164070704/2020	2020-04-08
England/BRIS-123C4E/2020	2020-04-08
England/BRIS-123C5D/2020	2020-04-08
England/BRIS-12663E/2020	2020-04-08
England/BRIS-126874/2020	2020-04-08
England/BRIS-1269DB/2020	2020-04-08
England/BRIS-126CF0/2020	2020-04-08
England/BRIS-126D39/2020	2020-04-08
England/BRIS-126D48/2020	2020-04-08
England/BRIS-126DA2/2020	2020-04-08
England/BRIS-126E36/2020	2020-04-08
England/BRIS-12E223/2020	2020-04-08
England/CAMB-787B3/2020	2020-04-08
England/CAMB-78838/2020	2020-04-08
England/CAMB-7AA30/2020	2020-04-08
England/CAMB-7AB1F/2020	2020-04-08
England/CAMB-7AB3D/2020	2020-04-08
England/CAMB-7AC49/2020	2020-04-08
England/CAMB-7AC58/2020	2020-04-08
England/CAMB-7AC76/2020	2020-04-08
England/CAMB-7AD0A/2020	2020-04-08
England/CAMB-7AD82/2020	2020-04-08
England/CAMB-7ADBF/2020	2020-04-08
England/CAMB-7E7DB/2020	2020-04-08
England/CAMB-7E7EA/2020	2020-04-08
England/CAMB-7E805/2020	2020-04-08
England/CAMB-7E823/2020	2020-04-08
England/CAMB-7E86F/2020	2020-04-08
England/CAMB-7E8BA/2020	2020-04-08
England/CAMB-7E8E7/2020	2020-04-08
England/CAMB-7E8F6/2020	2020-04-08
England/CAMB-7E911/2020	2020-04-08
England/CAMB-7E920/2020	2020-04-08
England/CAMB-7E93F/2020	2020-04-08
England/CAMB-7EA5A/2020	2020-04-08
England/CAMB-7EAB4/2020	2020-04-08
England/CAMB-7EE5E/2020	2020-04-08
England/CAMB-7EF00/2020	2020-04-08
England/CAMB-7EF88/2020	2020-04-08
England/CAMB-7EFB5/2020	2020-04-08
England/CAMB-7EFC4/2020	2020-04-08
England/CAMB-7EFD3/2020	2020-04-08
England/CAMB-7F0B1/2020	2020-04-08
England/CAMB-7F0FD/2020	2020-04-08
England/CAMB-7F118/2020	2020-04-08
England/CAMB-7F1AF/2020	2020-04-08
England/CAMB-7F1DC/2020	2020-04-08
England/CAMB-7F215/2020	2020-04-08
England/CAMB-7F242/2020	2020-04-08
England/CAMB-7F251/2020	2020-04-08
England/CAMB-7F27F/2020	2020-04-08
England/CAMB-7F29D/2020	2020-04-08
England/CAMB-7F303/2020	2020-04-08
England/CAMB-7F312/2020	2020-04-08
England/CAMB-7F36D/2020	2020-04-08
England/CAMB-7F39A/2020	2020-04-08
England/CAMB-7F400/2020	2020-04-08
England/CAMB-7F45B/2020	2020-04-08
England/CAMB-7F46A/2020	2020-04-08
England/CAMB-7F479/2020	2020-04-08
England/CAMB-7F4B5/2020	2020-04-08
England/CAMB-7F5EF/2020	2020-04-08
England/CAMB-7F664/2020	2020-04-08
England/CAMB-7F673/2020	2020-04-08
England/CAMB-7F6FB/2020	2020-04-08
England/CAMB-7F7BC/2020	2020-04-08
England/CAMB-7F7CB/2020	2020-04-08
England/CAMB-7F8B9/2020	2020-04-08
England/CAMB-7F93E/2020	2020-04-08
England/CAMB-7F9D4/2020	2020-04-08
England/CAMB-7FA0E/2020	2020-04-08
England/CAMB-7FA59/2020	2020-04-08
England/CAMB-7FA86/2020	2020-04-08
England/CAMB-7FA95/2020	2020-04-08
England/CAMB-7FAC2/2020	2020-04-08
England/CAMB-7FF0F/2020	2020-04-08
England/EXET-135335/2020	2020-04-08
England/EXET-1355C6/2020	2020-04-08
England/EXET-135D28/2020	2020-04-08
England/LIVE-992D9/2020	2020-04-08
England/LIVE-9939A/2020	2020-04-08
England/LIVE-993D6/2020	2020-04-08
England/LIVE-99400/2020	2020-04-08
England/LIVE-9941F/2020	2020-04-08
England/LIVE-9944C/2020	2020-04-08
England/LIVE-9945B/2020	2020-04-08
England/LIVE-994D3/2020	2020-04-08
England/LIVE-9952B/2020	2020-04-08
England/LIVE-9953A/2020	2020-04-08
England/LIVE-995C1/2020	2020-04-08
England/LIVE-995D0/2020	2020-04-08
England/LIVE-995EF/2020	2020-04-08
England/LIVE-996CE/2020	2020-04-08
England/LIVE-99901/2020	2020-04-08
England/LOND-D43FD/2020	2020-04-08
England/LOND-D4445/2020	2020-04-08
England/LOND-D4454/2020	2020-04-08
England/LOND-D4472/2020	2020-04-08
England/LOND-D4481/2020	2020-04-08
England/LOND-D44AF/2020	2020-04-08
England/LOND-D44BE/2020	2020-04-08
England/LOND-D457F/2020	2020-04-08
England/LOND-D45AC/2020	2020-04-08
England/LOND-D4630/2020	2020-04-08
England/LOND-D70D5/2020	2020-04-08
England/NORW-E6E15/2020	2020-04-08
England/NORW-E6F21/2020	2020-04-08
England/NORW-E6FC7/2020	2020-04-08
England/NORW-E7324/2020	2020-04-08
England/NORW-E8059/2020	2020-04-08
England/NORW-E8068/2020	2020-04-08
England/NORW-E80C2/2020	2020-04-08
England/NORW-E80D1/2020	2020-04-08
England/NORW-E8129/2020	2020-04-08
England/NORW-E8138/2020	2020-04-08
England/NORW-E8147/2020	2020-04-08
England/NORW-E8174/2020	2020-04-08
England/NORW-E8183/2020	2020-04-08
England/NORW-E81A1/2020	2020-04-08
England/NORW-E81B0/2020	2020-04-08
England/NORW-E81DE/2020	2020-04-08
England/NORW-E81FC/2020	2020-04-08
England/NORW-E8208/2020	2020-04-08
England/NORW-E8235/2020	2020-04-08
England/NORW-E8244/2020	2020-04-08
England/NORW-E8262/2020	2020-04-08
England/NORW-E8280/2020	2020-04-08
England/NORW-E829F/2020	2020-04-08
England/NORW-E82AE/2020	2020-04-08
England/NORW-E82EA/2020	2020-04-08
England/NORW-E8305/2020	2020-04-08
England/NORW-E8314/2020	2020-04-08
England/NORW-E83AB/2020	2020-04-08
England/NOTT-10FC66/2020	2020-04-08
England/NOTT-10FC84/2020	2020-04-08
England/NOTT-10FCB1/2020	2020-04-08
England/NOTT-10FD63/2020	2020-04-08
England/NOTT-10FDAF/2020	2020-04-08
England/OXON-AD1B7/2020	2020-04-08
England/OXON-AD454/2020	2020-04-08
England/OXON-AD858/2020	2020-04-08
England/OXON-ADB5F/2020	2020-04-08
England/OXON-ADBB9/2020	2020-04-08
England/OXON-ADFBD/2020	2020-04-08
England/OXON-AE57E/2020	2020-04-08
England/OXON-AE71E/2020	2020-04-08
England/OXON-AE8DF/2020	2020-04-08
England/OXON-AEC5B/2020	2020-04-08
England/OXON-AEE55/2020	2020-04-08
England/OXON-AEEA0/2020	2020-04-08
England/OXON-AF407/2020	2020-04-08
England/OXON-AF443/2020	2020-04-08
England/OXON-AF4CB/2020	2020-04-08
England/OXON-AF64D/2020	2020-04-08
England/PHEC-1DE60/2020	2020-04-08
England/PHEC-1DE8E/2020	2020-04-08
England/PHEC-1DEAC/2020	2020-04-08
England/PHEC-1DEBB/2020	2020-04-08
England/PHEC-1DECA/2020	2020-04-08
England/PHEC-1DEF7/2020	2020-04-08
England/PHEC-1DF21/2020	2020-04-08
England/PHEC-1DFD6/2020	2020-04-08
England/PHEC-1E096/2020	2020-04-08
England/PHEC-1E281/2020	2020-04-08
England/PHEC-1E2AF/2020	2020-04-08
England/PHEC-1E2CD/2020	2020-04-08
England/PHEC-1F0E0/2020	2020-04-08
England/PHEC-20D21/2020	2020-04-08
England/SHEF-C2E4C/2020	2020-04-08
England/SHEF-C3FDF/2020	2020-04-08
England/SHEF-C4BDA/2020	2020-04-08
England/SHEF-C5429/2020	2020-04-08
England/SHEF-C7515/2020	2020-04-08
England/SHEF-CB1E0/2020	2020-04-08
England/SHEF-CE9A9/2020	2020-04-08
England/SHEF-CF216/2020	2020-04-08
England/SHEF-D0EB4/2020	2020-04-08
England/SHEF-D3024/2020	2020-04-08
Northern_Ireland/NIRE-103E7B/2020	2020-04-08
Northern_Ireland/NIRE-103EC6/2020	2020-04-08
Northern_Ireland/NIRE-103EE4/2020	2020-04-08
Northern_Ireland/NIRE-103F0F/2020	2020-04-08
Northern_Ireland/NIRE-103F2D/2020	2020-04-08
Northern_Ireland/NIRE-103F3C/2020	2020-04-08
Northern_Ireland/NIRE-103FA5/2020	2020-04-08
Northern_Ireland/NIRE-FB85B/2020	2020-04-08
Scotland/CVR1883/2020	2020-04-08
Scotland/CVR1891/2020	2020-04-08
Scotland/CVR1897/2020	2020-04-08
Scotland/CVR1899/2020	2020-04-08
Scotland/CVR1900/2020	2020-04-08
Scotland/CVR1901/2020	2020-04-08
Scotland/CVR1903/2020	2020-04-08
Scotland/CVR1904/2020	2020-04-08
Scotland/CVR1905/2020	2020-04-08
Scotland/CVR1911/2020	2020-04-08
Scotland/CVR1927/2020	2020-04-08
Scotland/CVR1931/2020	2020-04-08
Scotland/CVR1935/2020	2020-04-08
Scotland/CVR1938/2020	2020-04-08
Scotland/CVR1940/2020	2020-04-08
Scotland/CVR1952/2020	2020-04-08
Scotland/CVR1953/2020	2020-04-08
Scotland/CVR1956/2020	2020-04-08
Scotland/CVR1957/2020	2020-04-08
Scotland/CVR1958/2020	2020-04-08
Scotland/CVR1962/2020	2020-04-08
Scotland/CVR1968/2020	2020-04-08
Scotland/CVR1977/2020	2020-04-08
Scotland/CVR1986/2020	2020-04-08
Scotland/CVR2036/2020	2020-04-08
Scotland/EDB1102/2020	2020-04-08
Scotland/EDB1105/2020	2020-04-08
Scotland/EDB1106/2020	2020-04-08
Scotland/EDB1107/2020	2020-04-08
Scotland/EDB1179/2020	2020-04-08
Scotland/EDB1207/2020	2020-04-08
Scotland/EDB3280/2020	2020-04-08
Scotland/EDB3282/2020	2020-04-08
Scotland/EDB3290/2020	2020-04-08
Scotland/EDB3292/2020	2020-04-08
Scotland/EDB3294/2020	2020-04-08
Scotland/EDB3295/2020	2020-04-08
Scotland/EDB3296/2020	2020-04-08
Scotland/EDB3298/2020	2020-04-08
Scotland/EDB3299/2020	2020-04-08
Scotland/EDB3303/2020	2020-04-08
Scotland/EDB3305/2020	2020-04-08
Scotland/EDB3313/2020	2020-04-08
Wales/PHWC-15CD49/2020	2020-04-08
Wales/PHWC-160D8E/2020	2020-04-08
Wales/PHWC-160DCA/2020	2020-04-08
Wales/PHWC-160F5B/2020	2020-04-08
Wales/PHWC-2A7ED/2020	2020-04-08
Wales/PHWC-2A7FC/2020	2020-04-08
Wales/PHWC-2A89F/2020	2020-04-08
Wales/PHWC-2A914/2020	2020-04-08
Wales/PHWC-2A923/2020	2020-04-08
Wales/PHWC-2A941/2020	2020-04-08
Wales/PHWC-2AE9D/2020	2020-04-08
Wales/PHWC-2AEAC/2020	2020-04-08
Wales/PHWC-2AEF7/2020	2020-04-08
Wales/PHWC-2AF9A/2020	2020-04-08
Wales/PHWC-2B02D/2020	2020-04-08
Wales/PHWC-2B05A/2020	2020-04-08
Wales/PHWC-2B069/2020	2020-04-08
Wales/PHWC-2B0D2/2020	2020-04-08
Wales/PHWC-2B157/2020	2020-04-08
Wales/PHWC-2B184/2020	2020-04-08
Wales/PHWC-2B1C0/2020	2020-04-08
Wales/PHWC-2B1FD/2020	2020-04-08
Wales/PHWC-2B209/2020	2020-04-08
Wales/PHWC-2B218/2020	2020-04-08
Wales/PHWC-2B236/2020	2020-04-08
Wales/PHWC-2B245/2020	2020-04-08
Wales/PHWC-2B254/2020	2020-04-08
Wales/PHWC-2B281/2020	2020-04-08
Wales/PHWC-2B290/2020	2020-04-08
Wales/PHWC-2B2AF/2020	2020-04-08
Wales/PHWC-2B2CD/2020	2020-04-08
Wales/PHWC-2B306/2020	2020-04-08
Wales/PHWC-2B315/2020	2020-04-08
Wales/PHWC-2B89E/2020	2020-04-08
Wales/PHWC-2B96E/2020	2020-04-08
Wales/PHWC-2BD71/2020	2020-04-08
Wales/PHWC-2BEF6/2020	2020-04-08
Wales/PHWC-2BF11/2020	2020-04-08
Wales/PHWC-2BF20/2020	2020-04-08
Wales/PHWC-2BF5D/2020	2020-04-08
Wales/PHWC-2DEB8/2020	2020-04-08
Wales/PHWC-2DED6/2020	2020-04-08
Wales/PHWC-2EB1A/2020	2020-04-08
Wales/PHWC-2F3D5/2020	2020-04-08
Wales/PHWC-2F42D/2020	2020-04-08
Wales/PHWC-2F469/2020	2020-04-08
Wales/PHWC-3078A/2020	2020-04-08
Wales/PHWC-307A8/2020	2020-04-08
Wales/PHWC-307B7/2020	2020-04-08
Wales/PHWC-307C6/2020	2020-04-08
Wales/PHWC-307D5/2020	2020-04-08
Wales/PHWC-307E4/2020	2020-04-08
Wales/PHWC-307F3/2020	2020-04-08
Wales/PHWC-3081E/2020	2020-04-08
Wales/PHWC-3082D/2020	2020-04-08
Wales/PHWC-3083C/2020	2020-04-08
Wales/PHWC-308C3/2020	2020-04-08
Wales/PHWC-3090C/2020	2020-04-08
Wales/PHWC-3092A/2020	2020-04-08
Wales/PHWC-30939/2020	2020-04-08
Wales/PHWC-30948/2020	2020-04-08
Wales/PHWC-30975/2020	2020-04-08
Wales/PHWC-30984/2020	2020-04-08
Wales/PHWC-309C0/2020	2020-04-08
Wales/PHWC-30A18/2020	2020-04-08
Wales/PHWC-32296/2020	2020-04-08
Wales/PHWC-322B4/2020	2020-04-08
Wales/PHWC-322C3/2020	2020-04-08
Wales/PHWC-322D2/2020	2020-04-08
Wales/PHWC-322F0/2020	2020-04-08
Wales/PHWC-3231B/2020	2020-04-08
Wales/PHWC-32339/2020	2020-04-08
Wales/PHWC-32375/2020	2020-04-08
Wales/PHWC-323B1/2020	2020-04-08
England/20156000204/2020	2020-04-09
England/20156043304/2020	2020-04-09
England/20156047404/2020	2020-04-09
England/BRIS-126030/2020	2020-04-09
England/BRIS-12604F/2020	2020-04-09
England/BRIS-12605E/2020	2020-04-09
England/BRIS-12606D/2020	2020-04-09
England/BRIS-12609A/2020	2020-04-09
England/BRIS-1260D6/2020	2020-04-09
England/BRIS-12616A/2020	2020-04-09
England/BRIS-126179/2020	2020-04-09
England/BRIS-126197/2020	2020-04-09
England/BRIS-1261B5/2020	2020-04-09
England/BRIS-1261C4/2020	2020-04-09
England/BRIS-12621C/2020	2020-04-09
England/BRIS-12664D/2020	2020-04-09
England/BRIS-12665C/2020	2020-04-09
England/BRIS-12666B/2020	2020-04-09
England/BRIS-12667A/2020	2020-04-09
England/BRIS-126689/2020	2020-04-09
England/BRIS-1266D4/2020	2020-04-09
England/BRIS-1266F2/2020	2020-04-09
England/BRIS-12671D/2020	2020-04-09
England/BRIS-126768/2020	2020-04-09
England/BRIS-126838/2020	2020-04-09
England/BRIS-1268FC/2020	2020-04-09
England/BRIS-126962/2020	2020-04-09
England/BRIS-126971/2020	2020-04-09
England/BRIS-12699F/2020	2020-04-09
England/BRIS-1269BD/2020	2020-04-09
England/BRIS-126A23/2020	2020-04-09
England/BRIS-126A32/2020	2020-04-09
England/BRIS-126A41/2020	2020-04-09
England/BRIS-126AD8/2020	2020-04-09
England/BRIS-126AE7/2020	2020-04-09
England/BRIS-126AF6/2020	2020-04-09
England/BRIS-126BC6/2020	2020-04-09
England/BRIS-126C3C/2020	2020-04-09
England/BRIS-126C87/2020	2020-04-09
England/BRIS-126D75/2020	2020-04-09
England/BRIS-126DEE/2020	2020-04-09
England/BRIS-128C2B/2020	2020-04-09
England/CAMB-7ABF1/2020	2020-04-09
England/CAMB-7AE43/2020	2020-04-09
England/CAMB-7AE70/2020	2020-04-09
England/CAMB-7AEF8/2020	2020-04-09
England/CAMB-7AFAA/2020	2020-04-09
England/CAMB-7B158/2020	2020-04-09
England/CAMB-7F646/2020	2020-04-09
England/CAMB-7F655/2020	2020-04-09
England/CAMB-7F691/2020	2020-04-09
England/CAMB-7F716/2020	2020-04-09
England/CAMB-7F734/2020	2020-04-09
England/CAMB-7F752/2020	2020-04-09
England/CAMB-7F7F8/2020	2020-04-09
England/CAMB-7F813/2020	2020-04-09
England/CAMB-7F95C/2020	2020-04-09
England/CAMB-7F989/2020	2020-04-09
England/CAMB-7F9C5/2020	2020-04-09
England/CAMB-8009F/2020	2020-04-09
England/CAMB-800BD/2020	2020-04-09
England/CAMB-800CC/2020	2020-04-09
England/CAMB-800DB/2020	2020-04-09
England/CAMB-80105/2020	2020-04-09
England/CAMB-80123/2020	2020-04-09
England/CAMB-80132/2020	2020-04-09
England/CAMB-80141/2020	2020-04-09
England/CAMB-8017E/2020	2020-04-09
England/CAMB-8018D/2020	2020-04-09
England/CAMB-801AB/2020	2020-04-09
England/CAMB-801C9/2020	2020-04-09
England/CAMB-801E7/2020	2020-04-09
England/CAMB-8040C/2020	2020-04-09
England/CAMB-80484/2020	2020-04-09
England/CAMB-80527/2020	2020-04-09
England/CAMB-80572/2020	2020-04-09
England/CAMB-805AF/2020	2020-04-09
England/CAMB-805BE/2020	2020-04-09
England/CAMB-805EB/2020	2020-04-09
England/CAMB-8085B/2020	2020-04-09
England/CAMB-809A3/2020	2020-04-09
England/CAMB-809D0/2020	2020-04-09
England/CAMB-809FE/2020	2020-04-09
England/CAMB-81438/2020	2020-04-09
England/EXET-135748/2020	2020-04-09
England/EXET-1359CA/2020	2020-04-09
England/EXET-135B2E/2020	2020-04-09
England/EXET-135B4C/2020	2020-04-09
England/EXET-135BA6/2020	2020-04-09
England/EXET-135DEC/2020	2020-04-09
England/LIVE-9951C/2020	2020-04-09
England/LIVE-99619/2020	2020-04-09
England/LIVE-99691/2020	2020-04-09
England/LIVE-99707/2020	2020-04-09
England/LIVE-9979E/2020	2020-04-09
England/LIVE-997DA/2020	2020-04-09
England/LIVE-997E9/2020	2020-04-09
England/LIVE-997F8/2020	2020-04-09
England/LIVE-9987D/2020	2020-04-09
England/LIVE-998B9/2020	2020-04-09
England/LIVE-998C8/2020	2020-04-09
England/LIVE-998E6/2020	2020-04-09
England/LIVE-998F5/2020	2020-04-09
England/LIVE-9994D/2020	2020-04-09
England/LIVE-99989/2020	2020-04-09
England/LIVE-9EEB2/2020	2020-04-09
England/LIVE-9EEC1/2020	2020-04-09
England/LIVE-9EF37/2020	2020-04-09
England/LOND-D4779/2020	2020-04-09
England/LOND-D4797/2020	2020-04-09
England/NORW-E6E24/2020	2020-04-09
England/NOTT-10FDBE/2020	2020-04-09
England/NOTT-10FDDC/2020	2020-04-09
England/NOTT-10FDEB/2020	2020-04-09
England/NOTT-10FE06/2020	2020-04-09
England/NOTT-10FE8E/2020	2020-04-09
England/NOTT-10FEAC/2020	2020-04-09
England/NOTT-10FF30/2020	2020-04-09
England/NOTT-10FF8B/2020	2020-04-09
England/OXON-ACF54/2020	2020-04-09
England/OXON-AD25A/2020	2020-04-09
England/OXON-AD7D3/2020	2020-04-09
England/OXON-ADABC/2020	2020-04-09
England/OXON-ADC7A/2020	2020-04-09
England/OXON-ADFDB/2020	2020-04-09
England/OXON-AE3B0/2020	2020-04-09
England/OXON-AE4DB/2020	2020-04-09
England/OXON-AE67B/2020	2020-04-09
England/OXON-AE839/2020	2020-04-09
England/OXON-AEAF7/2020	2020-04-09
England/OXON-AF5C8/2020	2020-04-09
England/OXON-AF6A7/2020	2020-04-09
England/OXON-AFE45/2020	2020-04-09
England/OXON-AFF42/2020	2020-04-09
England/OXON-B0EBA/2020	2020-04-09
England/OXON-B0F3F/2020	2020-04-09
England/PHEC-1DF8B/2020	2020-04-09
England/PHEC-1E087/2020	2020-04-09
England/PHEC-1E0E1/2020	2020-04-09
England/PHEC-1E0F0/2020	2020-04-09
England/PHEC-1E12A/2020	2020-04-09
England/PHEC-1E139/2020	2020-04-09
England/PHEC-1E148/2020	2020-04-09
England/PHEC-1E157/2020	2020-04-09
England/PHEC-1E166/2020	2020-04-09
England/PHEC-1E193/2020	2020-04-09
England/PHEC-1E1A2/2020	2020-04-09
England/PHEC-1E1C0/2020	2020-04-09
England/PHEC-1E209/2020	2020-04-09
England/PHEC-1E290/2020	2020-04-09
England/PHEC-1E658/2020	2020-04-09
England/PHEC-1E8DA/2020	2020-04-09
England/PHEC-206BD/2020	2020-04-09
England/PHEC-206CC/2020	2020-04-09
England/PHEC-206EA/2020	2020-04-09
England/PHEC-206F9/2020	2020-04-09
England/PHEC-20705/2020	2020-04-09
England/PHEC-20741/2020	2020-04-09
England/PHEC-20750/2020	2020-04-09
England/PHEC-2076F/2020	2020-04-09
England/PHEC-20D12/2020	2020-04-09
England/SHEF-C3F66/2020	2020-04-09
England/SHEF-C41BA/2020	2020-04-09
England/SHEF-C5C5E/2020	2020-04-09
England/SHEF-C7418/2020	2020-04-09
England/SHEF-C9DFD/2020	2020-04-09
England/SHEF-CA14B/2020	2020-04-09
England/SHEF-CA846/2020	2020-04-09
England/SHEF-CC422/2020	2020-04-09
England/SHEF-CF7EA/2020	2020-04-09
Northern_Ireland/NIRE-10401A/2020	2020-04-09
Scotland/CVR1923/2020	2020-04-09
Scotland/CVR1961/2020	2020-04-09
Scotland/CVR1982/2020	2020-04-09
Scotland/CVR1994/2020	2020-04-09
Scotland/CVR1997/2020	2020-04-09
Scotland/CVR2010/2020	2020-04-09
Scotland/CVR2011/2020	2020-04-09
Scotland/CVR2012/2020	2020-04-09
Scotland/CVR2013/2020	2020-04-09
Scotland/CVR2032/2020	2020-04-09
Scotland/CVR2033/2020	2020-04-09
Scotland/CVR2038/2020	2020-04-09
Scotland/CVR2040/2020	2020-04-09
Scotland/CVR2042/2020	2020-04-09
Scotland/CVR2046/2020	2020-04-09
Scotland/CVR2055/2020	2020-04-09
Scotland/CVR2064/2020	2020-04-09
Scotland/CVR2069/2020	2020-04-09
Scotland/CVR2070/2020	2020-04-09
Scotland/CVR3842/2020	2020-04-09
Scotland/EDB5730/2020	2020-04-09
Scotland/EDB5732/2020	2020-04-09
Wales/PHWC-15C839/2020	2020-04-09
Wales/PHWC-160A1E/2020	2020-04-09
Wales/PHWC-2B4D6/2020	2020-04-09
Wales/PHWC-2B52E/2020	2020-04-09
Wales/PHWC-2B816/2020	2020-04-09
Wales/PHWC-2B870/2020	2020-04-09
Wales/PHWC-2B940/2020	2020-04-09
Wales/PHWC-2B95F/2020	2020-04-09
Wales/PHWC-2BC47/2020	2020-04-09
Wales/PHWC-2BDBD/2020	2020-04-09
Wales/PHWC-2BDF9/2020	2020-04-09
Wales/PHWC-2DEE5/2020	2020-04-09
Wales/PHWC-2DEF4/2020	2020-04-09
Wales/PHWC-2DF00/2020	2020-04-09
Wales/PHWC-2DF1F/2020	2020-04-09
Wales/PHWC-2E154/2020	2020-04-09
Wales/PHWC-309FD/2020	2020-04-09
Wales/PHWC-30A90/2020	2020-04-09
Wales/PHWC-30ACD/2020	2020-04-09
Wales/PHWC-30D6A/2020	2020-04-09
Wales/PHWC-30DA6/2020	2020-04-09
Wales/PHWC-30DD3/2020	2020-04-09
Wales/PHWC-30E1C/2020	2020-04-09
Wales/PHWC-30E3A/2020	2020-04-09
Wales/PHWC-30E49/2020	2020-04-09
Wales/PHWC-30E58/2020	2020-04-09
Wales/PHWC-30E67/2020	2020-04-09
Wales/PHWC-30E94/2020	2020-04-09
Wales/PHWC-30EA3/2020	2020-04-09
Wales/PHWC-30EB2/2020	2020-04-09
Wales/PHWC-30EEF/2020	2020-04-09
Wales/PHWC-30EFE/2020	2020-04-09
Wales/PHWC-30F55/2020	2020-04-09
Wales/PHWC-30F64/2020	2020-04-09
Wales/PHWC-30F91/2020	2020-04-09
Wales/PHWC-30FA0/2020	2020-04-09
Wales/PHWC-30FBF/2020	2020-04-09
Wales/PHWC-30FDD/2020	2020-04-09
Wales/PHWC-30FEC/2020	2020-04-09
Wales/PHWC-3222D/2020	2020-04-09
Wales/PHWC-3223C/2020	2020-04-09
Wales/PHWC-3225A/2020	2020-04-09
Wales/PHWC-32269/2020	2020-04-09
Wales/PHWC-32287/2020	2020-04-09
Wales/PHWC-3232A/2020	2020-04-09
England/20164073404/2020	2020-04-10
England/BRIS-125F8F/2020	2020-04-10
England/BRIS-125F9E/2020	2020-04-10
England/BRIS-126003/2020	2020-04-10
England/BRIS-1260E5/2020	2020-04-10
England/BRIS-12622B/2020	2020-04-10
England/BRIS-126258/2020	2020-04-10
England/BRIS-126267/2020	2020-04-10
England/BRIS-126276/2020	2020-04-10
England/BRIS-126285/2020	2020-04-10
England/BRIS-126294/2020	2020-04-10
England/BRIS-1262B2/2020	2020-04-10
England/BRIS-1262C1/2020	2020-04-10
England/BRIS-1262FE/2020	2020-04-10
England/BRIS-12630A/2020	2020-04-10
England/BRIS-126346/2020	2020-04-10
England/BRIS-126364/2020	2020-04-10
England/BRIS-126373/2020	2020-04-10
England/BRIS-1263CE/2020	2020-04-10
England/BRIS-1263FB/2020	2020-04-10
England/BRIS-126434/2020	2020-04-10
England/BRIS-126461/2020	2020-04-10
England/BRIS-12649E/2020	2020-04-10
England/BRIS-1264AD/2020	2020-04-10
England/BRIS-1264CB/2020	2020-04-10
England/BRIS-1264DA/2020	2020-04-10
England/BRIS-1264E9/2020	2020-04-10
England/BRIS-126786/2020	2020-04-10
England/BRIS-126A8D/2020	2020-04-10
England/BRIS-126A9C/2020	2020-04-10
England/BRIS-126AAB/2020	2020-04-10
England/BRIS-126B3F/2020	2020-04-10
England/BRIS-126B8A/2020	2020-04-10
England/BRIS-126B99/2020	2020-04-10
England/BRIS-126BA8/2020	2020-04-10
England/BRIS-126BB7/2020	2020-04-10
England/BRIS-126BE4/2020	2020-04-10
England/BRIS-126BF3/2020	2020-04-10
England/BRIS-126C0F/2020	2020-04-10
England/BRIS-126C5A/2020	2020-04-10
England/BRIS-126C78/2020	2020-04-10
England/BRIS-126CA5/2020	2020-04-10
England/BRIS-126CC3/2020	2020-04-10
England/BRIS-126CD2/2020	2020-04-10
England/BRIS-126CE1/2020	2020-04-10
England/BRIS-12E214/2020	2020-04-10
England/CAMB-7AA4F/2020	2020-04-10
England/CAMB-7AA6D/2020	2020-04-10
England/CAMB-7AECB/2020	2020-04-10
England/CAMB-7AF13/2020	2020-04-10
England/CAMB-7AF31/2020	2020-04-10
England/CAMB-7AF40/2020	2020-04-10
England/CAMB-7AF5F/2020	2020-04-10
England/CAMB-7AFB9/2020	2020-04-10
England/CAMB-7AFF5/2020	2020-04-10
England/CAMB-7B194/2020	2020-04-10
England/CAMB-7B20A/2020	2020-04-10
England/CAMB-7B2A0/2020	2020-04-10
England/CAMB-8042A/2020	2020-04-10
England/CAMB-80439/2020	2020-04-10
England/CAMB-80457/2020	2020-04-10
England/CAMB-804C0/2020	2020-04-10
England/CAMB-804FD/2020	2020-04-10
England/CAMB-805DC/2020	2020-04-10
England/CAMB-8067F/2020	2020-04-10
England/CAMB-806D9/2020	2020-04-10
England/CAMB-8076D/2020	2020-04-10
England/CAMB-8078B/2020	2020-04-10
England/CAMB-807A9/2020	2020-04-10
England/CAMB-807E5/2020	2020-04-10
England/CAMB-8082E/2020	2020-04-10
England/CAMB-8092B/2020	2020-04-10
England/CAMB-80967/2020	2020-04-10
England/CAMB-80994/2020	2020-04-10
England/CAMB-80A64/2020	2020-04-10
England/CAMB-80ACE/2020	2020-04-10
England/CAMB-80ADD/2020	2020-04-10
England/CAMB-80B07/2020	2020-04-10
England/CAMB-80BAD/2020	2020-04-10
England/CAMB-80BDA/2020	2020-04-10
England/CAMB-80C22/2020	2020-04-10
England/CAMB-80CAA/2020	2020-04-10
England/CAMB-80CC8/2020	2020-04-10
England/CAMB-80CD7/2020	2020-04-10
England/CAMB-80DD4/2020	2020-04-10
England/CAMB-80DE3/2020	2020-04-10
England/CAMB-80E0E/2020	2020-04-10
England/CAMB-80E1D/2020	2020-04-10
England/CAMB-80E2C/2020	2020-04-10
England/CAMB-812E3/2020	2020-04-10
England/CAMB-8132C/2020	2020-04-10
England/CAMB-813C2/2020	2020-04-10
England/CAMB-813D1/2020	2020-04-10
England/CAMB-81447/2020	2020-04-10
England/CAMB-81465/2020	2020-04-10
England/CAMB-81492/2020	2020-04-10
England/CAMB-815DB/2020	2020-04-10
England/CAMB-815F9/2020	2020-04-10
England/CAMB-81614/2020	2020-04-10
England/CAMB-81632/2020	2020-04-10
England/CAMB-81650/2020	2020-04-10
England/CAMB-817D5/2020	2020-04-10
England/CAMB-82FAF/2020	2020-04-10
England/CAMB-83005/2020	2020-04-10
England/EXET-135441/2020	2020-04-10
England/EXET-13549C/2020	2020-04-10
England/EXET-135511/2020	2020-04-10
England/EXET-135836/2020	2020-04-10
England/EXET-1359D9/2020	2020-04-10
England/EXET-135A5E/2020	2020-04-10
England/EXET-135BC4/2020	2020-04-10
England/EXET-135C3A/2020	2020-04-10
England/EXET-135CA3/2020	2020-04-10
England/EXET-135E52/2020	2020-04-10
England/EXET-135E61/2020	2020-04-10
England/EXET-135EDA/2020	2020-04-10
England/EXET-1363CB/2020	2020-04-10
England/EXET-1363DA/2020	2020-04-10
England/EXET-1363F8/2020	2020-04-10
England/LIVE-99761/2020	2020-04-10
England/LIVE-997BC/2020	2020-04-10
England/LIVE-99831/2020	2020-04-10
England/LIVE-9D606/2020	2020-04-10
England/LIVE-9D660/2020	2020-04-10
England/LIVE-9D68E/2020	2020-04-10
England/LIVE-9D6CA/2020	2020-04-10
England/LIVE-9E641/2020	2020-04-10
England/LIVE-9E6BA/2020	2020-04-10
England/LIVE-9EED0/2020	2020-04-10
England/LIVE-9EF28/2020	2020-04-10
England/LIVE-9EFCE/2020	2020-04-10
England/LOND-D4955/2020	2020-04-10
England/LOND-D4982/2020	2020-04-10
England/LOND-D49CE/2020	2020-04-10
England/LOND-D4A07/2020	2020-04-10
England/NORT-28A27F/2020	2020-04-10
England/NORT-28A34F/2020	2020-04-10
England/NORW-E82DB/2020	2020-04-10
England/NOTT-10FFA9/2020	2020-04-10
England/NOTT-1100FD/2020	2020-04-10
England/NOTT-1101EB/2020	2020-04-10
England/NOTT-110206/2020	2020-04-10
England/OXON-AD13F/2020	2020-04-10
England/OXON-AD15D/2020	2020-04-10
England/OXON-AD1F3/2020	2020-04-10
England/OXON-AD21E/2020	2020-04-10
England/OXON-AD4DC/2020	2020-04-10
England/OXON-AD83A/2020	2020-04-10
England/OXON-AD894/2020	2020-04-10
England/OXON-ADAF8/2020	2020-04-10
England/OXON-ADBD7/2020	2020-04-10
England/OXON-ADD95/2020	2020-04-10
England/OXON-ADF17/2020	2020-04-10
England/OXON-AE2A4/2020	2020-04-10
England/OXON-AE374/2020	2020-04-10
England/OXON-AE3DE/2020	2020-04-10
England/OXON-AE796/2020	2020-04-10
England/OXON-AEA15/2020	2020-04-10
England/OXON-AEA51/2020	2020-04-10
England/OXON-B010C/2020	2020-04-10
England/OXON-B229E/2020	2020-04-10
England/OXON-B25C2/2020	2020-04-10
England/OXON-B2744/2020	2020-04-10
England/PHEC-1E245/2020	2020-04-10
England/PHEC-1E2EB/2020	2020-04-10
England/PHEC-1E6A3/2020	2020-04-10
England/PHEC-1FD70/2020	2020-04-10
England/PHEC-1FE04/2020	2020-04-10
England/PHEC-1FE13/2020	2020-04-10
England/PHEC-2069F/2020	2020-04-10
England/PHEC-20FEF/2020	2020-04-10
England/SHEF-C12E7/2020	2020-04-10
England/SHEF-C19E2/2020	2020-04-10
England/SHEF-C1E89/2020	2020-04-10
England/SHEF-C32A9/2020	2020-04-10
England/SHEF-C6200/2020	2020-04-10
England/SHEF-C71B7/2020	2020-04-10
England/SHEF-C759D/2020	2020-04-10
England/SHEF-C76D6/2020	2020-04-10
England/SHEF-C80D7/2020	2020-04-10
England/SHEF-C8444/2020	2020-04-10
England/SHEF-CA3EB/2020	2020-04-10
England/SHEF-CB04D/2020	2020-04-10
England/SHEF-CB61E/2020	2020-04-10
England/SHEF-CC0D3/2020	2020-04-10
England/SHEF-CC6D1/2020	2020-04-10
England/SHEF-CDE23/2020	2020-04-10
England/SHEF-CDEE7/2020	2020-04-10
England/SHEF-D01F7/2020	2020-04-10
Northern_Ireland/NIRE-FBC6E/2020	2020-04-10
Northern_Ireland/NIRE-FBCAA/2020	2020-04-10
Northern_Ireland/NIRE-FBD2F/2020	2020-04-10
Northern_Ireland/NIRE-FBD5C/2020	2020-04-10
Northern_Ireland/NIRE-FBE95/2020	2020-04-10
Northern_Ireland/NIRE-FBF38/2020	2020-04-10
Northern_Ireland/NIRE-FBF56/2020	2020-04-10
Northern_Ireland/NIRE-FC24D/2020	2020-04-10
Scotland/CVR2026/2020	2020-04-10
Scotland/CVR2067/2020	2020-04-10
Scotland/CVR2081/2020	2020-04-10
Scotland/CVR2086/2020	2020-04-10
Scotland/CVR2089/2020	2020-04-10
Scotland/CVR2093/2020	2020-04-10
Scotland/CVR2106/2020	2020-04-10
Scotland/CVR2110/2020	2020-04-10
Scotland/CVR2118/2020	2020-04-10
Scotland/CVR2121/2020	2020-04-10
Scotland/CVR2130/2020	2020-04-10
Scotland/CVR2131/2020	2020-04-10
Scotland/CVR2134/2020	2020-04-10
Scotland/CVR2135/2020	2020-04-10
Scotland/CVR2138/2020	2020-04-10
Scotland/CVR2140/2020	2020-04-10
Scotland/CVR2156/2020	2020-04-10
Scotland/CVR2158/2020	2020-04-10
Scotland/CVR2160/2020	2020-04-10
Scotland/CVR2264/2020	2020-04-10
Scotland/CVR3841/2020	2020-04-10
Scotland/EDB1374/2020	2020-04-10
Scotland/EDB3450/2020	2020-04-10
Scotland/EDB5729/2020	2020-04-10
Wales/PHWC-15CA60/2020	2020-04-10
Wales/PHWC-2B4E5/2020	2020-04-10
Wales/PHWC-2B500/2020	2020-04-10
Wales/PHWC-2B51F/2020	2020-04-10
Wales/PHWC-2B54C/2020	2020-04-10
Wales/PHWC-2B588/2020	2020-04-10
Wales/PHWC-2B5A6/2020	2020-04-10
Wales/PHWC-2B5C4/2020	2020-04-10
Wales/PHWC-2B843/2020	2020-04-10
Wales/PHWC-2BC83/2020	2020-04-10
Wales/PHWC-2BCCF/2020	2020-04-10
Wales/PHWC-2BCDE/2020	2020-04-10
Wales/PHWC-2BDDB/2020	2020-04-10
Wales/PHWC-2BDEA/2020	2020-04-10
Wales/PHWC-2BE50/2020	2020-04-10
Wales/PHWC-2BE6F/2020	2020-04-10
Wales/PHWC-2BE9C/2020	2020-04-10
Wales/PHWC-2BEBA/2020	2020-04-10
Wales/PHWC-2BED8/2020	2020-04-10
Wales/PHWC-2DF97/2020	2020-04-10
Wales/PHWC-2DFA6/2020	2020-04-10
Wales/PHWC-2E048/2020	2020-04-10
Wales/PHWC-2E075/2020	2020-04-10
Wales/PHWC-2E0B1/2020	2020-04-10
Wales/PHWC-2E0C0/2020	2020-04-10
Wales/PHWC-2E0DF/2020	2020-04-10
Wales/PHWC-30A72/2020	2020-04-10
Wales/PHWC-30AAF/2020	2020-04-10
Wales/PHWC-30ADC/2020	2020-04-10
Wales/PHWC-30AEB/2020	2020-04-10
Wales/PHWC-30B06/2020	2020-04-10
Wales/PHWC-30B60/2020	2020-04-10
Wales/PHWC-30B7F/2020	2020-04-10
Wales/PHWC-30BCA/2020	2020-04-10
Wales/PHWC-30C03/2020	2020-04-10
Wales/PHWC-30C21/2020	2020-04-10
Wales/PHWC-30EC1/2020	2020-04-10
Wales/PHWC-30F73/2020	2020-04-10
Wales/PHWC-31006/2020	2020-04-10
Wales/PHWC-31033/2020	2020-04-10
Wales/PHWC-310E8/2020	2020-04-10
Wales/PHWC-31121/2020	2020-04-10
Wales/PHWC-3115E/2020	2020-04-10
Wales/PHWC-3118B/2020	2020-04-10
Wales/PHWC-3119A/2020	2020-04-10
Wales/PHWC-311A9/2020	2020-04-10
Wales/PHWC-311B8/2020	2020-04-10
Wales/PHWC-311D6/2020	2020-04-10
Wales/PHWC-311E5/2020	2020-04-10
Wales/PHWC-31200/2020	2020-04-10
Wales/PHWC-3121F/2020	2020-04-10
Wales/PHWC-3122E/2020	2020-04-10
Wales/PHWC-3123D/2020	2020-04-10
Wales/PHWC-3125B/2020	2020-04-10
Wales/PHWC-31288/2020	2020-04-10
Wales/PHWC-31297/2020	2020-04-10
Wales/PHWC-3131C/2020	2020-04-10
Wales/PHWC-3181D/2020	2020-04-10
Wales/PHWC-3182C/2020	2020-04-10
Wales/PHWC-31859/2020	2020-04-10
Wales/PHWC-31895/2020	2020-04-10
Wales/PHWC-31947/2020	2020-04-10
Wales/PHWC-31983/2020	2020-04-10
Wales/PHWC-319FC/2020	2020-04-10
Wales/PHWC-31A08/2020	2020-04-10
Wales/PHWC-31A26/2020	2020-04-10
Wales/PHWC-31A35/2020	2020-04-10
Wales/PHWC-323FD/2020	2020-04-10
Wales/PHWC-32409/2020	2020-04-10
Wales/PHWC-32418/2020	2020-04-10
Wales/PHWC-32445/2020	2020-04-10
England/BRIS-1265C8/2020	2020-04-11
England/BRIS-12AFB7/2020	2020-04-11
England/CAMB-7B01F/2020	2020-04-11
England/CAMB-7B05B/2020	2020-04-11
England/CAMB-7B06A/2020	2020-04-11
England/CAMB-7B079/2020	2020-04-11
England/CAMB-7B0C4/2020	2020-04-11
England/CAMB-7B0E2/2020	2020-04-11
England/CAMB-7B13A/2020	2020-04-11
England/CAMB-7B316/2020	2020-04-11
England/CAMB-7B325/2020	2020-04-11
England/CAMB-7B39E/2020	2020-04-11
England/CAMB-8083D/2020	2020-04-11
England/CAMB-80B16/2020	2020-04-11
England/CAMB-80B43/2020	2020-04-11
England/CAMB-80B52/2020	2020-04-11
England/CAMB-80B61/2020	2020-04-11
England/CAMB-80BBC/2020	2020-04-11
England/CAMB-80DC5/2020	2020-04-11
England/CAMB-811F5/2020	2020-04-11
England/CAMB-81210/2020	2020-04-11
England/CAMB-8125C/2020	2020-04-11
England/CAMB-8126B/2020	2020-04-11
England/CAMB-81289/2020	2020-04-11
England/CAMB-812B6/2020	2020-04-11
England/CAMB-812C5/2020	2020-04-11
England/CAMB-8131D/2020	2020-04-11
England/CAMB-8133B/2020	2020-04-11
England/CAMB-81377/2020	2020-04-11
England/CAMB-813E0/2020	2020-04-11
England/CAMB-814CF/2020	2020-04-11
England/CAMB-815EA/2020	2020-04-11
England/CAMB-81605/2020	2020-04-11
England/CAMB-81623/2020	2020-04-11
England/CAMB-8167E/2020	2020-04-11
England/CAMB-8169C/2020	2020-04-11
England/CAMB-816BA/2020	2020-04-11
England/CAMB-816D8/2020	2020-04-11
England/CAMB-816E7/2020	2020-04-11
England/CAMB-816F6/2020	2020-04-11
England/CAMB-8175D/2020	2020-04-11
England/CAMB-8177B/2020	2020-04-11
England/CAMB-817C6/2020	2020-04-11
England/CAMB-81869/2020	2020-04-11
England/CAMB-819EE/2020	2020-04-11
England/CAMB-81A27/2020	2020-04-11
England/CAMB-81A81/2020	2020-04-11
England/CAMB-81ABE/2020	2020-04-11
England/CAMB-81ACD/2020	2020-04-11
England/CAMB-81B7F/2020	2020-04-11
England/CAMB-81BF7/2020	2020-04-11
England/CAMB-83366/2020	2020-04-11
England/EXET-13571B/2020	2020-04-11
England/EXET-135739/2020	2020-04-11
England/EXET-135818/2020	2020-04-11
England/EXET-136352/2020	2020-04-11
England/LIVE-9E6C9/2020	2020-04-11
England/LIVE-9E92A/2020	2020-04-11
England/LIVE-9E939/2020	2020-04-11
England/LIVE-9E9EE/2020	2020-04-11
England/LIVE-9EA45/2020	2020-04-11
England/LOND-D4A52/2020	2020-04-11
England/LOND-D4A61/2020	2020-04-11
England/LOND-D4AE9/2020	2020-04-11
England/LOND-D7248/2020	2020-04-11
England/LOND-D7266/2020	2020-04-11
England/NORT-28A42E/2020	2020-04-11
England/NORT-28A4B5/2020	2020-04-11
England/NORW-E81ED/2020	2020-04-11
England/NORW-E8790/2020	2020-04-11
England/NORW-E87DC/2020	2020-04-11
England/NORW-E87FA/2020	2020-04-11
England/NORW-E88AC/2020	2020-04-11
England/NORW-E88E8/2020	2020-04-11
England/NORW-E8921/2020	2020-04-11
England/NORW-E8930/2020	2020-04-11
England/NORW-E89C7/2020	2020-04-11
England/NORW-E89D6/2020	2020-04-11
England/NORW-E89F4/2020	2020-04-11
England/NORW-E8A00/2020	2020-04-11
England/NOTT-110224/2020	2020-04-11
England/NOTT-110233/2020	2020-04-11
England/NOTT-110242/2020	2020-04-11
England/NOTT-110251/2020	2020-04-11
England/NOTT-11029D/2020	2020-04-11
England/NOTT-1102AC/2020	2020-04-11
England/NOTT-1102CA/2020	2020-04-11
England/NOTT-1102F7/2020	2020-04-11
England/NOTT-110303/2020	2020-04-11
England/OXON-AD050/2020	2020-04-11
England/OXON-AD8D0/2020	2020-04-11
England/OXON-AD9DD/2020	2020-04-11
England/OXON-ADC10/2020	2020-04-11
England/OXON-AE417/2020	2020-04-11
England/OXON-AE480/2020	2020-04-11
England/OXON-B0E14/2020	2020-04-11
England/PHEC-1E2BE/2020	2020-04-11
England/PHEC-1E55B/2020	2020-04-11
England/PHEC-207BA/2020	2020-04-11
England/SHEF-10B25ED/2020	2020-04-11
England/SHEF-C0A4A/2020	2020-04-11
England/SHEF-C0ED5/2020	2020-04-11
England/SHEF-C1047/2020	2020-04-11
England/SHEF-C241D/2020	2020-04-11
England/SHEF-C243B/2020	2020-04-11
England/SHEF-C2D8B/2020	2020-04-11
England/SHEF-C38B6/2020	2020-04-11
England/SHEF-C584B/2020	2020-04-11
England/SHEF-C616D/2020	2020-04-11
England/SHEF-C68A4/2020	2020-04-11
England/SHEF-C6B23/2020	2020-04-11
England/SHEF-C6C02/2020	2020-04-11
England/SHEF-C6F72/2020	2020-04-11
England/SHEF-C82FF/2020	2020-04-11
England/SHEF-CAE53/2020	2020-04-11
England/SHEF-CAEAE/2020	2020-04-11
England/SHEF-CB1B3/2020	2020-04-11
England/SHEF-CB46F/2020	2020-04-11
England/SHEF-CCC39/2020	2020-04-11
England/SHEF-CD0C3/2020	2020-04-11
England/SHEF-CD7EC/2020	2020-04-11
England/SHEF-D14DF/2020	2020-04-11
England/SHEF-D193A/2020	2020-04-11
England/SHEF-D2429/2020	2020-04-11
Northern_Ireland/NIRE-FBA28/2020	2020-04-11
Northern_Ireland/NIRE-FBA64/2020	2020-04-11
Northern_Ireland/NIRE-FBA91/2020	2020-04-11
Northern_Ireland/NIRE-FBE3B/2020	2020-04-11
Northern_Ireland/NIRE-FBF0B/2020	2020-04-11
Northern_Ireland/NIRE-FBF65/2020	2020-04-11
Northern_Ireland/NIRE-FBF83/2020	2020-04-11
Northern_Ireland/NIRE-FC22F/2020	2020-04-11
Scotland/CVR2117/2020	2020-04-11
Scotland/CVR2119/2020	2020-04-11
Scotland/CVR2153/2020	2020-04-11
Scotland/CVR2163/2020	2020-04-11
Scotland/CVR2167/2020	2020-04-11
Scotland/CVR2168/2020	2020-04-11
Scotland/CVR2169/2020	2020-04-11
Scotland/CVR2173/2020	2020-04-11
Scotland/CVR2174/2020	2020-04-11
Scotland/CVR2176/2020	2020-04-11
Scotland/CVR2177/2020	2020-04-11
Scotland/CVR2179/2020	2020-04-11
Scotland/CVR2180/2020	2020-04-11
Scotland/CVR2187/2020	2020-04-11
Scotland/CVR2191/2020	2020-04-11
Scotland/CVR2194/2020	2020-04-11
Scotland/CVR2195/2020	2020-04-11
Scotland/CVR2199/2020	2020-04-11
Scotland/CVR2212/2020	2020-04-11
Scotland/CVR2224/2020	2020-04-11
Scotland/CVR2263/2020	2020-04-11
Scotland/CVR2291/2020	2020-04-11
Scotland/EDB1457/2020	2020-04-11
Scotland/EDB3454/2020	2020-04-11
Scotland/EDB3456/2020	2020-04-11
Scotland/EDB3497/2020	2020-04-11
Scotland/EDB5435/2020	2020-04-11
Scotland/EDB5436/2020	2020-04-11
Scotland/EDB5437/2020	2020-04-11
Scotland/EDB5438/2020	2020-04-11
Scotland/EDB5720/2020	2020-04-11
Wales/PHWC-15CFAD/2020	2020-04-11
Wales/PHWC-160D7F/2020	2020-04-11
Wales/PHWC-2B37F/2020	2020-04-11
Wales/PHWC-2B3BB/2020	2020-04-11
Wales/PHWC-2B3E8/2020	2020-04-11
Wales/PHWC-2B403/2020	2020-04-11
Wales/PHWC-2B47C/2020	2020-04-11
Wales/PHWC-2B48B/2020	2020-04-11
Wales/PHWC-2B4A9/2020	2020-04-11
Wales/PHWC-2B4B8/2020	2020-04-11
Wales/PHWC-2B4C7/2020	2020-04-11
Wales/PHWC-2BCB0/2020	2020-04-11
Wales/PHWC-2BD08/2020	2020-04-11
Wales/PHWC-2BEAB/2020	2020-04-11
Wales/PHWC-2E066/2020	2020-04-11
Wales/PHWC-2E127/2020	2020-04-11
Wales/PHWC-2E136/2020	2020-04-11
Wales/PHWC-30C4F/2020	2020-04-11
Wales/PHWC-30CF4/2020	2020-04-11
Wales/PHWC-30D00/2020	2020-04-11
Wales/PHWC-310CA/2020	2020-04-11
Wales/PHWC-3124C/2020	2020-04-11
Wales/PHWC-3180E/2020	2020-04-11
Wales/PHWC-318E0/2020	2020-04-11
Wales/PHWC-3191A/2020	2020-04-11
Wales/PHWC-31938/2020	2020-04-11
Wales/PHWC-319ED/2020	2020-04-11
Wales/PHWC-31A53/2020	2020-04-11
Wales/PHWC-31A62/2020	2020-04-11
Wales/PHWC-31AF9/2020	2020-04-11
Wales/PHWC-31B14/2020	2020-04-11
Wales/PHWC-31B32/2020	2020-04-11
Wales/PHWC-31B41/2020	2020-04-11
Wales/PHWC-31BBA/2020	2020-04-11
Wales/PHWC-31BF6/2020	2020-04-11
Wales/PHWC-31DC3/2020	2020-04-11
Wales/PHWC-31DF0/2020	2020-04-11
Wales/PHWC-32472/2020	2020-04-11
Wales/PHWC-32481/2020	2020-04-11
England/BRIS-129DCD/2020	2020-04-12
England/CAMB-7B370/2020	2020-04-12
England/CAMB-7B38F/2020	2020-04-12
England/CAMB-7B3BC/2020	2020-04-12
England/CAMB-7B3CB/2020	2020-04-12
England/CAMB-7B3E9/2020	2020-04-12
England/CAMB-7B47D/2020	2020-04-12
England/CAMB-7B49B/2020	2020-04-12
England/CAMB-7B4B9/2020	2020-04-12
England/CAMB-7B4C8/2020	2020-04-12
England/CAMB-7C087/2020	2020-04-12
England/CAMB-7C175/2020	2020-04-12
England/CAMB-81526/2020	2020-04-12
England/CAMB-81544/2020	2020-04-12
England/CAMB-81580/2020	2020-04-12
England/CAMB-8168D/2020	2020-04-12
England/CAMB-816AB/2020	2020-04-12
England/CAMB-816C9/2020	2020-04-12
England/CAMB-8178A/2020	2020-04-12
England/CAMB-8181E/2020	2020-04-12
England/CAMB-8183C/2020	2020-04-12
England/CAMB-8185A/2020	2020-04-12
England/CAMB-81878/2020	2020-04-12
England/CAMB-81896/2020	2020-04-12
England/CAMB-818A5/2020	2020-04-12
England/CAMB-818D2/2020	2020-04-12
England/CAMB-8191B/2020	2020-04-12
England/CAMB-81A36/2020	2020-04-12
England/CAMB-81A63/2020	2020-04-12
England/CAMB-81A72/2020	2020-04-12
England/CAMB-81C8B/2020	2020-04-12
England/CAMB-81C9A/2020	2020-04-12
England/CAMB-81CD6/2020	2020-04-12
England/CAMB-822D3/2020	2020-04-12
England/CAMB-8233A/2020	2020-04-12
England/CAMB-823EF/2020	2020-04-12
England/CAMB-8240A/2020	2020-04-12
England/CAMB-82446/2020	2020-04-12
England/CAMB-82464/2020	2020-04-12
England/CAMB-8265F/2020	2020-04-12
England/CAMB-8267D/2020	2020-04-12
England/CAMB-82CF3/2020	2020-04-12
England/CAMB-82D1E/2020	2020-04-12
England/CAMB-82F63/2020	2020-04-12
England/CAMB-82FEB/2020	2020-04-12
England/EXET-13558A/2020	2020-04-12
England/EXET-13560F/2020	2020-04-12
England/EXET-1356A5/2020	2020-04-12
England/EXET-1356B4/2020	2020-04-12
England/EXET-1357A2/2020	2020-04-12
England/EXET-136282/2020	2020-04-12
England/EXET-1362BF/2020	2020-04-12
England/EXET-1362CE/2020	2020-04-12
England/LIVE-99AA4/2020	2020-04-12
England/LIVE-99AD1/2020	2020-04-12
England/LIVE-99AE0/2020	2020-04-12
England/LIVE-99B29/2020	2020-04-12
England/LIVE-99BB0/2020	2020-04-12
England/LIVE-99CCC/2020	2020-04-12
England/LIVE-9E81E/2020	2020-04-12
England/LIVE-9E82D/2020	2020-04-12
England/NORT-28A558/2020	2020-04-12
England/NORW-E8332/2020	2020-04-12
England/NORW-E8727/2020	2020-04-12
England/NORW-E8A2E/2020	2020-04-12
England/NORW-E8B94/2020	2020-04-12
England/NORW-E8BA3/2020	2020-04-12
England/NORW-E8C73/2020	2020-04-12
England/NOTT-110172/2020	2020-04-12
England/NOTT-110D8D/2020	2020-04-12
England/NOTT-11126F/2020	2020-04-12
England/OXON-AD0BA/2020	2020-04-12
England/OXON-AD4BE/2020	2020-04-12
England/OXON-ADB31/2020	2020-04-12
England/OXON-ADD77/2020	2020-04-12
England/OXON-AE5D8/2020	2020-04-12
England/OXON-AE893/2020	2020-04-12
England/OXON-AE972/2020	2020-04-12
England/OXON-AEAD9/2020	2020-04-12
England/OXON-AEBC7/2020	2020-04-12
England/OXON-AF337/2020	2020-04-12
England/PHEC-1E579/2020	2020-04-12
England/PHEC-1E588/2020	2020-04-12
England/PHEC-20811/2020	2020-04-12
England/PHEC-20820/2020	2020-04-12
England/PHEC-2085D/2020	2020-04-12
England/PHEC-2086C/2020	2020-04-12
England/SHEF-10B2538/2020	2020-04-12
England/SHEF-10B25FC/2020	2020-04-12
England/SHEF-10B26BD/2020	2020-04-12
England/SHEF-C09F2/2020	2020-04-12
England/SHEF-C3546/2020	2020-04-12
England/SHEF-C3E78/2020	2020-04-12
England/SHEF-C5070/2020	2020-04-12
England/SHEF-C5A45/2020	2020-04-12
England/SHEF-C81F2/2020	2020-04-12
England/SHEF-C8329/2020	2020-04-12
England/SHEF-CAECC/2020	2020-04-12
England/SHEF-CB951/2020	2020-04-12
England/SHEF-CD02D/2020	2020-04-12
England/SHEF-CDFB7/2020	2020-04-12
England/SHEF-CF9D5/2020	2020-04-12
England/SHEF-CFCBE/2020	2020-04-12
England/SHEF-D0B62/2020	2020-04-12
England/SHEF-D21AA/2020	2020-04-12
England/SHEF-D2B51/2020	2020-04-12
Northern_Ireland/NIRE-FBB43/2020	2020-04-12
Northern_Ireland/NIRE-FBD98/2020	2020-04-12
Northern_Ireland/NIRE-FBDD4/2020	2020-04-12
Northern_Ireland/NIRE-FC359/2020	2020-04-12
Northern_Ireland/NIRE-FC395/2020	2020-04-12
Northern_Ireland/NIRE-FC3B3/2020	2020-04-12
Northern_Ireland/NIRE-FC429/2020	2020-04-12
Northern_Ireland/NIRE-FC438/2020	2020-04-12
Northern_Ireland/NIRE-FC465/2020	2020-04-12
Northern_Ireland/NIRE-FC4CF/2020	2020-04-12
Northern_Ireland/NIRE-FC4DE/2020	2020-04-12
Northern_Ireland/NIRE-FC526/2020	2020-04-12
Northern_Ireland/NIRE-FC535/2020	2020-04-12
Northern_Ireland/NIRE-FC553/2020	2020-04-12
Northern_Ireland/NIRE-FC571/2020	2020-04-12
Northern_Ireland/NIRE-FC5DB/2020	2020-04-12
Northern_Ireland/NIRE-FC632/2020	2020-04-12
Scotland/CVR2215/2020	2020-04-12
Scotland/CVR2220/2020	2020-04-12
Scotland/CVR2221/2020	2020-04-12
Scotland/CVR2223/2020	2020-04-12
Scotland/CVR2227/2020	2020-04-12
Scotland/CVR2233/2020	2020-04-12
Scotland/CVR2234/2020	2020-04-12
Scotland/CVR2236/2020	2020-04-12
Scotland/CVR2237/2020	2020-04-12
Scotland/CVR2238/2020	2020-04-12
Scotland/CVR2239/2020	2020-04-12
Scotland/CVR2242/2020	2020-04-12
Scotland/CVR2243/2020	2020-04-12
Scotland/CVR2244/2020	2020-04-12
Scotland/CVR2245/2020	2020-04-12
Scotland/CVR2246/2020	2020-04-12
Scotland/CVR2250/2020	2020-04-12
Scotland/CVR2253/2020	2020-04-12
Scotland/CVR2255/2020	2020-04-12
Scotland/CVR2268/2020	2020-04-12
Scotland/CVR2271/2020	2020-04-12
Scotland/CVR2272/2020	2020-04-12
Scotland/CVR2274/2020	2020-04-12
Scotland/CVR2279/2020	2020-04-12
Scotland/CVR2282/2020	2020-04-12
Scotland/CVR2295/2020	2020-04-12
Scotland/CVR2297/2020	2020-04-12
Scotland/CVR2303/2020	2020-04-12
Scotland/CVR2308/2020	2020-04-12
Scotland/CVR2337/2020	2020-04-12
Scotland/EDB1424/2020	2020-04-12
Scotland/EDB1565/2020	2020-04-12
Scotland/EDB1568/2020	2020-04-12
Scotland/EDB5441/2020	2020-04-12
Scotland/EDB5442/2020	2020-04-12
Scotland/EDB5443/2020	2020-04-12
Scotland/EDB5667/2020	2020-04-12
Scotland/EDB5672/2020	2020-04-12
Scotland/EDB5673/2020	2020-04-12
Scotland/EDB5710/2020	2020-04-12
Scotland/EDB5712/2020	2020-04-12
Wales/PHWC-2B39D/2020	2020-04-12
Wales/PHWC-2B3AC/2020	2020-04-12
Wales/PHWC-2B3CA/2020	2020-04-12
Wales/PHWC-2B430/2020	2020-04-12
Wales/PHWC-2B44F/2020	2020-04-12
Wales/PHWC-2B63A/2020	2020-04-12
Wales/PHWC-2B667/2020	2020-04-12
Wales/PHWC-2B694/2020	2020-04-12
Wales/PHWC-2B6A3/2020	2020-04-12
Wales/PHWC-2B6B2/2020	2020-04-12
Wales/PHWC-2B6C1/2020	2020-04-12
Wales/PHWC-2B70A/2020	2020-04-12
Wales/PHWC-2B755/2020	2020-04-12
Wales/PHWC-2B764/2020	2020-04-12
Wales/PHWC-2B7BF/2020	2020-04-12
Wales/PHWC-30C30/2020	2020-04-12
Wales/PHWC-310D9/2020	2020-04-12
Wales/PHWC-3114F/2020	2020-04-12
Wales/PHWC-3116D/2020	2020-04-12
Wales/PHWC-31358/2020	2020-04-12
Wales/PHWC-31367/2020	2020-04-12
Wales/PHWC-31394/2020	2020-04-12
Wales/PHWC-313A3/2020	2020-04-12
Wales/PHWC-3140A/2020	2020-04-12
Wales/PHWC-31428/2020	2020-04-12
Wales/PHWC-314DD/2020	2020-04-12
Wales/PHWC-314FB/2020	2020-04-12
Wales/PHWC-31534/2020	2020-04-12
Wales/PHWC-31552/2020	2020-04-12
Wales/PHWC-31561/2020	2020-04-12
Wales/PHWC-3158F/2020	2020-04-12
Wales/PHWC-3166E/2020	2020-04-12
Wales/PHWC-316AA/2020	2020-04-12
Wales/PHWC-316D7/2020	2020-04-12
Wales/PHWC-316E6/2020	2020-04-12
Wales/PHWC-316F5/2020	2020-04-12
Wales/PHWC-31701/2020	2020-04-12
Wales/PHWC-3172F/2020	2020-04-12
Wales/PHWC-31789/2020	2020-04-12
Wales/PHWC-31798/2020	2020-04-12
Wales/PHWC-317A7/2020	2020-04-12
Wales/PHWC-31AEA/2020	2020-04-12
Wales/PHWC-31BAB/2020	2020-04-12
Wales/PHWC-31D1E/2020	2020-04-12
Wales/PHWC-31D96/2020	2020-04-12
Wales/PHWC-31DD2/2020	2020-04-12
Wales/PHWC-32120/2020	2020-04-12
Wales/PHWC-323EE/2020	2020-04-12
Wales/PHWC-32EDE/2020	2020-04-12
Wales/PHWC-34346/2020	2020-04-12
England/20166054304/2020	2020-04-13
England/BIRM-5E3BF/2020	2020-04-13
England/BRIS-128924/2020	2020-04-13
England/BRIS-128933/2020	2020-04-13
England/BRIS-128A8B/2020	2020-04-13
England/BRIS-128D55/2020	2020-04-13
England/BRIS-128D64/2020	2020-04-13
England/CAMB-7B413/2020	2020-04-13
England/CAMB-7B55C/2020	2020-04-13
England/CAMB-7B56B/2020	2020-04-13
England/CAMB-7C02D/2020	2020-04-13
England/CAMB-7C03C/2020	2020-04-13
England/CAMB-7C04B/2020	2020-04-13
England/CAMB-7C078/2020	2020-04-13
England/CAMB-7C10C/2020	2020-04-13
England/CAMB-7C11B/2020	2020-04-13
England/CAMB-7C12A/2020	2020-04-13
England/CAMB-7C148/2020	2020-04-13
England/CAMB-7C1A2/2020	2020-04-13
England/CAMB-7C1B1/2020	2020-04-13
England/CAMB-7C39D/2020	2020-04-13
England/CAMB-7C3BB/2020	2020-04-13
England/CAMB-81975/2020	2020-04-13
England/CAMB-81B42/2020	2020-04-13
England/CAMB-81B60/2020	2020-04-13
England/CAMB-81D5B/2020	2020-04-13
England/CAMB-81D6A/2020	2020-04-13
England/CAMB-81DB5/2020	2020-04-13
England/CAMB-82385/2020	2020-04-13
England/CAMB-823A3/2020	2020-04-13
England/CAMB-823B2/2020	2020-04-13
England/CAMB-823C1/2020	2020-04-13
England/CAMB-82419/2020	2020-04-13
England/CAMB-82437/2020	2020-04-13
England/CAMB-825AD/2020	2020-04-13
England/CAMB-826D7/2020	2020-04-13
England/CAMB-826F5/2020	2020-04-13
England/CAMB-8275C/2020	2020-04-13
England/CAMB-827F2/2020	2020-04-13
England/CAMB-82D78/2020	2020-04-13
England/CAMB-82D87/2020	2020-04-13
England/CAMB-82DB4/2020	2020-04-13
England/CAMB-82EA2/2020	2020-04-13
England/CAMB-82F81/2020	2020-04-13
England/CAMB-82FCD/2020	2020-04-13
England/EXET-1353EA/2020	2020-04-13
England/EXET-1355B7/2020	2020-04-13
England/EXET-1357FD/2020	2020-04-13
England/EXET-136219/2020	2020-04-13
England/EXET-136264/2020	2020-04-13
England/EXET-136273/2020	2020-04-13
England/EXET-136307/2020	2020-04-13
England/EXET-136316/2020	2020-04-13
England/LIVE-99AB3/2020	2020-04-13
England/LIVE-99C44/2020	2020-04-13
England/LIVE-99CF9/2020	2020-04-13
England/LIVE-99D6F/2020	2020-04-13
England/LIVE-99D7E/2020	2020-04-13
England/LIVE-99D9C/2020	2020-04-13
England/LIVE-99F1E/2020	2020-04-13
England/LIVE-99F2D/2020	2020-04-13
England/LIVE-99FA5/2020	2020-04-13
England/LOND-D4867/2020	2020-04-13
England/LOND-D4E83/2020	2020-04-13
England/NORW-E80A4/2020	2020-04-13
England/NORW-E82BD/2020	2020-04-13
England/NORW-E8772/2020	2020-04-13
England/NORW-E8A6A/2020	2020-04-13
England/NORW-E8AB5/2020	2020-04-13
England/NORW-E8AD3/2020	2020-04-13
England/NORW-E8B0D/2020	2020-04-13
England/NORW-E8B58/2020	2020-04-13
England/NORW-E8BB2/2020	2020-04-13
England/NORW-E8BC1/2020	2020-04-13
England/NORW-E8C37/2020	2020-04-13
England/NORW-E8C91/2020	2020-04-13
England/NORW-E8CDD/2020	2020-04-13
England/NORW-E8D34/2020	2020-04-13
England/NOTT-1106DD/2020	2020-04-13
England/NOTT-1106FB/2020	2020-04-13
England/OXON-ADA34/2020	2020-04-13
England/OXON-AE31A/2020	2020-04-13
England/OXON-AE49F/2020	2020-04-13
England/OXON-AE7D2/2020	2020-04-13
England/OXON-AE936/2020	2020-04-13
England/OXON-AF3FB/2020	2020-04-13
England/OXON-AF416/2020	2020-04-13
England/OXON-AF610/2020	2020-04-13
England/OXON-B2692/2020	2020-04-13
England/PHEC-1E360/2020	2020-04-13
England/PHEC-1E37F/2020	2020-04-13
England/PHEC-1E38E/2020	2020-04-13
England/PHEC-1E3AC/2020	2020-04-13
England/PHEC-1E3BB/2020	2020-04-13
England/PHEC-1E3D9/2020	2020-04-13
England/PHEC-1E3F7/2020	2020-04-13
England/PHEC-1E412/2020	2020-04-13
England/PHEC-1E421/2020	2020-04-13
England/PHEC-1E44F/2020	2020-04-13
England/PHEC-1E47C/2020	2020-04-13
England/PHEC-1E48B/2020	2020-04-13
England/PHEC-1E49A/2020	2020-04-13
England/PHEC-1E4B8/2020	2020-04-13
England/PHEC-1E4C7/2020	2020-04-13
England/PHEC-1E4D6/2020	2020-04-13
England/PHEC-1E4E5/2020	2020-04-13
England/PHEC-1E4F4/2020	2020-04-13
England/PHEC-1E500/2020	2020-04-13
England/PHEC-1E51F/2020	2020-04-13
England/PHEC-1E52E/2020	2020-04-13
England/PHEC-1E7A0/2020	2020-04-13
England/PHEC-1E7BF/2020	2020-04-13
England/PHEC-1E7CE/2020	2020-04-13
England/PHEC-1E7DD/2020	2020-04-13
England/PHEC-1FBB2/2020	2020-04-13
England/PHEC-1FDE9/2020	2020-04-13
England/PHEC-20046/2020	2020-04-13
England/PHEC-207D8/2020	2020-04-13
England/PHEC-2083F/2020	2020-04-13
England/PHEC-2087B/2020	2020-04-13
England/PHEC-208E4/2020	2020-04-13
England/PHEC-209D2/2020	2020-04-13
England/PHEC-20B27/2020	2020-04-13
England/PHEC-20B90/2020	2020-04-13
England/PHEC-20C8E/2020	2020-04-13
England/PHEC-21027/2020	2020-04-13
England/PHEC-21124/2020	2020-04-13
England/SHEF-10B25DE/2020	2020-04-13
England/SHEF-10B26AE/2020	2020-04-13
England/SHEF-C1BCE/2020	2020-04-13
England/SHEF-C5BF7/2020	2020-04-13
England/SHEF-C6367/2020	2020-04-13
England/SHEF-C906D/2020	2020-04-13
England/SHEF-CF86F/2020	2020-04-13
England/SHEF-CF93F/2020	2020-04-13
England/SHEF-D1E59/2020	2020-04-13
England/SHEF-D2A36/2020	2020-04-13
Northern_Ireland/NIRE-103D14/2020	2020-04-13
Northern_Ireland/NIRE-103DF6/2020	2020-04-13
Northern_Ireland/NIRE-1042AB/2020	2020-04-13
Northern_Ireland/NIRE-FBB52/2020	2020-04-13
Northern_Ireland/NIRE-FBB70/2020	2020-04-13
Northern_Ireland/NIRE-FBB9E/2020	2020-04-13
Northern_Ireland/NIRE-FC016/2020	2020-04-13
Northern_Ireland/NIRE-FC0CB/2020	2020-04-13
Northern_Ireland/NIRE-FC0E9/2020	2020-04-13
Northern_Ireland/NIRE-FC104/2020	2020-04-13
Northern_Ireland/NIRE-FC18C/2020	2020-04-13
Northern_Ireland/NIRE-FC1F5/2020	2020-04-13
Northern_Ireland/NIRE-FC2C5/2020	2020-04-13
Northern_Ireland/NIRE-FC30E/2020	2020-04-13
Scotland/CVR2273/2020	2020-04-13
Scotland/CVR2276/2020	2020-04-13
Scotland/CVR2283/2020	2020-04-13
Scotland/CVR2284/2020	2020-04-13
Scotland/CVR2286/2020	2020-04-13
Scotland/CVR2304/2020	2020-04-13
Scotland/CVR2305/2020	2020-04-13
Scotland/CVR2307/2020	2020-04-13
Scotland/CVR2310/2020	2020-04-13
Scotland/CVR2316/2020	2020-04-13
Scotland/CVR2322/2020	2020-04-13
Scotland/CVR2326/2020	2020-04-13
Scotland/CVR2327/2020	2020-04-13
Scotland/CVR2328/2020	2020-04-13
Scotland/CVR2329/2020	2020-04-13
Scotland/CVR2330/2020	2020-04-13
Scotland/CVR2331/2020	2020-04-13
Scotland/CVR2338/2020	2020-04-13
Scotland/CVR2339/2020	2020-04-13
Scotland/CVR2342/2020	2020-04-13
Scotland/CVR2344/2020	2020-04-13
Scotland/CVR2345/2020	2020-04-13
Scotland/CVR2348/2020	2020-04-13
Scotland/CVR2349/2020	2020-04-13
Scotland/CVR2355/2020	2020-04-13
Scotland/CVR2357/2020	2020-04-13
Scotland/CVR2358/2020	2020-04-13
Scotland/CVR2372/2020	2020-04-13
Scotland/CVR2375/2020	2020-04-13
Scotland/CVR2380/2020	2020-04-13
Scotland/CVR2383/2020	2020-04-13
Scotland/CVR2384/2020	2020-04-13
Scotland/CVR2387/2020	2020-04-13
Scotland/CVR2395/2020	2020-04-13
Scotland/CVR2396/2020	2020-04-13
Scotland/CVR2398/2020	2020-04-13
Scotland/CVR2401/2020	2020-04-13
Scotland/CVR2403/2020	2020-04-13
Scotland/CVR2506/2020	2020-04-13
Scotland/CVR3494/2020	2020-04-13
Scotland/EDB1444/2020	2020-04-13
Scotland/EDB1519/2020	2020-04-13
Scotland/EDB3495/2020	2020-04-13
Scotland/EDB3496/2020	2020-04-13
Scotland/EDB3498/2020	2020-04-13
Scotland/EDB3500/2020	2020-04-13
Scotland/EDB3502/2020	2020-04-13
Scotland/EDB3503/2020	2020-04-13
Scotland/EDB3506/2020	2020-04-13
Scotland/EDB3530/2020	2020-04-13
Scotland/EDB3531/2020	2020-04-13
Scotland/EDB3532/2020	2020-04-13
Scotland/EDB3992/2020	2020-04-13
Scotland/EDB5444/2020	2020-04-13
Wales/PHWC-15C1F2/2020	2020-04-13
Wales/PHWC-15C3CF/2020	2020-04-13
Wales/PHWC-15C71E/2020	2020-04-13
Wales/PHWC-15C787/2020	2020-04-13
Wales/PHWC-15C9EB/2020	2020-04-13
Wales/PHWC-16060B/2020	2020-04-13
Wales/PHWC-2B5F1/2020	2020-04-13
Wales/PHWC-2B649/2020	2020-04-13
Wales/PHWC-2B685/2020	2020-04-13
Wales/PHWC-2B6EF/2020	2020-04-13
Wales/PHWC-2B728/2020	2020-04-13
Wales/PHWC-2B737/2020	2020-04-13
Wales/PHWC-2B791/2020	2020-04-13
Wales/PHWC-313EF/2020	2020-04-13
Wales/PHWC-315AD/2020	2020-04-13
Wales/PHWC-316B9/2020	2020-04-13
Wales/PHWC-3173E/2020	2020-04-13
Wales/PHWC-3177A/2020	2020-04-13
Wales/PHWC-317B6/2020	2020-04-13
Wales/PHWC-317C5/2020	2020-04-13
Wales/PHWC-317E3/2020	2020-04-13
Wales/PHWC-317F2/2020	2020-04-13
Wales/PHWC-31C20/2020	2020-04-13
Wales/PHWC-31C5D/2020	2020-04-13
Wales/PHWC-31C6C/2020	2020-04-13
Wales/PHWC-31C7B/2020	2020-04-13
Wales/PHWC-31FDC/2020	2020-04-13
Wales/PHWC-32023/2020	2020-04-13
Wales/PHWC-32050/2020	2020-04-13
Wales/PHWC-320D8/2020	2020-04-13
Wales/PHWC-324BE/2020	2020-04-13
Wales/PHWC-324FA/2020	2020-04-13
Wales/PHWC-326C7/2020	2020-04-13
Wales/PHWC-329FB/2020	2020-04-13
Wales/PHWC-32B22/2020	2020-04-13
Wales/PHWC-32D86/2020	2020-04-13
Wales/PHWC-32F62/2020	2020-04-13
Wales/PHWC-32F71/2020	2020-04-13
Wales/PHWC-32F9F/2020	2020-04-13
Wales/PHWC-32FF9/2020	2020-04-13
Wales/PHWC-34865/2020	2020-04-13
England/20164083004/2020	2020-04-14
England/20166008104/2020	2020-04-14
England/20169005204/2020	2020-04-14
England/20169005304/2020	2020-04-14
England/BIRM-5E391/2020	2020-04-14
England/BRIS-128696/2020	2020-04-14
England/BRIS-1286B4/2020	2020-04-14
England/BRIS-1286F0/2020	2020-04-14
England/BRIS-128784/2020	2020-04-14
England/BRIS-1288DC/2020	2020-04-14
England/BRIS-1289BB/2020	2020-04-14
England/BRIS-1289E8/2020	2020-04-14
England/BRIS-128AA9/2020	2020-04-14
England/BRIS-128AB8/2020	2020-04-14
England/BRIS-128B00/2020	2020-04-14
England/BRIS-128B1F/2020	2020-04-14
England/BRIS-128B2E/2020	2020-04-14
England/BRIS-128B3D/2020	2020-04-14
England/BRIS-128B4C/2020	2020-04-14
England/BRIS-128B6A/2020	2020-04-14
England/BRIS-128BB5/2020	2020-04-14
England/BRIS-128BC4/2020	2020-04-14
England/BRIS-128CC1/2020	2020-04-14
England/BRIS-128D0A/2020	2020-04-14
England/BRIS-128D37/2020	2020-04-14
England/BRIS-128D46/2020	2020-04-14
England/BRIS-128D73/2020	2020-04-14
England/CAMB-7C0D2/2020	2020-04-14
England/CAMB-7C209/2020	2020-04-14
England/CAMB-7C218/2020	2020-04-14
England/CAMB-7C227/2020	2020-04-14
England/CAMB-7C272/2020	2020-04-14
England/CAMB-7C2AF/2020	2020-04-14
England/CAMB-7C2FA/2020	2020-04-14
England/CAMB-7C306/2020	2020-04-14
England/CAMB-7C324/2020	2020-04-14
England/CAMB-7C3CA/2020	2020-04-14
England/CAMB-7E252/2020	2020-04-14
England/CAMB-80F65/2020	2020-04-14
England/CAMB-80FCF/2020	2020-04-14
England/CAMB-8224C/2020	2020-04-14
England/CAMB-822E2/2020	2020-04-14
England/CAMB-82394/2020	2020-04-14
England/CAMB-82482/2020	2020-04-14
England/CAMB-824CE/2020	2020-04-14
England/CAMB-82543/2020	2020-04-14
England/CAMB-826C8/2020	2020-04-14
England/CAMB-8276B/2020	2020-04-14
England/CAMB-82789/2020	2020-04-14
England/CAMB-827A7/2020	2020-04-14
England/CAMB-82859/2020	2020-04-14
England/CAMB-828D1/2020	2020-04-14
England/CAMB-828FF/2020	2020-04-14
England/CAMB-82938/2020	2020-04-14
England/CAMB-82956/2020	2020-04-14
England/CAMB-82974/2020	2020-04-14
England/CAMB-82DC3/2020	2020-04-14
England/CAMB-82E0C/2020	2020-04-14
England/CAMB-82E66/2020	2020-04-14
England/CAMB-82EEE/2020	2020-04-14
England/CAMB-8309C/2020	2020-04-14
England/CAMB-83102/2020	2020-04-14
England/CAMB-8316C/2020	2020-04-14
England/CAMB-8318A/2020	2020-04-14
England/CAMB-831A8/2020	2020-04-14
England/CAMB-8322D/2020	2020-04-14
England/CAMB-83287/2020	2020-04-14
England/CAMB-83375/2020	2020-04-14
England/CAMB-833A2/2020	2020-04-14
England/CAMB-833B1/2020	2020-04-14
England/CAMB-833EE/2020	2020-04-14
England/CAMB-83409/2020	2020-04-14
England/CAMB-83418/2020	2020-04-14
England/CAMB-83436/2020	2020-04-14
England/CAMB-834BE/2020	2020-04-14
England/CAMB-835AC/2020	2020-04-14
England/CAMB-835CA/2020	2020-04-14
England/CAMB-8366D/2020	2020-04-14
England/CAMB-8369A/2020	2020-04-14
England/CAMB-836A9/2020	2020-04-14
England/CAMB-837F1/2020	2020-04-14
England/CAMB-8382B/2020	2020-04-14
England/EXET-1350D4/2020	2020-04-14
England/EXET-13546F/2020	2020-04-14
England/EXET-136185/2020	2020-04-14
England/EXET-1361A3/2020	2020-04-14
England/EXET-1361B2/2020	2020-04-14
England/EXET-1361EF/2020	2020-04-14
England/LIVE-99CEA/2020	2020-04-14
England/LIVE-99DD8/2020	2020-04-14
England/LOND-D4BE6/2020	2020-04-14
England/LOND-D4C01/2020	2020-04-14
England/LOND-D4C10/2020	2020-04-14
England/LOND-D4C2F/2020	2020-04-14
England/LOND-D4C5C/2020	2020-04-14
England/LOND-D4D68/2020	2020-04-14
England/LOND-D4E74/2020	2020-04-14
England/LOND-D4FAE/2020	2020-04-14
England/LOND-D4FEA/2020	2020-04-14
England/LOND-D4FF9/2020	2020-04-14
England/LOND-D5022/2020	2020-04-14
England/LOND-D5031/2020	2020-04-14
England/LOND-D5611/2020	2020-04-14
England/NORW-E8BEF/2020	2020-04-14
England/NORW-E8C0A/2020	2020-04-14
England/NORW-E8CA0/2020	2020-04-14
England/NORW-E8CEC/2020	2020-04-14
England/OXON-ADADA/2020	2020-04-14
England/OXON-AF3DD/2020	2020-04-14
England/OXON-AF434/2020	2020-04-14
England/OXON-AF4DA/2020	2020-04-14
England/OXON-AF4F8/2020	2020-04-14
England/OXON-AF57D/2020	2020-04-14
England/OXON-AF5D7/2020	2020-04-14
England/OXON-AF67A/2020	2020-04-14
England/OXON-B2119/2020	2020-04-14
England/OXON-B2234/2020	2020-04-14
England/PHEC-1E61C/2020	2020-04-14
England/PHEC-1E6D0/2020	2020-04-14
England/PHEC-1E773/2020	2020-04-14
England/PHEC-1E834/2020	2020-04-14
England/PHEC-1E861/2020	2020-04-14
England/PHEC-1EB4A/2020	2020-04-14
England/PHEC-1EB68/2020	2020-04-14
England/PHEC-1EB77/2020	2020-04-14
England/PHEC-1EB86/2020	2020-04-14
England/PHEC-1EB95/2020	2020-04-14
England/PHEC-1F0FF/2020	2020-04-14
England/PHEC-1FBC1/2020	2020-04-14
England/PHEC-1FC0A/2020	2020-04-14
England/PHEC-1FC19/2020	2020-04-14
England/PHEC-1FC28/2020	2020-04-14
England/PHEC-208A8/2020	2020-04-14
England/PHEC-208B7/2020	2020-04-14
England/PHEC-2090F/2020	2020-04-14
England/PHEC-20D9A/2020	2020-04-14
England/PHEC-20E79/2020	2020-04-14
England/PHEC-20E97/2020	2020-04-14
England/PHEC-2127C/2020	2020-04-14
England/PHEC-2136A/2020	2020-04-14
England/SHEF-C2CE8/2020	2020-04-14
England/SHEF-C5984/2020	2020-04-14
England/SHEF-C5A36/2020	2020-04-14
England/SHEF-C65AD/2020	2020-04-14
England/SHEF-C65DA/2020	2020-04-14
England/SHEF-C77B5/2020	2020-04-14
England/SHEF-C8392/2020	2020-04-14
England/SHEF-C8778/2020	2020-04-14
England/SHEF-C9100/2020	2020-04-14
England/SHEF-C9F51/2020	2020-04-14
England/SHEF-CCBD2/2020	2020-04-14
England/SHEF-CDDBD/2020	2020-04-14
England/SHEF-D087A/2020	2020-04-14
England/SHEF-D19B2/2020	2020-04-14
England/SHEF-D2993/2020	2020-04-14
Northern_Ireland/NIRE-104117/2020	2020-04-14
Northern_Ireland/NIRE-104180/2020	2020-04-14
Northern_Ireland/NIRE-1041CC/2020	2020-04-14
Northern_Ireland/NIRE-1041DB/2020	2020-04-14
Northern_Ireland/NIRE-1042BA/2020	2020-04-14
Scotland/CVR2353/2020	2020-04-14
Scotland/CVR2356/2020	2020-04-14
Scotland/CVR2363/2020	2020-04-14
Scotland/CVR2367/2020	2020-04-14
Scotland/CVR2370/2020	2020-04-14
Scotland/CVR2382/2020	2020-04-14
Scotland/CVR2388/2020	2020-04-14
Scotland/CVR2405/2020	2020-04-14
Scotland/CVR2410/2020	2020-04-14
Scotland/CVR2411/2020	2020-04-14
Scotland/CVR2412/2020	2020-04-14
Scotland/CVR2413/2020	2020-04-14
Scotland/CVR2415/2020	2020-04-14
Scotland/CVR2416/2020	2020-04-14
Scotland/CVR2417/2020	2020-04-14
Scotland/CVR2419/2020	2020-04-14
Scotland/CVR2429/2020	2020-04-14
Scotland/CVR2433/2020	2020-04-14
Scotland/CVR2437/2020	2020-04-14
Scotland/CVR2444/2020	2020-04-14
Scotland/CVR2446/2020	2020-04-14
Scotland/CVR2447/2020	2020-04-14
Scotland/CVR2448/2020	2020-04-14
Scotland/CVR2450/2020	2020-04-14
Scotland/CVR2457/2020	2020-04-14
Scotland/CVR2458/2020	2020-04-14
Scotland/CVR2468/2020	2020-04-14
Scotland/CVR2473/2020	2020-04-14
Scotland/CVR2491/2020	2020-04-14
Scotland/CVR2496/2020	2020-04-14
Scotland/CVR2501/2020	2020-04-14
Scotland/EDB1525/2020	2020-04-14
Scotland/EDB1629/2020	2020-04-14
Scotland/EDB1647/2020	2020-04-14
Scotland/EDB3554/2020	2020-04-14
Scotland/EDB3555/2020	2020-04-14
Scotland/EDB3557/2020	2020-04-14
Scotland/EDB3558/2020	2020-04-14
Scotland/EDB3559/2020	2020-04-14
Scotland/EDB3566/2020	2020-04-14
Scotland/EDB3991/2020	2020-04-14
Wales/PHWC-15D504/2020	2020-04-14
Wales/PHWC-160665/2020	2020-04-14
Wales/PHWC-160735/2020	2020-04-14
Wales/PHWC-2DDAC/2020	2020-04-14
Wales/PHWC-2DDF7/2020	2020-04-14
Wales/PHWC-2DE21/2020	2020-04-14
Wales/PHWC-2DE30/2020	2020-04-14
Wales/PHWC-2DE4F/2020	2020-04-14
Wales/PHWC-31C3F/2020	2020-04-14
Wales/PHWC-31CB7/2020	2020-04-14
Wales/PHWC-31F90/2020	2020-04-14
Wales/PHWC-31FBE/2020	2020-04-14
Wales/PHWC-32102/2020	2020-04-14
Wales/PHWC-32111/2020	2020-04-14
Wales/PHWC-3218A/2020	2020-04-14
Wales/PHWC-321D5/2020	2020-04-14
Wales/PHWC-328B2/2020	2020-04-14
Wales/PHWC-328EF/2020	2020-04-14
Wales/PHWC-32919/2020	2020-04-14
Wales/PHWC-32964/2020	2020-04-14
Wales/PHWC-329A0/2020	2020-04-14
Wales/PHWC-329CE/2020	2020-04-14
Wales/PHWC-329DD/2020	2020-04-14
Wales/PHWC-329EC/2020	2020-04-14
Wales/PHWC-32A25/2020	2020-04-14
Wales/PHWC-32A34/2020	2020-04-14
Wales/PHWC-32A52/2020	2020-04-14
Wales/PHWC-32A61/2020	2020-04-14
Wales/PHWC-32A70/2020	2020-04-14
Wales/PHWC-32A8F/2020	2020-04-14
Wales/PHWC-32ADA/2020	2020-04-14
Wales/PHWC-32AE9/2020	2020-04-14
Wales/PHWC-32B6E/2020	2020-04-14
Wales/PHWC-32B7D/2020	2020-04-14
Wales/PHWC-32C01/2020	2020-04-14
Wales/PHWC-32C6B/2020	2020-04-14
Wales/PHWC-32D59/2020	2020-04-14
Wales/PHWC-32DA4/2020	2020-04-14
Wales/PHWC-32DD1/2020	2020-04-14
Wales/PHWC-32E0B/2020	2020-04-14
Wales/PHWC-32E29/2020	2020-04-14
Wales/PHWC-32E47/2020	2020-04-14
Wales/PHWC-32E56/2020	2020-04-14
Wales/PHWC-32E92/2020	2020-04-14
Wales/PHWC-32ECF/2020	2020-04-14
Wales/PHWC-32F17/2020	2020-04-14
Wales/PHWC-32F44/2020	2020-04-14
Wales/PHWC-32F53/2020	2020-04-14
Wales/PHWC-32FAE/2020	2020-04-14
Wales/PHWC-32FEA/2020	2020-04-14
Wales/PHWC-33004/2020	2020-04-14
Wales/PHWC-33022/2020	2020-04-14
Wales/PHWC-33040/2020	2020-04-14
Wales/PHWC-3306E/2020	2020-04-14
Wales/PHWC-3307D/2020	2020-04-14
Wales/PHWC-3308C/2020	2020-04-14
Wales/PHWC-330AA/2020	2020-04-14
Wales/PHWC-330B9/2020	2020-04-14
Wales/PHWC-330D7/2020	2020-04-14
Wales/PHWC-33110/2020	2020-04-14
Wales/PHWC-3312F/2020	2020-04-14
Wales/PHWC-337E1/2020	2020-04-14
Wales/PHWC-33A8E/2020	2020-04-14
Wales/PHWC-33BE5/2020	2020-04-14
Wales/PHWC-33D58/2020	2020-04-14
Wales/PHWC-33D67/2020	2020-04-14
Wales/PHWC-33D76/2020	2020-04-14
Wales/PHWC-34285/2020	2020-04-14
Wales/PHWC-342C1/2020	2020-04-14
Wales/PHWC-342D0/2020	2020-04-14
Wales/PHWC-342EF/2020	2020-04-14
Wales/PHWC-342FE/2020	2020-04-14
Wales/PHWC-345C8/2020	2020-04-14
Wales/PHWC-34847/2020	2020-04-14
England/20166000104/2020	2020-04-15
England/20166000804/2020	2020-04-15
England/20166004204/2020	2020-04-15
England/20166004304/2020	2020-04-15
England/20166006204/2020	2020-04-15
England/20166008804/2020	2020-04-15
England/20166008904/2020	2020-04-15
England/20166012804/2020	2020-04-15
England/20166013304/2020	2020-04-15
England/20166014904/2020	2020-04-15
England/20166018804/2020	2020-04-15
England/20168033004/2020	2020-04-15
England/BIRM-5E328/2020	2020-04-15
England/BIRM-5E346/2020	2020-04-15
England/BIRM-5E364/2020	2020-04-15
England/BRIS-127A5F/2020	2020-04-15
England/BRIS-127A9B/2020	2020-04-15
England/BRIS-1281FF/2020	2020-04-15
England/BRIS-128274/2020	2020-04-15
England/BRIS-12870C/2020	2020-04-15
England/BRIS-12871B/2020	2020-04-15
England/BRIS-12872A/2020	2020-04-15
England/BRIS-128793/2020	2020-04-15
England/BRIS-128854/2020	2020-04-15
England/BRIS-128863/2020	2020-04-15
England/BRIS-128C67/2020	2020-04-15
England/BRIS-12953E/2020	2020-04-15
England/BRIS-12954D/2020	2020-04-15
England/BRIS-129B5A/2020	2020-04-15
England/BRIS-129BE1/2020	2020-04-15
England/BRIS-129C93/2020	2020-04-15
England/BRIS-129CDF/2020	2020-04-15
England/BRIS-129D27/2020	2020-04-15
England/BRIS-129D36/2020	2020-04-15
England/BRIS-12A04B/2020	2020-04-15
England/BRIS-12A184/2020	2020-04-15
England/BRIS-12A2BE/2020	2020-04-15
England/CAMB-1AA395/2020	2020-04-15
England/CAMB-1AA3B3/2020	2020-04-15
England/CAMB-1AA3D1/2020	2020-04-15
England/CAMB-7C1DF/2020	2020-04-15
England/CAMB-7C245/2020	2020-04-15
England/CAMB-7C263/2020	2020-04-15
England/CAMB-7E10A/2020	2020-04-15
England/CAMB-7E128/2020	2020-04-15
England/CAMB-7E234/2020	2020-04-15
England/CAMB-7FCBD/2020	2020-04-15
England/CAMB-80F38/2020	2020-04-15
England/CAMB-80F47/2020	2020-04-15
England/CAMB-80F56/2020	2020-04-15
England/CAMB-832D2/2020	2020-04-15
England/CAMB-83348/2020	2020-04-15
England/CAMB-83384/2020	2020-04-15
England/CAMB-83445/2020	2020-04-15
England/CAMB-834CD/2020	2020-04-15
England/CAMB-8359D/2020	2020-04-15
England/CAMB-836D6/2020	2020-04-15
England/CAMB-83779/2020	2020-04-15
England/CAMB-83797/2020	2020-04-15
England/CAMB-837B5/2020	2020-04-15
England/CAMB-837D3/2020	2020-04-15
England/CAMB-83867/2020	2020-04-15
England/CAMB-83876/2020	2020-04-15
England/CAMB-838A3/2020	2020-04-15
England/CAMB-838B2/2020	2020-04-15
England/CAMB-83973/2020	2020-04-15
England/CAMB-839BF/2020	2020-04-15
England/CAMB-83A25/2020	2020-04-15
England/CAMB-83A34/2020	2020-04-15
England/CAMB-83A61/2020	2020-04-15
England/CAMB-83A9E/2020	2020-04-15
England/CAMB-83ADA/2020	2020-04-15
England/CAMB-83B13/2020	2020-04-15
England/CAMB-83CB6/2020	2020-04-15
England/CAMB-83CD4/2020	2020-04-15
England/EXET-1353CC/2020	2020-04-15
England/EXET-135450/2020	2020-04-15
England/EXET-135890/2020	2020-04-15
England/EXET-1360F1/2020	2020-04-15
England/EXET-13610D/2020	2020-04-15
England/EXET-136158/2020	2020-04-15
England/EXET-136167/2020	2020-04-15
England/EXET-136194/2020	2020-04-15
England/LIVE-99EE4/2020	2020-04-15
England/LIVE-9D3F0/2020	2020-04-15
England/LIVE-9D572/2020	2020-04-15
England/LOND-D4C98/2020	2020-04-15
England/LOND-D4CA7/2020	2020-04-15
England/LOND-D509B/2020	2020-04-15
England/LOND-D514D/2020	2020-04-15
England/LOND-D5189/2020	2020-04-15
England/LOND-D51E3/2020	2020-04-15
England/LOND-D521D/2020	2020-04-15
England/LOND-D522C/2020	2020-04-15
England/LOND-D52B3/2020	2020-04-15
England/LOND-D52C2/2020	2020-04-15
England/LOND-D53A1/2020	2020-04-15
England/LOND-D53DE/2020	2020-04-15
England/LOND-D5435/2020	2020-04-15
England/LOND-D5453/2020	2020-04-15
England/LOND-D5480/2020	2020-04-15
England/LOND-D549F/2020	2020-04-15
England/LOND-D54AE/2020	2020-04-15
England/NORW-E80B3/2020	2020-04-15
England/NORW-E80FF/2020	2020-04-15
England/NORW-E8745/2020	2020-04-15
England/NORW-E8833/2020	2020-04-15
England/NORW-E8AA6/2020	2020-04-15
England/NORW-E8B3A/2020	2020-04-15
England/NORW-E8C82/2020	2020-04-15
England/NORW-E8D16/2020	2020-04-15
England/NORW-E8D52/2020	2020-04-15
England/NOTT-110EE4/2020	2020-04-15
England/NOTT-111E01/2020	2020-04-15
England/OXON-AF759/2020	2020-04-15
England/OXON-AF7B3/2020	2020-04-15
England/OXON-AF7D1/2020	2020-04-15
England/OXON-AF81A/2020	2020-04-15
England/OXON-AF874/2020	2020-04-15
England/OXON-AF917/2020	2020-04-15
England/OXON-AF935/2020	2020-04-15
England/OXON-AF953/2020	2020-04-15
England/OXON-AF971/2020	2020-04-15
England/OXON-AF9BD/2020	2020-04-15
England/OXON-AFA14/2020	2020-04-15
England/OXON-AFA32/2020	2020-04-15
England/OXON-AFB5D/2020	2020-04-15
England/OXON-AFBD5/2020	2020-04-15
England/OXON-B08E9/2020	2020-04-15
England/OXON-B19F4/2020	2020-04-15
England/PHEC-1ECDE/2020	2020-04-15
England/PHEC-1F10B/2020	2020-04-15
England/PHEC-20A2A/2020	2020-04-15
England/PHEC-20D5E/2020	2020-04-15
England/PHEC-20D7C/2020	2020-04-15
England/PHEC-20DB8/2020	2020-04-15
England/PHEC-20DD6/2020	2020-04-15
England/PHEC-20E00/2020	2020-04-15
England/PHEC-20E3D/2020	2020-04-15
England/PHEC-20EE2/2020	2020-04-15
England/SHEF-C0F96/2020	2020-04-15
England/SHEF-C14C3/2020	2020-04-15
England/SHEF-C5535/2020	2020-04-15
England/SHEF-C57A8/2020	2020-04-15
England/SHEF-C5C21/2020	2020-04-15
England/SHEF-C668C/2020	2020-04-15
England/SHEF-C769A/2020	2020-04-15
England/SHEF-C84DB/2020	2020-04-15
England/SHEF-C9698/2020	2020-04-15
England/SHEF-CBB88/2020	2020-04-15
England/SHEF-CBBB5/2020	2020-04-15
England/SHEF-CF10A/2020	2020-04-15
England/SHEF-D0300/2020	2020-04-15
England/SHEF-D2720/2020	2020-04-15
Northern_Ireland/NIRE-FAC7E/2020	2020-04-15
Northern_Ireland/NIRE-FACBA/2020	2020-04-15
Northern_Ireland/NIRE-FAD11/2020	2020-04-15
Northern_Ireland/NIRE-FAD7B/2020	2020-04-15
Northern_Ireland/NIRE-FB7A9/2020	2020-04-15
Northern_Ireland/NIRE-FB800/2020	2020-04-15
Northern_Ireland/NIRE-FB888/2020	2020-04-15
Scotland/CVR2469/2020	2020-04-15
Scotland/CVR2470/2020	2020-04-15
Scotland/CVR2472/2020	2020-04-15
Scotland/CVR2474/2020	2020-04-15
Scotland/CVR2475/2020	2020-04-15
Scotland/CVR2480/2020	2020-04-15
Scotland/CVR2488/2020	2020-04-15
Scotland/CVR2490/2020	2020-04-15
Scotland/CVR2492/2020	2020-04-15
Scotland/CVR2497/2020	2020-04-15
Scotland/CVR2498/2020	2020-04-15
Scotland/CVR2512/2020	2020-04-15
Scotland/CVR2514/2020	2020-04-15
Scotland/CVR2515/2020	2020-04-15
Scotland/CVR2520/2020	2020-04-15
Scotland/CVR2523/2020	2020-04-15
Scotland/CVR2526/2020	2020-04-15
Scotland/CVR2533/2020	2020-04-15
Scotland/CVR2534/2020	2020-04-15
Scotland/CVR2538/2020	2020-04-15
Scotland/CVR2550/2020	2020-04-15
Scotland/CVR2556/2020	2020-04-15
Scotland/CVR2610/2020	2020-04-15
Scotland/CVR2611/2020	2020-04-15
Scotland/CVR2616/2020	2020-04-15
Scotland/CVR3205/2020	2020-04-15
Scotland/EDB1663/2020	2020-04-15
Scotland/EDB1664/2020	2020-04-15
Scotland/EDB1674/2020	2020-04-15
Scotland/EDB1679/2020	2020-04-15
Scotland/EDB1681/2020	2020-04-15
Scotland/EDB1711/2020	2020-04-15
Scotland/EDB4016/2020	2020-04-15
Scotland/EDB4027/2020	2020-04-15
Scotland/EDB4039/2020	2020-04-15
Scotland/EDB4041/2020	2020-04-15
Wales/PHWC-2E2E8/2020	2020-04-15
Wales/PHWC-2E2F7/2020	2020-04-15
Wales/PHWC-32603/2020	2020-04-15
Wales/PHWC-32612/2020	2020-04-15
Wales/PHWC-3265E/2020	2020-04-15
Wales/PHWC-326A9/2020	2020-04-15
Wales/PHWC-3271F/2020	2020-04-15
Wales/PHWC-3274C/2020	2020-04-15
Wales/PHWC-3275B/2020	2020-04-15
Wales/PHWC-32797/2020	2020-04-15
Wales/PHWC-327F1/2020	2020-04-15
Wales/PHWC-32858/2020	2020-04-15
Wales/PHWC-32876/2020	2020-04-15
Wales/PHWC-32885/2020	2020-04-15
Wales/PHWC-328D0/2020	2020-04-15
Wales/PHWC-328FE/2020	2020-04-15
Wales/PHWC-32928/2020	2020-04-15
Wales/PHWC-32955/2020	2020-04-15
Wales/PHWC-32973/2020	2020-04-15
Wales/PHWC-32982/2020	2020-04-15
Wales/PHWC-32A07/2020	2020-04-15
Wales/PHWC-32A16/2020	2020-04-15
Wales/PHWC-32A43/2020	2020-04-15
Wales/PHWC-32B13/2020	2020-04-15
Wales/PHWC-32B31/2020	2020-04-15
Wales/PHWC-32B8C/2020	2020-04-15
Wales/PHWC-32BAA/2020	2020-04-15
Wales/PHWC-32BB9/2020	2020-04-15
Wales/PHWC-32BC8/2020	2020-04-15
Wales/PHWC-32BE6/2020	2020-04-15
Wales/PHWC-32BF5/2020	2020-04-15
Wales/PHWC-32C10/2020	2020-04-15
Wales/PHWC-32C2F/2020	2020-04-15
Wales/PHWC-32C4D/2020	2020-04-15
Wales/PHWC-32C5C/2020	2020-04-15
Wales/PHWC-32C7A/2020	2020-04-15
Wales/PHWC-3381B/2020	2020-04-15
Wales/PHWC-3382A/2020	2020-04-15
Wales/PHWC-33945/2020	2020-04-15
Wales/PHWC-33A9D/2020	2020-04-15
Wales/PHWC-33D94/2020	2020-04-15
Wales/PHWC-33E0A/2020	2020-04-15
Wales/PHWC-33E28/2020	2020-04-15
Wales/PHWC-33E64/2020	2020-04-15
Wales/PHWC-33EA0/2020	2020-04-15
Wales/PHWC-33EBF/2020	2020-04-15
Wales/PHWC-33EFB/2020	2020-04-15
Wales/PHWC-33FDA/2020	2020-04-15
Wales/PHWC-343EC/2020	2020-04-15
Wales/PHWC-343FB/2020	2020-04-15
Wales/PHWC-3457D/2020	2020-04-15
Wales/PHWC-3481A/2020	2020-04-15
Wales/PHWC-34829/2020	2020-04-15
England/20166002204/2020	2020-04-16
England/20166004004/2020	2020-04-16
England/20166010304/2020	2020-04-16
England/20169002704/2020	2020-04-16
England/20169013704/2020	2020-04-16
England/20169013804/2020	2020-04-16
England/20169013904/2020	2020-04-16
England/20169014604/2020	2020-04-16
England/BIRM-5E2B2/2020	2020-04-16
England/BIRM-5E2C1/2020	2020-04-16
England/BIRM-5E2EF/2020	2020-04-16
England/BRIS-1275F4/2020	2020-04-16
England/BRIS-127600/2020	2020-04-16
England/BRIS-127DA1/2020	2020-04-16
England/BRIS-127DED/2020	2020-04-16
England/BRIS-127DFC/2020	2020-04-16
England/BRIS-127EBD/2020	2020-04-16
England/BRIS-127EDB/2020	2020-04-16
England/BRIS-128010/2020	2020-04-16
England/BRIS-12802F/2020	2020-04-16
England/BRIS-12803E/2020	2020-04-16
England/BRIS-12804D/2020	2020-04-16
England/BRIS-1280C5/2020	2020-04-16
England/BRIS-1280F2/2020	2020-04-16
England/BRIS-128177/2020	2020-04-16
England/BRIS-128195/2020	2020-04-16
England/BRIS-1281A4/2020	2020-04-16
England/BRIS-1281D1/2020	2020-04-16
England/BRIS-1281E0/2020	2020-04-16
England/BRIS-128292/2020	2020-04-16
England/BRIS-1282A1/2020	2020-04-16
England/BRIS-1282B0/2020	2020-04-16
England/BRIS-1282CF/2020	2020-04-16
England/BRIS-1282DE/2020	2020-04-16
England/BRIS-1282ED/2020	2020-04-16
England/BRIS-128308/2020	2020-04-16
England/BRIS-128317/2020	2020-04-16
England/BRIS-128326/2020	2020-04-16
England/BRIS-128353/2020	2020-04-16
England/BRIS-128371/2020	2020-04-16
England/BRIS-128380/2020	2020-04-16
England/BRIS-1283CC/2020	2020-04-16
England/BRIS-1283DB/2020	2020-04-16
England/BRIS-128405/2020	2020-04-16
England/BRIS-128414/2020	2020-04-16
England/BRIS-128423/2020	2020-04-16
England/BRIS-128432/2020	2020-04-16
England/BRIS-128441/2020	2020-04-16
England/BRIS-12849C/2020	2020-04-16
England/BRIS-1284BA/2020	2020-04-16
England/BRIS-1284C9/2020	2020-04-16
England/BRIS-129E7F/2020	2020-04-16
England/BRIS-129EBB/2020	2020-04-16
England/BRIS-129ECA/2020	2020-04-16
England/BRIS-12A096/2020	2020-04-16
England/BRIS-12A0A5/2020	2020-04-16
England/BRIS-12A0B4/2020	2020-04-16
England/BRIS-12A175/2020	2020-04-16
England/BRIS-12A1DF/2020	2020-04-16
England/BRIS-12A227/2020	2020-04-16
England/BRIS-12A236/2020	2020-04-16
England/BRIS-12A290/2020	2020-04-16
England/BRIS-12A2FA/2020	2020-04-16
England/BRIS-12CCAF/2020	2020-04-16
England/CAMB-1AA31D/2020	2020-04-16
England/CAMB-1AA3C2/2020	2020-04-16
England/CAMB-1AA3FF/2020	2020-04-16
England/CAMB-1AA4A1/2020	2020-04-16
England/CAMB-1AA535/2020	2020-04-16
England/CAMB-1AAB7F/2020	2020-04-16
England/CAMB-7E1BF/2020	2020-04-16
England/CAMB-7E331/2020	2020-04-16
England/CAMB-7FBDE/2020	2020-04-16
England/CAMB-7FC08/2020	2020-04-16
England/CAMB-7FC17/2020	2020-04-16
England/CAMB-7FC26/2020	2020-04-16
England/CAMB-7FC35/2020	2020-04-16
England/CAMB-7FC44/2020	2020-04-16
England/CAMB-7FC53/2020	2020-04-16
England/CAMB-7FC62/2020	2020-04-16
England/CAMB-80E95/2020	2020-04-16
England/CAMB-80F0B/2020	2020-04-16
England/CAMB-80F1A/2020	2020-04-16
England/CAMB-83946/2020	2020-04-16
England/CAMB-839FB/2020	2020-04-16
England/CAMB-83A52/2020	2020-04-16
England/CAMB-83B7D/2020	2020-04-16
England/CAMB-83BB9/2020	2020-04-16
England/CAMB-83BE6/2020	2020-04-16
England/CAMB-83BF5/2020	2020-04-16
England/CAMB-83C10/2020	2020-04-16
England/CAMB-83C3E/2020	2020-04-16
England/CAMB-83C4D/2020	2020-04-16
England/CAMB-83C89/2020	2020-04-16
England/CAMB-83CA7/2020	2020-04-16
England/CAMB-83CC5/2020	2020-04-16
England/CAMB-8423B/2020	2020-04-16
England/CAMB-8424A/2020	2020-04-16
England/CAMB-84277/2020	2020-04-16
England/CAMB-842B3/2020	2020-04-16
England/CAMB-842D1/2020	2020-04-16
England/CAMB-84347/2020	2020-04-16
England/CAMB-84356/2020	2020-04-16
England/CAMB-84374/2020	2020-04-16
England/CAMB-843A1/2020	2020-04-16
England/CAMB-843CF/2020	2020-04-16
England/CAMB-843FC/2020	2020-04-16
England/CAMB-84408/2020	2020-04-16
England/CAMB-84462/2020	2020-04-16
England/CAMB-8449F/2020	2020-04-16
England/CAMB-844AE/2020	2020-04-16
England/CAMB-844CC/2020	2020-04-16
England/CAMB-84514/2020	2020-04-16
England/CAMB-845F6/2020	2020-04-16
England/EXET-13565A/2020	2020-04-16
England/EXET-13605B/2020	2020-04-16
England/EXET-1360D3/2020	2020-04-16
England/EXET-13611C/2020	2020-04-16
England/LIVE-9A1DB/2020	2020-04-16
England/LIVE-9A2D8/2020	2020-04-16
England/LIVE-9A3E4/2020	2020-04-16
England/LIVE-9A40F/2020	2020-04-16
England/LIVE-9D466/2020	2020-04-16
England/LIVE-9D518/2020	2020-04-16
England/LOND-D4D0E/2020	2020-04-16
England/LOND-D5329/2020	2020-04-16
England/LOND-D5338/2020	2020-04-16
England/LOND-D54F9/2020	2020-04-16
England/LOND-D5514/2020	2020-04-16
England/LOND-D5523/2020	2020-04-16
England/LOND-D5532/2020	2020-04-16
England/LOND-D5550/2020	2020-04-16
England/LOND-D557E/2020	2020-04-16
England/LOND-D5602/2020	2020-04-16
England/LOND-D5620/2020	2020-04-16
England/LOND-D564E/2020	2020-04-16
England/LOND-D565D/2020	2020-04-16
England/LOND-D5945/2020	2020-04-16
England/NORW-E8402/2020	2020-04-16
England/NORW-E844E/2020	2020-04-16
England/NORW-E8499/2020	2020-04-16
England/NORW-E84A8/2020	2020-04-16
England/NORW-E851E/2020	2020-04-16
England/NORW-E8587/2020	2020-04-16
England/NORW-E8648/2020	2020-04-16
England/NORW-E8718/2020	2020-04-16
England/NOTT-11036D/2020	2020-04-16
England/OXON-AFA9C/2020	2020-04-16
England/OXON-AFB7B/2020	2020-04-16
England/OXON-AFBB7/2020	2020-04-16
England/OXON-AFC3C/2020	2020-04-16
England/OXON-AFC5A/2020	2020-04-16
England/OXON-AFCB4/2020	2020-04-16
England/OXON-AFCD2/2020	2020-04-16
England/OXON-AFD57/2020	2020-04-16
England/OXON-AFD75/2020	2020-04-16
England/OXON-AFDDF/2020	2020-04-16
England/OXON-B0184/2020	2020-04-16
England/PHEC-1EBA4/2020	2020-04-16
England/PHEC-1EBD1/2020	2020-04-16
England/PHEC-1EC0B/2020	2020-04-16
England/PHEC-1EC83/2020	2020-04-16
England/PHEC-1EC92/2020	2020-04-16
England/PHEC-1ECA1/2020	2020-04-16
England/PHEC-1ECB0/2020	2020-04-16
England/PHEC-1ED26/2020	2020-04-16
England/PHEC-1ED44/2020	2020-04-16
England/PHEC-1FD9E/2020	2020-04-16
England/PHEC-20B72/2020	2020-04-16
England/PHEC-20C7F/2020	2020-04-16
England/PHEC-20DE5/2020	2020-04-16
England/PHEC-20F2B/2020	2020-04-16
England/PHEC-20F3A/2020	2020-04-16
England/PHEC-20F49/2020	2020-04-16
England/PHEC-20F67/2020	2020-04-16
England/PHEC-20F94/2020	2020-04-16
England/PHEC-20FB2/2020	2020-04-16
England/PHEC-20FC1/2020	2020-04-16
England/PHEC-20FD0/2020	2020-04-16
England/PHEC-21072/2020	2020-04-16
England/PHEC-21106/2020	2020-04-16
England/SHEF-C0A59/2020	2020-04-16
England/SHEF-C1029/2020	2020-04-16
England/SHEF-C1AEF/2020	2020-04-16
England/SHEF-C1CBC/2020	2020-04-16
England/SHEF-C42B7/2020	2020-04-16
England/SHEF-C5DB5/2020	2020-04-16
England/SHEF-C8523/2020	2020-04-16
England/SHEF-CA8A0/2020	2020-04-16
England/SHEF-CECFB/2020	2020-04-16
England/SHEF-CEE7D/2020	2020-04-16
England/SHEF-D02E5/2020	2020-04-16
Scotland/CVR2536/2020	2020-04-16
Scotland/CVR2545/2020	2020-04-16
Scotland/CVR2554/2020	2020-04-16
Scotland/CVR2558/2020	2020-04-16
Scotland/CVR2561/2020	2020-04-16
Scotland/CVR2563/2020	2020-04-16
Scotland/CVR2564/2020	2020-04-16
Scotland/CVR2568/2020	2020-04-16
Scotland/CVR2573/2020	2020-04-16
Scotland/CVR2575/2020	2020-04-16
Scotland/CVR2576/2020	2020-04-16
Scotland/CVR2579/2020	2020-04-16
Scotland/CVR2580/2020	2020-04-16
Scotland/CVR2583/2020	2020-04-16
Scotland/CVR2586/2020	2020-04-16
Scotland/CVR2591/2020	2020-04-16
Scotland/CVR2592/2020	2020-04-16
Scotland/CVR2594/2020	2020-04-16
Scotland/CVR2595/2020	2020-04-16
Scotland/CVR2601/2020	2020-04-16
Scotland/CVR2602/2020	2020-04-16
Scotland/CVR2603/2020	2020-04-16
Scotland/CVR2605/2020	2020-04-16
Scotland/CVR2607/2020	2020-04-16
Scotland/CVR2618/2020	2020-04-16
Scotland/CVR2627/2020	2020-04-16
Scotland/CVR2631/2020	2020-04-16
Scotland/CVR2637/2020	2020-04-16
Scotland/CVR2641/2020	2020-04-16
Scotland/CVR2647/2020	2020-04-16
Scotland/CVR2649/2020	2020-04-16
Scotland/CVR2652/2020	2020-04-16
Scotland/CVR2653/2020	2020-04-16
Scotland/CVR2735/2020	2020-04-16
Scotland/CVR2738/2020	2020-04-16
Scotland/CVR3209/2020	2020-04-16
Scotland/CVR3211/2020	2020-04-16
Scotland/CVR3212/2020	2020-04-16
Scotland/EDB1812/2020	2020-04-16
Scotland/EDB1816/2020	2020-04-16
Scotland/EDB1817/2020	2020-04-16
Scotland/EDB1825/2020	2020-04-16
Scotland/EDB4075/2020	2020-04-16
Scotland/EDB4098/2020	2020-04-16
Scotland/EDB4103/2020	2020-04-16
Scotland/EDB4249/2020	2020-04-16
Wales/PHWC-160B66/2020	2020-04-16
Wales/PHWC-16516F/2020	2020-04-16
Wales/PHWC-2E2AC/2020	2020-04-16
Wales/PHWC-2E2BB/2020	2020-04-16
Wales/PHWC-2E330/2020	2020-04-16
Wales/PHWC-2E36D/2020	2020-04-16
Wales/PHWC-338FD/2020	2020-04-16
Wales/PHWC-33909/2020	2020-04-16
Wales/PHWC-33918/2020	2020-04-16
Wales/PHWC-33927/2020	2020-04-16
Wales/PHWC-33C1F/2020	2020-04-16
Wales/PHWC-33C2E/2020	2020-04-16
Wales/PHWC-33C3D/2020	2020-04-16
Wales/PHWC-33C5B/2020	2020-04-16
Wales/PHWC-33DD0/2020	2020-04-16
Wales/PHWC-33EEC/2020	2020-04-16
Wales/PHWC-33F07/2020	2020-04-16
Wales/PHWC-33F25/2020	2020-04-16
Wales/PHWC-33F34/2020	2020-04-16
Wales/PHWC-33FE9/2020	2020-04-16
Wales/PHWC-34003/2020	2020-04-16
Wales/PHWC-34012/2020	2020-04-16
Wales/PHWC-34021/2020	2020-04-16
Wales/PHWC-34030/2020	2020-04-16
Wales/PHWC-3404F/2020	2020-04-16
Wales/PHWC-3411F/2020	2020-04-16
Wales/PHWC-3412E/2020	2020-04-16
Wales/PHWC-3413D/2020	2020-04-16
Wales/PHWC-3414C/2020	2020-04-16
Wales/PHWC-34328/2020	2020-04-16
Wales/PHWC-34355/2020	2020-04-16
Wales/PHWC-34364/2020	2020-04-16
Wales/PHWC-34382/2020	2020-04-16
Wales/PHWC-34391/2020	2020-04-16
Wales/PHWC-343CE/2020	2020-04-16
Wales/PHWC-34407/2020	2020-04-16
Wales/PHWC-34416/2020	2020-04-16
Wales/PHWC-34434/2020	2020-04-16
Wales/PHWC-3448F/2020	2020-04-16
Wales/PHWC-344CB/2020	2020-04-16
Wales/PHWC-34504/2020	2020-04-16
Wales/PHWC-34513/2020	2020-04-16
Wales/PHWC-34522/2020	2020-04-16
Wales/PHWC-347E0/2020	2020-04-16
Wales/PHWC-347FF/2020	2020-04-16
England/20169001704/2020	2020-04-17
England/20169001804/2020	2020-04-17
England/20169003404/2020	2020-04-17
England/20169005404/2020	2020-04-17
England/20169005704/2020	2020-04-17
England/20169005804/2020	2020-04-17
England/20169014704/2020	2020-04-17
England/20169014804/2020	2020-04-17
England/20169015304/2020	2020-04-17
England/20169015604/2020	2020-04-17
England/20169018304/2020	2020-04-17
England/BRIS-1279F8/2020	2020-04-17
England/BRIS-127AF5/2020	2020-04-17
England/BRIS-127B01/2020	2020-04-17
England/BRIS-127B2F/2020	2020-04-17
England/BRIS-127B89/2020	2020-04-17
England/BRIS-127B98/2020	2020-04-17
England/BRIS-127BA7/2020	2020-04-17
England/BRIS-127BB6/2020	2020-04-17
England/BRIS-127BC5/2020	2020-04-17
England/BRIS-127BD4/2020	2020-04-17
England/BRIS-127C2C/2020	2020-04-17
England/BRIS-127C3B/2020	2020-04-17
England/BRIS-127C59/2020	2020-04-17
England/BRIS-127C68/2020	2020-04-17
England/BRIS-127C77/2020	2020-04-17
England/BRIS-127C95/2020	2020-04-17
England/BRIS-127D29/2020	2020-04-17
England/BRIS-127D56/2020	2020-04-17
England/BRIS-127D74/2020	2020-04-17
England/BRIS-127E80/2020	2020-04-17
England/BRIS-1284E7/2020	2020-04-17
England/BRIS-1284F6/2020	2020-04-17
England/BRIS-1285E4/2020	2020-04-17
England/BRIS-128E25/2020	2020-04-17
England/BRIS-12CA2D/2020	2020-04-17
England/BRIS-12CA3C/2020	2020-04-17
England/BRIS-12CA4B/2020	2020-04-17
England/BRIS-12CB84/2020	2020-04-17
England/CAMB-1AA2A7/2020	2020-04-17
England/CAMB-1AA2C5/2020	2020-04-17
England/CAMB-1AA32C/2020	2020-04-17
England/CAMB-1AA368/2020	2020-04-17
England/CAMB-1AA456/2020	2020-04-17
England/CAMB-1AA492/2020	2020-04-17
England/CAMB-1AA553/2020	2020-04-17
England/CAMB-1AA562/2020	2020-04-17
England/CAMB-1AA5AE/2020	2020-04-17
England/CAMB-1AA614/2020	2020-04-17
England/CAMB-1AA632/2020	2020-04-17
England/CAMB-1AA67E/2020	2020-04-17
England/CAMB-1AA69C/2020	2020-04-17
England/CAMB-1AA6D8/2020	2020-04-17
England/CAMB-1AA702/2020	2020-04-17
England/CAMB-1AA74E/2020	2020-04-17
England/CAMB-1AA76C/2020	2020-04-17
England/CAMB-1AA7A8/2020	2020-04-17
England/CAMB-1AA7B7/2020	2020-04-17
England/CAMB-1AA7E4/2020	2020-04-17
England/CAMB-1AA81E/2020	2020-04-17
England/CAMB-1AA83C/2020	2020-04-17
England/CAMB-1AAA18/2020	2020-04-17
England/CAMB-1AAA36/2020	2020-04-17
England/CAMB-1AAE49/2020	2020-04-17
England/CAMB-1AAE94/2020	2020-04-17
England/CAMB-1AAEB2/2020	2020-04-17
England/CAMB-7E1CE/2020	2020-04-17
England/CAMB-7E2BC/2020	2020-04-17
England/CAMB-7E2CB/2020	2020-04-17
England/CAMB-7FB29/2020	2020-04-17
England/CAMB-7FB47/2020	2020-04-17
England/CAMB-7FB56/2020	2020-04-17
England/CAMB-7FB92/2020	2020-04-17
England/CAMB-80EA4/2020	2020-04-17
England/CAMB-80ED1/2020	2020-04-17
England/CAMB-80EE0/2020	2020-04-17
England/CAMB-844EA/2020	2020-04-17
England/CAMB-845AB/2020	2020-04-17
England/EXET-1353F9/2020	2020-04-17
England/EXET-135687/2020	2020-04-17
England/EXET-135757/2020	2020-04-17
England/EXET-135FC8/2020	2020-04-17
England/EXET-135FD7/2020	2020-04-17
England/EXET-135FE6/2020	2020-04-17
England/EXET-13606A/2020	2020-04-17
England/EXET-1360B5/2020	2020-04-17
England/EXET-1360C4/2020	2020-04-17
England/EXET-137218/2020	2020-04-17
England/LIVE-9A056/2020	2020-04-17
England/LIVE-9A0ED/2020	2020-04-17
England/LIVE-9A144/2020	2020-04-17
England/LIVE-9A1AE/2020	2020-04-17
England/LIVE-9A1BD/2020	2020-04-17
England/LIVE-9A1EA/2020	2020-04-17
England/LIVE-9A2C9/2020	2020-04-17
England/LOND-D5778/2020	2020-04-17
England/LOND-D5787/2020	2020-04-17
England/LOND-D57A5/2020	2020-04-17
England/LOND-D57F0/2020	2020-04-17
England/LOND-D5848/2020	2020-04-17
England/LOND-D58DF/2020	2020-04-17
England/LOND-D5918/2020	2020-04-17
England/LOND-D5927/2020	2020-04-17
England/LOND-D5954/2020	2020-04-17
England/LOND-D59FA/2020	2020-04-17
England/LOND-D5A06/2020	2020-04-17
England/LOND-D5A15/2020	2020-04-17
England/LOND-D5BC7/2020	2020-04-17
England/LOND-D7415/2020	2020-04-17
England/NORT-28B153/2020	2020-04-17
England/NORW-E84D5/2020	2020-04-17
England/NORW-E8578/2020	2020-04-17
England/NORW-E862A/2020	2020-04-17
England/NORW-E8639/2020	2020-04-17
England/NORW-E86DF/2020	2020-04-17
England/NOTT-1103F4/2020	2020-04-17
England/NOTT-11042E/2020	2020-04-17
England/NOTT-110646/2020	2020-04-17
England/NOTT-110655/2020	2020-04-17
England/NOTT-110664/2020	2020-04-17
England/NOTT-110F0F/2020	2020-04-17
England/NOTT-112091/2020	2020-04-17
England/OXON-AFDB1/2020	2020-04-17
England/OXON-AFF15/2020	2020-04-17
England/OXON-AFF51/2020	2020-04-17
England/OXON-AFF7F/2020	2020-04-17
England/OXON-B0B95/2020	2020-04-17
England/OXON-B0CB0/2020	2020-04-17
England/OXON-B0CFC/2020	2020-04-17
England/OXON-B0F7B/2020	2020-04-17
England/OXON-B10B3/2020	2020-04-17
England/OXON-B1B58/2020	2020-04-17
England/OXON-B2191/2020	2020-04-17
England/OXON-B26B0/2020	2020-04-17
England/PHEC-1ECFC/2020	2020-04-17
England/PHEC-1ED35/2020	2020-04-17
England/PHEC-1F11A/2020	2020-04-17
England/PHEC-1F138/2020	2020-04-17
England/PHEC-1F174/2020	2020-04-17
England/PHEC-1F1B0/2020	2020-04-17
England/PHEC-1FB58/2020	2020-04-17
England/PHEC-1FD8F/2020	2020-04-17
England/PHEC-2092D/2020	2020-04-17
England/PHEC-209C3/2020	2020-04-17
England/PHEC-21045/2020	2020-04-17
England/PHEC-21054/2020	2020-04-17
England/SHEF-C1D22/2020	2020-04-17
England/SHEF-C2134/2020	2020-04-17
England/SHEF-C2608/2020	2020-04-17
England/SHEF-C2B36/2020	2020-04-17
England/SHEF-C34EF/2020	2020-04-17
England/SHEF-C6543/2020	2020-04-17
England/SHEF-C79A0/2020	2020-04-17
England/SHEF-C98DE/2020	2020-04-17
England/SHEF-CA460/2020	2020-04-17
England/SHEF-CABC5/2020	2020-04-17
England/SHEF-CDC29/2020	2020-04-17
England/SHEF-CDD44/2020	2020-04-17
England/SHEF-CDF8A/2020	2020-04-17
England/SHEF-CE1DE/2020	2020-04-17
England/SHEF-CE9C7/2020	2020-04-17
England/SHEF-D04D0/2020	2020-04-17
England/SHEF-D04EF/2020	2020-04-17
England/SHEF-D068F/2020	2020-04-17
England/SHEF-D086B/2020	2020-04-17
England/SHEF-D16E8/2020	2020-04-17
England/SHEF-D29DF/2020	2020-04-17
Northern_Ireland/NIRE-1024C5/2020	2020-04-17
Northern_Ireland/NIRE-10252C/2020	2020-04-17
Northern_Ireland/NIRE-1025FF/2020	2020-04-17
Northern_Ireland/NIRE-10261A/2020	2020-04-17
Scotland/CVR2624/2020	2020-04-17
Scotland/CVR2628/2020	2020-04-17
Scotland/CVR2629/2020	2020-04-17
Scotland/CVR2635/2020	2020-04-17
Scotland/CVR2640/2020	2020-04-17
Scotland/CVR2645/2020	2020-04-17
Scotland/CVR2646/2020	2020-04-17
Scotland/CVR2650/2020	2020-04-17
Scotland/CVR2656/2020	2020-04-17
Scotland/CVR2657/2020	2020-04-17
Scotland/CVR2658/2020	2020-04-17
Scotland/CVR2660/2020	2020-04-17
Scotland/CVR2661/2020	2020-04-17
Scotland/CVR2662/2020	2020-04-17
Scotland/CVR2664/2020	2020-04-17
Scotland/CVR2668/2020	2020-04-17
Scotland/CVR2669/2020	2020-04-17
Scotland/CVR2672/2020	2020-04-17
Scotland/CVR2673/2020	2020-04-17
Scotland/CVR2675/2020	2020-04-17
Scotland/CVR2676/2020	2020-04-17
Scotland/CVR2680/2020	2020-04-17
Scotland/CVR2690/2020	2020-04-17
Scotland/CVR2692/2020	2020-04-17
Scotland/CVR2699/2020	2020-04-17
Scotland/CVR2708/2020	2020-04-17
Scotland/CVR2715/2020	2020-04-17
Scotland/CVR2717/2020	2020-04-17
Scotland/CVR2723/2020	2020-04-17
Scotland/CVR2791/2020	2020-04-17
Scotland/EDB1927/2020	2020-04-17
Scotland/EDB1992/2020	2020-04-17
Scotland/EDB4113/2020	2020-04-17
Wales/PHWC-15C57E/2020	2020-04-17
Wales/PHWC-15C620/2020	2020-04-17
Wales/PHWC-15D12E/2020	2020-04-17
Wales/PHWC-160647/2020	2020-04-17
Wales/PHWC-2F478/2020	2020-04-17
Wales/PHWC-2F487/2020	2020-04-17
Wales/PHWC-2F4B4/2020	2020-04-17
Wales/PHWC-2F4D2/2020	2020-04-17
Wales/PHWC-2F4E1/2020	2020-04-17
Wales/PHWC-33778/2020	2020-04-17
Wales/PHWC-33848/2020	2020-04-17
Wales/PHWC-33A42/2020	2020-04-17
Wales/PHWC-33A51/2020	2020-04-17
Wales/PHWC-33C88/2020	2020-04-17
Wales/PHWC-33F43/2020	2020-04-17
Wales/PHWC-33F52/2020	2020-04-17
Wales/PHWC-33F61/2020	2020-04-17
Wales/PHWC-3405E/2020	2020-04-17
Wales/PHWC-3406D/2020	2020-04-17
Wales/PHWC-34179/2020	2020-04-17
Wales/PHWC-34188/2020	2020-04-17
Wales/PHWC-34197/2020	2020-04-17
Wales/PHWC-341A6/2020	2020-04-17
Wales/PHWC-341C4/2020	2020-04-17
Wales/PHWC-341F1/2020	2020-04-17
Wales/PHWC-3420D/2020	2020-04-17
Wales/PHWC-3421C/2020	2020-04-17
Wales/PHWC-34319/2020	2020-04-17
Wales/PHWC-34337/2020	2020-04-17
Wales/PHWC-343DD/2020	2020-04-17
Wales/PHWC-3449E/2020	2020-04-17
Wales/PHWC-34962/2020	2020-04-17
Wales/PHWC-34971/2020	2020-04-17
Wales/PHWC-34B6C/2020	2020-04-17
England/20169007404/2020	2020-04-18
England/20169008204/2020	2020-04-18
England/BRIS-127BE3/2020	2020-04-18
England/BRIS-127CB3/2020	2020-04-18
England/BRIS-127E17/2020	2020-04-18
England/BRIS-127EEA/2020	2020-04-18
England/BRIS-127F50/2020	2020-04-18
England/BRIS-127F8D/2020	2020-04-18
England/BRIS-127F9C/2020	2020-04-18
England/BRIS-127FAB/2020	2020-04-18
England/BRIS-127FC9/2020	2020-04-18
England/BRIS-127FD8/2020	2020-04-18
England/BRIS-128E34/2020	2020-04-18
England/BRIS-128E8F/2020	2020-04-18
England/BRIS-128EDA/2020	2020-04-18
England/BRIS-128F5F/2020	2020-04-18
England/BRIS-128F7D/2020	2020-04-18
England/BRIS-129149/2020	2020-04-18
England/BRIS-129246/2020	2020-04-18
England/BRIS-129264/2020	2020-04-18
England/BRIS-12CA96/2020	2020-04-18
England/BRIS-12CAA5/2020	2020-04-18
England/BRIS-12CAC3/2020	2020-04-18
England/BRIS-12CAD2/2020	2020-04-18
England/BRIS-12CB1B/2020	2020-04-18
England/BRIS-12CB2A/2020	2020-04-18
England/BRIS-12CB39/2020	2020-04-18
England/BRIS-12CB48/2020	2020-04-18
England/BRIS-12CB57/2020	2020-04-18
England/BRIS-12CBB1/2020	2020-04-18
England/BRIS-12CBC0/2020	2020-04-18
England/BRIS-12CC09/2020	2020-04-18
England/BRIS-12CC54/2020	2020-04-18
England/BRIS-12CC63/2020	2020-04-18
England/BRIS-12CC72/2020	2020-04-18
England/BRIS-12CC81/2020	2020-04-18
England/BRIS-12CC90/2020	2020-04-18
England/BRIS-12CCBE/2020	2020-04-18
England/BRIS-12CCCD/2020	2020-04-18
England/BRIS-12CCDC/2020	2020-04-18
England/BRIS-12CCFA/2020	2020-04-18
England/CAMB-1AA5BD/2020	2020-04-18
England/CAMB-1AA6C9/2020	2020-04-18
England/CAMB-1AA8F0/2020	2020-04-18
England/CAMB-1AA948/2020	2020-04-18
England/CAMB-1AA957/2020	2020-04-18
England/CAMB-1AA993/2020	2020-04-18
England/CAMB-1AA9A2/2020	2020-04-18
England/CAMB-1AA9B1/2020	2020-04-18
England/CAMB-1AAACD/2020	2020-04-18
England/CAMB-1AAAEB/2020	2020-04-18
England/CAMB-1AAB24/2020	2020-04-18
England/CAMB-1AAB33/2020	2020-04-18
England/CAMB-1AAB60/2020	2020-04-18
England/CAMB-1AABBB/2020	2020-04-18
England/CAMB-1AAC4F/2020	2020-04-18
England/CAMB-1AAC6D/2020	2020-04-18
England/CAMB-1AACB8/2020	2020-04-18
England/CAMB-1AAD00/2020	2020-04-18
England/CAMB-1AAD79/2020	2020-04-18
England/CAMB-7F8E6/2020	2020-04-18
England/CAMB-7FEC6/2020	2020-04-18
England/CAMB-80E3B/2020	2020-04-18
England/CAMB-80E59/2020	2020-04-18
England/EXET-135D73/2020	2020-04-18
England/EXET-136000/2020	2020-04-18
England/EXET-13603D/2020	2020-04-18
England/EXET-136088/2020	2020-04-18
England/EXET-136097/2020	2020-04-18
England/LIVE-9A108/2020	2020-04-18
England/LIVE-9B90F/2020	2020-04-18
England/LIVE-9B9F0/2020	2020-04-18
England/LOND-D5A7F/2020	2020-04-18
England/LOND-D5AF7/2020	2020-04-18
England/LOND-D5B5E/2020	2020-04-18
England/LOND-D5D58/2020	2020-04-18
England/LOND-D5DD0/2020	2020-04-18
England/LOND-D5F07/2020	2020-04-18
England/LOND-D5F43/2020	2020-04-18
England/NORT-28B223/2020	2020-04-18
England/NORT-28B2E7/2020	2020-04-18
England/NORW-E6DEB/2020	2020-04-18
England/NORW-E6E60/2020	2020-04-18
England/NORW-E711B/2020	2020-04-18
England/NORW-E7139/2020	2020-04-18
England/NORW-E7175/2020	2020-04-18
England/NORW-E737F/2020	2020-04-18
England/NORW-E8411/2020	2020-04-18
England/NORW-E8420/2020	2020-04-18
England/NORW-E852D/2020	2020-04-18
England/NORW-E85B4/2020	2020-04-18
England/NORW-E85F0/2020	2020-04-18
England/NORW-E8684/2020	2020-04-18
England/NORW-E86B1/2020	2020-04-18
England/NORW-E86C0/2020	2020-04-18
England/OXON-AFFD9/2020	2020-04-18
England/OXON-AFFF7/2020	2020-04-18
England/OXON-B001E/2020	2020-04-18
England/OXON-B003C/2020	2020-04-18
England/OXON-B005A/2020	2020-04-18
England/OXON-B0078/2020	2020-04-18
England/OXON-B0096/2020	2020-04-18
England/OXON-B00D2/2020	2020-04-18
England/OXON-B00F0/2020	2020-04-18
England/OXON-B011B/2020	2020-04-18
England/OXON-B0193/2020	2020-04-18
England/OXON-B01B1/2020	2020-04-18
England/OXON-B0C38/2020	2020-04-18
England/OXON-B0C56/2020	2020-04-18
England/OXON-B0C74/2020	2020-04-18
England/OXON-B0D71/2020	2020-04-18
England/OXON-B1BD0/2020	2020-04-18
England/OXON-B1D52/2020	2020-04-18
England/OXON-B2313/2020	2020-04-18
England/PHEC-1FB94/2020	2020-04-18
England/PHEC-1FC82/2020	2020-04-18
England/SHEF-C0EF3/2020	2020-04-18
England/SHEF-C1108/2020	2020-04-18
England/SHEF-C3B17/2020	2020-04-18
England/SHEF-C4CF5/2020	2020-04-18
England/SHEF-C50BC/2020	2020-04-18
England/SHEF-C5711/2020	2020-04-18
England/SHEF-C68C2/2020	2020-04-18
England/SHEF-C6ABD/2020	2020-04-18
England/SHEF-C721E/2020	2020-04-18
England/SHEF-C7560/2020	2020-04-18
England/SHEF-C7885/2020	2020-04-18
England/SHEF-C904F/2020	2020-04-18
England/SHEF-C99BD/2020	2020-04-18
England/SHEF-CA6A6/2020	2020-04-18
England/SHEF-CCEE8/2020	2020-04-18
England/SHEF-CD412/2020	2020-04-18
England/SHEF-CE648/2020	2020-04-18
England/SHEF-CE930/2020	2020-04-18
England/SHEF-D043A/2020	2020-04-18
England/SHEF-D0959/2020	2020-04-18
England/SHEF-D1202/2020	2020-04-18
England/SHEF-D1D6B/2020	2020-04-18
England/SHEF-D1EE0/2020	2020-04-18
England/SHEF-D3042/2020	2020-04-18
Northern_Ireland/NIRE-102744/2020	2020-04-18
Northern_Ireland/NIRE-10279F/2020	2020-04-18
Northern_Ireland/NIRE-1027BD/2020	2020-04-18
Scotland/CVR2681/2020	2020-04-18
Scotland/CVR2682/2020	2020-04-18
Scotland/CVR2688/2020	2020-04-18
Scotland/CVR2698/2020	2020-04-18
Scotland/CVR2700/2020	2020-04-18
Scotland/CVR2701/2020	2020-04-18
Scotland/CVR2703/2020	2020-04-18
Scotland/CVR2704/2020	2020-04-18
Scotland/CVR2710/2020	2020-04-18
Scotland/CVR2712/2020	2020-04-18
Scotland/CVR2713/2020	2020-04-18
Scotland/CVR2714/2020	2020-04-18
Scotland/CVR2719/2020	2020-04-18
Scotland/CVR2720/2020	2020-04-18
Scotland/CVR2722/2020	2020-04-18
Scotland/CVR2725/2020	2020-04-18
Scotland/CVR2727/2020	2020-04-18
Scotland/CVR2731/2020	2020-04-18
Scotland/CVR2739/2020	2020-04-18
Scotland/CVR2740/2020	2020-04-18
Scotland/CVR2741/2020	2020-04-18
Scotland/CVR2742/2020	2020-04-18
Scotland/CVR2743/2020	2020-04-18
Scotland/CVR2744/2020	2020-04-18
Scotland/CVR2745/2020	2020-04-18
Scotland/CVR2747/2020	2020-04-18
Scotland/CVR2749/2020	2020-04-18
Scotland/CVR2751/2020	2020-04-18
Scotland/CVR2752/2020	2020-04-18
Scotland/CVR2753/2020	2020-04-18
Scotland/CVR2789/2020	2020-04-18
Scotland/EDB2049/2020	2020-04-18
Scotland/EDB2050/2020	2020-04-18
Scotland/EDB2051/2020	2020-04-18
Scotland/EDB2062/2020	2020-04-18
Scotland/EDB2066/2020	2020-04-18
Scotland/EDB4146/2020	2020-04-18
Scotland/EDB4153/2020	2020-04-18
Scotland/EDB4154/2020	2020-04-18
Scotland/EDB4158/2020	2020-04-18
Scotland/EDB4170/2020	2020-04-18
Wales/PHWC-16079F/2020	2020-04-18
Wales/PHWC-160920/2020	2020-04-18
Wales/PHWC-160AA5/2020	2020-04-18
Wales/PHWC-33787/2020	2020-04-18
Wales/PHWC-337C3/2020	2020-04-18
Wales/PHWC-33B03/2020	2020-04-18
Wales/PHWC-33CC4/2020	2020-04-18
Wales/PHWC-33CD3/2020	2020-04-18
Wales/PHWC-33D0D/2020	2020-04-18
Wales/PHWC-33F9E/2020	2020-04-18
Wales/PHWC-33FCB/2020	2020-04-18
Wales/PHWC-341E2/2020	2020-04-18
Wales/PHWC-34249/2020	2020-04-18
Wales/PHWC-34258/2020	2020-04-18
Wales/PHWC-344AD/2020	2020-04-18
Wales/PHWC-344BC/2020	2020-04-18
Wales/PHWC-34540/2020	2020-04-18
Wales/PHWC-3456E/2020	2020-04-18
Wales/PHWC-345AA/2020	2020-04-18
Wales/PHWC-348FC/2020	2020-04-18
England/BRIS-128EBC/2020	2020-04-19
England/BRIS-128F8C/2020	2020-04-19
England/BRIS-128FE6/2020	2020-04-19
England/BRIS-128FF5/2020	2020-04-19
England/BRIS-12903D/2020	2020-04-19
England/BRIS-12904C/2020	2020-04-19
England/BRIS-12906A/2020	2020-04-19
England/BRIS-1290A6/2020	2020-04-19
England/BRIS-1290B5/2020	2020-04-19
England/BRIS-1290C4/2020	2020-04-19
England/BRIS-12911C/2020	2020-04-19
England/BRIS-129167/2020	2020-04-19
England/BRIS-129176/2020	2020-04-19
England/BRIS-1291A3/2020	2020-04-19
England/BRIS-1291C1/2020	2020-04-19
England/BRIS-1291EF/2020	2020-04-19
England/BRIS-1291FE/2020	2020-04-19
England/BRIS-12920A/2020	2020-04-19
England/BRIS-129219/2020	2020-04-19
England/BRIS-129237/2020	2020-04-19
England/BRIS-1292A0/2020	2020-04-19
England/BRIS-129316/2020	2020-04-19
England/BRIS-129325/2020	2020-04-19
England/BRIS-129413/2020	2020-04-19
England/BRIS-12946E/2020	2020-04-19
England/BRIS-12948C/2020	2020-04-19
England/BRIS-129510/2020	2020-04-19
England/BRIS-12DF3C/2020	2020-04-19
England/BRIS-12DF87/2020	2020-04-19
England/BRIS-12DF96/2020	2020-04-19
England/BRIS-12E0FC/2020	2020-04-19
England/BRIS-12E108/2020	2020-04-19
England/CAMB-1AA8E1/2020	2020-04-19
England/CAMB-1AAA27/2020	2020-04-19
England/CAMB-1AAC12/2020	2020-04-19
England/CAMB-1AAC21/2020	2020-04-19
England/CAMB-1AAC30/2020	2020-04-19
England/CAMB-1AAC5E/2020	2020-04-19
England/CAMB-1AACD6/2020	2020-04-19
England/CAMB-1AAD3D/2020	2020-04-19
England/CAMB-1AAD88/2020	2020-04-19
England/CAMB-1AADA6/2020	2020-04-19
England/CAMB-1AADB5/2020	2020-04-19
England/CAMB-1AADC4/2020	2020-04-19
England/CAMB-1AAE0D/2020	2020-04-19
England/CAMB-1AB14F/2020	2020-04-19
England/CAMB-1AB18B/2020	2020-04-19
England/CAMB-1AB1A9/2020	2020-04-19
England/CAMB-1AB30D/2020	2020-04-19
England/CAMB-1AB31C/2020	2020-04-19
England/CAMB-1AB4FB/2020	2020-04-19
England/CAMB-1ABB6F/2020	2020-04-19
England/CAMB-1ABC6C/2020	2020-04-19
England/CAMB-7FD05/2020	2020-04-19
England/CAMB-7FE7B/2020	2020-04-19
England/CAMB-80E4A/2020	2020-04-19
England/CAMB-81061/2020	2020-04-19
England/CAMB-810BC/2020	2020-04-19
England/CAMB-810E9/2020	2020-04-19
England/CAMB-81113/2020	2020-04-19
England/CAMB-81140/2020	2020-04-19
England/EXET-13602E/2020	2020-04-19
England/LIVE-9BA1B/2020	2020-04-19
England/LIVE-9BA39/2020	2020-04-19
England/LIVE-9BDB8/2020	2020-04-19
England/LIVE-9BDC7/2020	2020-04-19
England/LIVE-9BDE5/2020	2020-04-19
England/LIVE-9F67D/2020	2020-04-19
England/LOND-D5D49/2020	2020-04-19
England/LOND-D5D67/2020	2020-04-19
England/LOND-D5E55/2020	2020-04-19
England/LOND-D5E91/2020	2020-04-19
England/LOND-D5ECE/2020	2020-04-19
England/LOND-D5EDD/2020	2020-04-19
England/LOND-D5EFB/2020	2020-04-19
England/NORW-E6DDC/2020	2020-04-19
England/NORW-E6E9D/2020	2020-04-19
England/NORW-E6F9A/2020	2020-04-19
England/NORW-E703C/2020	2020-04-19
England/NORW-E7078/2020	2020-04-19
England/NORW-E712A/2020	2020-04-19
England/NORW-E7166/2020	2020-04-19
England/NORW-E71A2/2020	2020-04-19
England/NORW-E71C0/2020	2020-04-19
England/NORW-E7272/2020	2020-04-19
England/NORW-E7290/2020	2020-04-19
England/NORW-E7351/2020	2020-04-19
England/NORW-E85E1/2020	2020-04-19
England/NOTT-110F1E/2020	2020-04-19
England/NOTT-110F2D/2020	2020-04-19
England/NOTT-1120BF/2020	2020-04-19
England/OXON-B01DF/2020	2020-04-19
England/OXON-B01FD/2020	2020-04-19
England/OXON-B0218/2020	2020-04-19
England/OXON-B02DC/2020	2020-04-19
England/OXON-B02FA/2020	2020-04-19
England/OXON-B0315/2020	2020-04-19
England/OXON-B051F/2020	2020-04-19
England/OXON-B2410/2020	2020-04-19
England/PHEC-1E99B/2020	2020-04-19
England/PHEC-1E9C8/2020	2020-04-19
England/PHEC-1E9D7/2020	2020-04-19
England/PHEC-1FBA3/2020	2020-04-19
England/PHEC-1FCDD/2020	2020-04-19
England/PHEC-1FCFB/2020	2020-04-19
England/PHEC-20978/2020	2020-04-19
England/PHEC-20996/2020	2020-04-19
England/PHEC-209A5/2020	2020-04-19
England/PHEC-209B4/2020	2020-04-19
England/PHEC-20AA2/2020	2020-04-19
England/SHEF-C2DE5/2020	2020-04-19
England/SHEF-C368F/2020	2020-04-19
England/SHEF-C41F6/2020	2020-04-19
England/SHEF-C5289/2020	2020-04-19
England/SHEF-C690B/2020	2020-04-19
England/SHEF-CA828/2020	2020-04-19
England/SHEF-CB0E3/2020	2020-04-19
England/SHEF-CBF22/2020	2020-04-19
England/SHEF-CC0B5/2020	2020-04-19
England/SHEF-CD96E/2020	2020-04-19
England/SHEF-CE04A/2020	2020-04-19
England/SHEF-CE62A/2020	2020-04-19
England/SHEF-CE851/2020	2020-04-19
England/SHEF-D06DA/2020	2020-04-19
England/SHEF-D1E86/2020	2020-04-19
England/TBSD-248872F/2020	2020-04-19
England/WSFT-25C1AA8/2020	2020-04-19
Scotland/CVR3144/2020	2020-04-19
Scotland/CVR3151/2020	2020-04-19
Scotland/CVR3492/2020	2020-04-19
Scotland/EDB2086/2020	2020-04-19
Scotland/EDB2090/2020	2020-04-19
Scotland/EDB2092/2020	2020-04-19
Scotland/EDB2098/2020	2020-04-19
Scotland/EDB2100/2020	2020-04-19
Scotland/EDB2101/2020	2020-04-19
Scotland/EDB4155/2020	2020-04-19
Scotland/EDB4160/2020	2020-04-19
Wales/PHWC-15C12F/2020	2020-04-19
Wales/PHWC-15C1E3/2020	2020-04-19
Wales/PHWC-15C514/2020	2020-04-19
Wales/PHWC-15C80C/2020	2020-04-19
Wales/PHWC-15CF8F/2020	2020-04-19
Wales/PHWC-15D4AD/2020	2020-04-19
Wales/PHWC-15D531/2020	2020-04-19
Wales/PHWC-160085/2020	2020-04-19
Wales/PHWC-1601FB/2020	2020-04-19
Wales/PHWC-1604D4/2020	2020-04-19
Wales/PHWC-160638/2020	2020-04-19
Wales/PHWC-160744/2020	2020-04-19
Wales/PHWC-2F4F0/2020	2020-04-19
Wales/PHWC-33A24/2020	2020-04-19
Wales/PHWC-3408B/2020	2020-04-19
Wales/PHWC-340C7/2020	2020-04-19
Wales/PHWC-340D6/2020	2020-04-19
Wales/PHWC-34276/2020	2020-04-19
Wales/PHWC-346F2/2020	2020-04-19
Wales/PHWC-3471D/2020	2020-04-19
Wales/PHWC-3472C/2020	2020-04-19
Wales/PHWC-34838/2020	2020-04-19
England/BRIS-1293E9/2020	2020-04-20
England/BRIS-12945F/2020	2020-04-20
England/BRIS-12949B/2020	2020-04-20
England/BRIS-1294C8/2020	2020-04-20
England/BRIS-129598/2020	2020-04-20
England/BRIS-1295A7/2020	2020-04-20
England/BRIS-1295F2/2020	2020-04-20
England/BRIS-12960E/2020	2020-04-20
England/BRIS-12961D/2020	2020-04-20
England/BRIS-12962C/2020	2020-04-20
England/BRIS-12963B/2020	2020-04-20
England/BRIS-12964A/2020	2020-04-20
England/BRIS-12DF78/2020	2020-04-20
England/BRIS-12DFC3/2020	2020-04-20
England/BRIS-12E029/2020	2020-04-20
England/BRIS-12E047/2020	2020-04-20
England/BRIS-12E092/2020	2020-04-20
England/BRIS-12E0A1/2020	2020-04-20
England/BRIS-12E0DE/2020	2020-04-20
England/BRIS-12E162/2020	2020-04-20
England/CAMB-1AAE67/2020	2020-04-20
England/CAMB-1AB23D/2020	2020-04-20
England/CAMB-1AB25B/2020	2020-04-20
England/CAMB-1AB2E2/2020	2020-04-20
England/CAMB-1AB33A/2020	2020-04-20
England/CAMB-1AB3C1/2020	2020-04-20
England/CAMB-1AB3FE/2020	2020-04-20
England/CAMB-1AB4BF/2020	2020-04-20
England/CAMB-1AB7D4/2020	2020-04-20
England/CAMB-1AB83B/2020	2020-04-20
England/CAMB-1AB859/2020	2020-04-20
England/CAMB-1AB877/2020	2020-04-20
England/CAMB-1AB895/2020	2020-04-20
England/CAMB-1AB8D1/2020	2020-04-20
England/CAMB-1AB91A/2020	2020-04-20
England/CAMB-1ABA08/2020	2020-04-20
England/CAMB-1ABA62/2020	2020-04-20
England/CAMB-1ABA71/2020	2020-04-20
England/CAMB-1ABAAE/2020	2020-04-20
England/CAMB-1ABABD/2020	2020-04-20
England/CAMB-1ABACC/2020	2020-04-20
England/CAMB-1ABAEA/2020	2020-04-20
England/CAMB-1ABB32/2020	2020-04-20
England/CAMB-1ABBAB/2020	2020-04-20
England/CAMB-1ABBF6/2020	2020-04-20
England/CAMB-1ABC02/2020	2020-04-20
England/CAMB-1ABC3F/2020	2020-04-20
England/CAMB-1ABC8A/2020	2020-04-20
England/CAMB-1ABCC6/2020	2020-04-20
England/CAMB-79943/2020	2020-04-20
England/CAMB-7FD50/2020	2020-04-20
England/CAMB-7FDC9/2020	2020-04-20
England/CAMB-7FDD8/2020	2020-04-20
England/CAMB-81034/2020	2020-04-20
England/CAMB-81070/2020	2020-04-20
England/CAMB-810AD/2020	2020-04-20
England/CAMB-8118C/2020	2020-04-20
England/CAMB-8208E/2020	2020-04-20
England/CAMB-821A9/2020	2020-04-20
England/EXET-136CB1/2020	2020-04-20
England/EXET-136D09/2020	2020-04-20
England/EXET-136D45/2020	2020-04-20
England/EXET-136D63/2020	2020-04-20
England/EXET-136D81/2020	2020-04-20
England/EXET-136F6D/2020	2020-04-20
England/LIVE-9B662/2020	2020-04-20
England/LIVE-9B714/2020	2020-04-20
England/LIVE-9B8B7/2020	2020-04-20
England/LIVE-9BD5E/2020	2020-04-20
England/LIVE-9BD9A/2020	2020-04-20
England/LIVE-9BDA9/2020	2020-04-20
England/LIVE-9D545/2020	2020-04-20
England/LOND-D5FDA/2020	2020-04-20
England/LOND-D6012/2020	2020-04-20
England/LOND-D6100/2020	2020-04-20
England/LOND-D611F/2020	2020-04-20
England/LOND-D614C/2020	2020-04-20
England/LOND-D615B/2020	2020-04-20
England/LOND-D6179/2020	2020-04-20
England/LOND-D61C4/2020	2020-04-20
England/LOND-D61D3/2020	2020-04-20
England/LOND-D61F1/2020	2020-04-20
England/LOND-D6276/2020	2020-04-20
England/LOND-D6294/2020	2020-04-20
England/NORW-E6ECA/2020	2020-04-20
England/NORW-E6FF4/2020	2020-04-20
England/NORW-E7148/2020	2020-04-20
England/NORW-E71B1/2020	2020-04-20
England/NORW-E7254/2020	2020-04-20
England/NORW-E72BE/2020	2020-04-20
England/NORW-E72CD/2020	2020-04-20
England/NORW-E7360/2020	2020-04-20
England/NORW-E73BB/2020	2020-04-20
England/NOTT-11044C/2020	2020-04-20
England/NOTT-1104C4/2020	2020-04-20
England/NOTT-11078F/2020	2020-04-20
England/NOTT-11079E/2020	2020-04-20
England/NOTT-1107BC/2020	2020-04-20
England/NOTT-1107DA/2020	2020-04-20
England/NOTT-110F3C/2020	2020-04-20
England/OXON-B0351/2020	2020-04-20
England/OXON-B03BB/2020	2020-04-20
England/OXON-B0412/2020	2020-04-20
England/OXON-B049A/2020	2020-04-20
England/OXON-B055B/2020	2020-04-20
England/OXON-B0579/2020	2020-04-20
England/OXON-B063A/2020	2020-04-20
England/OXON-B0676/2020	2020-04-20
England/OXON-B0694/2020	2020-04-20
England/OXON-B06B2/2020	2020-04-20
England/OXON-B06D0/2020	2020-04-20
England/OXON-B06FE/2020	2020-04-20
England/OXON-B0755/2020	2020-04-20
England/OXON-B26FC/2020	2020-04-20
England/OXON-B2726/2020	2020-04-20
England/PHEC-1E904/2020	2020-04-20
England/PHEC-1E913/2020	2020-04-20
England/PHEC-1E940/2020	2020-04-20
England/PHEC-1E95F/2020	2020-04-20
England/PHEC-1E96E/2020	2020-04-20
England/PHEC-1E9F5/2020	2020-04-20
England/PHEC-1EA7A/2020	2020-04-20
England/PHEC-1EAC5/2020	2020-04-20
England/PHEC-1FD07/2020	2020-04-20
England/PHEC-1FD16/2020	2020-04-20
England/PHEC-20A48/2020	2020-04-20
England/PHEC-20A93/2020	2020-04-20
England/PHEC-20BBE/2020	2020-04-20
England/PHEC-210EB/2020	2020-04-20
England/PHEC-210FA/2020	2020-04-20
England/PHEC-21115/2020	2020-04-20
England/PHEC-2124F/2020	2020-04-20
England/SHEF-C20BF/2020	2020-04-20
England/SHEF-C43D2/2020	2020-04-20
England/SHEF-C7D77/2020	2020-04-20
England/SHEF-CAC2C/2020	2020-04-20
England/SHEF-CCA6C/2020	2020-04-20
England/SHEF-D2DA6/2020	2020-04-20
England/TBSD-24889B0/2020	2020-04-20
Northern_Ireland/NIRE-FC7D5/2020	2020-04-20
Scotland/CVR2756/2020	2020-04-20
Scotland/CVR2758/2020	2020-04-20
Scotland/CVR2759/2020	2020-04-20
Scotland/CVR2760/2020	2020-04-20
Scotland/CVR2762/2020	2020-04-20
Scotland/CVR2763/2020	2020-04-20
Scotland/CVR2764/2020	2020-04-20
Scotland/CVR2774/2020	2020-04-20
Scotland/CVR2778/2020	2020-04-20
Scotland/CVR2779/2020	2020-04-20
Scotland/CVR2780/2020	2020-04-20
Scotland/CVR2783/2020	2020-04-20
Scotland/CVR2785/2020	2020-04-20
Scotland/CVR2788/2020	2020-04-20
Scotland/CVR2794/2020	2020-04-20
Scotland/CVR2801/2020	2020-04-20
Scotland/CVR2804/2020	2020-04-20
Scotland/CVR2807/2020	2020-04-20
Scotland/CVR2819/2020	2020-04-20
Scotland/CVR2855/2020	2020-04-20
Scotland/CVR2967/2020	2020-04-20
Scotland/CVR3146/2020	2020-04-20
Scotland/EDB2107/2020	2020-04-20
Scotland/EDB2141/2020	2020-04-20
Scotland/EDB2142/2020	2020-04-20
Scotland/EDB2176/2020	2020-04-20
Scotland/EDB4168/2020	2020-04-20
Scotland/EDB4169/2020	2020-04-20
Scotland/EDB4172/2020	2020-04-20
Scotland/EDB4175/2020	2020-04-20
Scotland/EDB4180/2020	2020-04-20
Scotland/EDB4189/2020	2020-04-20
Scotland/EDB4271/2020	2020-04-20
Scotland/EDB4279/2020	2020-04-20
Wales/PHWC-15C101/2020	2020-04-20
Wales/PHWC-15C198/2020	2020-04-20
Wales/PHWC-15C471/2020	2020-04-20
Wales/PHWC-15C972/2020	2020-04-20
Wales/PHWC-15CBE5/2020	2020-04-20
Wales/PHWC-15CC00/2020	2020-04-20
Wales/PHWC-15CEEC/2020	2020-04-20
Wales/PHWC-15CFCB/2020	2020-04-20
Wales/PHWC-15FF31/2020	2020-04-20
Wales/PHWC-1652B7/2020	2020-04-20
Wales/PHWC-33875/2020	2020-04-20
Wales/PHWC-33936/2020	2020-04-20
Wales/PHWC-33963/2020	2020-04-20
Wales/PHWC-33981/2020	2020-04-20
Wales/PHWC-339AF/2020	2020-04-20
Wales/PHWC-339BE/2020	2020-04-20
Wales/PHWC-33A15/2020	2020-04-20
Wales/PHWC-33AAC/2020	2020-04-20
Wales/PHWC-33BB8/2020	2020-04-20
Wales/PHWC-33BC7/2020	2020-04-20
Wales/PHWC-340A9/2020	2020-04-20
Wales/PHWC-340E5/2020	2020-04-20
Wales/PHWC-340F4/2020	2020-04-20
Wales/PHWC-342A3/2020	2020-04-20
Wales/PHWC-345D7/2020	2020-04-20
Wales/PHWC-345F5/2020	2020-04-20
Wales/PHWC-3464D/2020	2020-04-20
Wales/PHWC-3465C/2020	2020-04-20
Wales/PHWC-3466B/2020	2020-04-20
Wales/PHWC-34698/2020	2020-04-20
Wales/PHWC-346A7/2020	2020-04-20
Wales/PHWC-346B6/2020	2020-04-20
Wales/PHWC-346D4/2020	2020-04-20
Wales/PHWC-346E3/2020	2020-04-20
Wales/PHWC-34759/2020	2020-04-20
Wales/PHWC-34768/2020	2020-04-20
Wales/PHWC-34777/2020	2020-04-20
Wales/PHWC-34795/2020	2020-04-20
Wales/PHWC-347A4/2020	2020-04-20
Wales/PHWC-348CF/2020	2020-04-20
Wales/PHWC-34CC3/2020	2020-04-20
England/BRIS-12E0ED/2020	2020-04-21
England/BRIS-12E126/2020	2020-04-21
England/BRIS-12E135/2020	2020-04-21
England/BRIS-12E144/2020	2020-04-21
England/BRIS-12E153/2020	2020-04-21
England/BRIS-12E171/2020	2020-04-21
England/CAMB-1AB3D0/2020	2020-04-21
England/CAMB-1AB40A/2020	2020-04-21
England/CAMB-1AB464/2020	2020-04-21
England/CAMB-1AB507/2020	2020-04-21
England/CAMB-1AB552/2020	2020-04-21
England/CAMB-1AB5BC/2020	2020-04-21
England/CAMB-1AB5DA/2020	2020-04-21
England/CAMB-1AB6C8/2020	2020-04-21
England/CAMB-1AB6F5/2020	2020-04-21
England/CAMB-1AB710/2020	2020-04-21
England/CAMB-1AB798/2020	2020-04-21
England/CAMB-1AB7B6/2020	2020-04-21
England/CAMB-1AB868/2020	2020-04-21
England/CAMB-1AB8A4/2020	2020-04-21
England/CAMB-1AB8C2/2020	2020-04-21
England/CAMB-1AB8E0/2020	2020-04-21
England/CAMB-1AB90B/2020	2020-04-21
England/CAMB-1AB965/2020	2020-04-21
England/CAMB-1AB9B0/2020	2020-04-21
England/CAMB-1AB9ED/2020	2020-04-21
England/CAMB-1ABA17/2020	2020-04-21
England/CAMB-1ABA26/2020	2020-04-21
England/CAMB-1ABD1E/2020	2020-04-21
England/CAMB-1ABD2D/2020	2020-04-21
England/CAMB-1ABD3C/2020	2020-04-21
England/CAMB-1ABD69/2020	2020-04-21
England/CAMB-1ABD87/2020	2020-04-21
England/CAMB-1ABDA5/2020	2020-04-21
England/CAMB-1ABDD2/2020	2020-04-21
England/CAMB-1ABE2A/2020	2020-04-21
England/CAMB-1ABE39/2020	2020-04-21
England/CAMB-1ACA16/2020	2020-04-21
England/CAMB-8108F/2020	2020-04-21
England/CAMB-81F82/2020	2020-04-21
England/CAMB-82015/2020	2020-04-21
England/CAMB-82051/2020	2020-04-21
England/CAMB-820AC/2020	2020-04-21
England/CAMB-82103/2020	2020-04-21
England/CAMB-8214F/2020	2020-04-21
England/CAMB-8217C/2020	2020-04-21
England/CAMB-821B8/2020	2020-04-21
England/CAMB-821C7/2020	2020-04-21
England/CAMB-8222E/2020	2020-04-21
England/CAMB-82886/2020	2020-04-21
England/CAMB-82929/2020	2020-04-21
England/EXET-136D36/2020	2020-04-21
England/EXET-136D72/2020	2020-04-21
England/EXET-136F5E/2020	2020-04-21
England/EXET-1370F0/2020	2020-04-21
England/EXET-137175/2020	2020-04-21
England/LIVE-9B635/2020	2020-04-21
England/LIVE-9B644/2020	2020-04-21
England/LIVE-9B996/2020	2020-04-21
England/LIVE-9BBEB/2020	2020-04-21
England/LIVE-9BC33/2020	2020-04-21
England/LIVE-9F68C/2020	2020-04-21
England/LIVE-9F6D7/2020	2020-04-21
England/LIVE-9F6E6/2020	2020-04-21
England/LIVE-9F6F5/2020	2020-04-21
England/LIVE-9F701/2020	2020-04-21
England/LIVE-9F73E/2020	2020-04-21
England/LIVE-9F77A/2020	2020-04-21
England/LIVE-9F789/2020	2020-04-21
England/LOND-D6267/2020	2020-04-21
England/LOND-D6285/2020	2020-04-21
England/LOND-D62C1/2020	2020-04-21
England/LOND-D62D0/2020	2020-04-21
England/LOND-D62FE/2020	2020-04-21
England/LOND-D630A/2020	2020-04-21
England/LOND-D6337/2020	2020-04-21
England/LOND-D6874/2020	2020-04-21
England/NORW-E6DAF/2020	2020-04-21
England/NORW-E6E42/2020	2020-04-21
England/NORW-E6F03/2020	2020-04-21
England/NORW-E704B/2020	2020-04-21
England/NORW-E7069/2020	2020-04-21
England/NOTT-1104E2/2020	2020-04-21
England/NOTT-110F5A/2020	2020-04-21
England/OXON-B07FB/2020	2020-04-21
England/OXON-B08DA/2020	2020-04-21
England/OXON-B13E7/2020	2020-04-21
England/PHEC-1FEE6/2020	2020-04-21
England/PHEC-1FFF2/2020	2020-04-21
England/PHEC-20028/2020	2020-04-21
England/PHEC-20037/2020	2020-04-21
England/PHEC-20B18/2020	2020-04-21
England/PHEC-20B63/2020	2020-04-21
England/PHEC-20C06/2020	2020-04-21
England/PHEC-20C15/2020	2020-04-21
England/PHEC-20C42/2020	2020-04-21
England/PHEC-21133/2020	2020-04-21
England/PHEC-21142/2020	2020-04-21
England/PHEC-2117F/2020	2020-04-21
England/PHEC-21801/2020	2020-04-21
England/PHEC-22202/2020	2020-04-21
England/PHEC-22211/2020	2020-04-21
England/PORT-2D1130/2020	2020-04-21
England/PORT-2D114F/2020	2020-04-21
England/PORT-2D119A/2020	2020-04-21
England/SHEF-C32F4/2020	2020-04-21
England/SHEF-C47B8/2020	2020-04-21
England/SHEF-C724B/2020	2020-04-21
England/SHEF-C81E3/2020	2020-04-21
England/SHEF-CAFC9/2020	2020-04-21
England/SHEF-CB441/2020	2020-04-21
England/SHEF-CCE7F/2020	2020-04-21
England/SHEF-CF6ED/2020	2020-04-21
England/SHEF-D01CA/2020	2020-04-21
England/SHEF-D1369/2020	2020-04-21
England/TBSD-24886B9/2020	2020-04-21
England/TBSD-2488992/2020	2020-04-21
Northern_Ireland/NIRE-FC68D/2020	2020-04-21
Northern_Ireland/NIRE-FC6D8/2020	2020-04-21
Northern_Ireland/NIRE-FC74E/2020	2020-04-21
Northern_Ireland/NIRE-FC77B/2020	2020-04-21
Northern_Ireland/NIRE-FC78A/2020	2020-04-21
Northern_Ireland/NIRE-FC80F/2020	2020-04-21
Northern_Ireland/NIRE-FC887/2020	2020-04-21
Northern_Ireland/NIRE-FC896/2020	2020-04-21
Northern_Ireland/NIRE-FC8A5/2020	2020-04-21
Northern_Ireland/NIRE-FC9C0/2020	2020-04-21
Northern_Ireland/NIRE-FC9EE/2020	2020-04-21
Scotland/CVR2802/2020	2020-04-21
Scotland/CVR2803/2020	2020-04-21
Scotland/CVR2805/2020	2020-04-21
Scotland/CVR2806/2020	2020-04-21
Scotland/CVR2809/2020	2020-04-21
Scotland/CVR2811/2020	2020-04-21
Scotland/CVR2813/2020	2020-04-21
Scotland/CVR2814/2020	2020-04-21
Scotland/CVR2815/2020	2020-04-21
Scotland/CVR2817/2020	2020-04-21
Scotland/CVR2818/2020	2020-04-21
Scotland/CVR2820/2020	2020-04-21
Scotland/CVR2821/2020	2020-04-21
Scotland/CVR2823/2020	2020-04-21
Scotland/CVR2824/2020	2020-04-21
Scotland/CVR2826/2020	2020-04-21
Scotland/CVR2827/2020	2020-04-21
Scotland/CVR2828/2020	2020-04-21
Scotland/CVR2829/2020	2020-04-21
Scotland/CVR2837/2020	2020-04-21
Scotland/CVR2841/2020	2020-04-21
Scotland/CVR2842/2020	2020-04-21
Scotland/CVR2843/2020	2020-04-21
Scotland/CVR2845/2020	2020-04-21
Scotland/CVR2848/2020	2020-04-21
Scotland/CVR2851/2020	2020-04-21
Scotland/CVR2852/2020	2020-04-21
Scotland/CVR2856/2020	2020-04-21
Scotland/CVR2857/2020	2020-04-21
Scotland/CVR2858/2020	2020-04-21
Scotland/CVR2860/2020	2020-04-21
Scotland/CVR2863/2020	2020-04-21
Scotland/CVR2875/2020	2020-04-21
Scotland/CVR2876/2020	2020-04-21
Scotland/CVR2877/2020	2020-04-21
Scotland/CVR2878/2020	2020-04-21
Scotland/CVR2879/2020	2020-04-21
Scotland/CVR2880/2020	2020-04-21
Scotland/CVR2881/2020	2020-04-21
Scotland/CVR2882/2020	2020-04-21
Scotland/CVR2883/2020	2020-04-21
Scotland/CVR2886/2020	2020-04-21
Scotland/CVR2889/2020	2020-04-21
Scotland/CVR2890/2020	2020-04-21
Scotland/CVR2892/2020	2020-04-21
Scotland/CVR2893/2020	2020-04-21
Scotland/CVR2896/2020	2020-04-21
Scotland/CVR2898/2020	2020-04-21
Scotland/CVR2899/2020	2020-04-21
Scotland/CVR2929/2020	2020-04-21
Scotland/CVR2968/2020	2020-04-21
Scotland/CVR2969/2020	2020-04-21
Scotland/CVR3153/2020	2020-04-21
Scotland/CVR3156/2020	2020-04-21
Scotland/EDB2234/2020	2020-04-21
Scotland/EDB2243/2020	2020-04-21
Scotland/EDB2317/2020	2020-04-21
Scotland/EDB2337/2020	2020-04-21
Scotland/EDB4202/2020	2020-04-21
Scotland/EDB4204/2020	2020-04-21
Scotland/EDB4209/2020	2020-04-21
Scotland/EDB4213/2020	2020-04-21
Scotland/EDB4216/2020	2020-04-21
Scotland/EDB4223/2020	2020-04-21
Scotland/EDB4233/2020	2020-04-21
Scotland/EDB4234/2020	2020-04-21
Scotland/EDB4235/2020	2020-04-21
Scotland/EDB4236/2020	2020-04-21
Scotland/EDB4240/2020	2020-04-21
Scotland/EDB4254/2020	2020-04-21
Scotland/EDB5112/2020	2020-04-21
Wales/PHWC-15C24A/2020	2020-04-21
Wales/PHWC-15C268/2020	2020-04-21
Wales/PHWC-15C286/2020	2020-04-21
Wales/PHWC-15C3FC/2020	2020-04-21
Wales/PHWC-15C453/2020	2020-04-21
Wales/PHWC-15C532/2020	2020-04-21
Wales/PHWC-15C541/2020	2020-04-21
Wales/PHWC-15CD58/2020	2020-04-21
Wales/PHWC-15CD94/2020	2020-04-21
Wales/PHWC-160CBE/2020	2020-04-21
Wales/PHWC-164B17/2020	2020-04-21
Wales/PHWC-164C14/2020	2020-04-21
Wales/PHWC-164D4E/2020	2020-04-21
Wales/PHWC-164F48/2020	2020-04-21
Wales/PHWC-1653F0/2020	2020-04-21
Wales/PHWC-338C0/2020	2020-04-21
Wales/PHWC-338DF/2020	2020-04-21
Wales/PHWC-33B21/2020	2020-04-21
Wales/PHWC-33B30/2020	2020-04-21
Wales/PHWC-33B5E/2020	2020-04-21
Wales/PHWC-33B6D/2020	2020-04-21
Wales/PHWC-33B7C/2020	2020-04-21
Wales/PHWC-33B8B/2020	2020-04-21
Wales/PHWC-33FBC/2020	2020-04-21
Wales/PHWC-345E6/2020	2020-04-21
Wales/PHWC-34610/2020	2020-04-21
Wales/PHWC-34874/2020	2020-04-21
England/BRIS-127381/2020	2020-04-22
England/BRIS-127390/2020	2020-04-22
England/BRIS-1273AF/2020	2020-04-22
England/BRIS-1273BE/2020	2020-04-22
England/BRIS-127415/2020	2020-04-22
England/BRIS-127424/2020	2020-04-22
England/BRIS-127433/2020	2020-04-22
England/BRIS-127451/2020	2020-04-22
England/BRIS-12749D/2020	2020-04-22
England/BRIS-1274AC/2020	2020-04-22
England/BRIS-1274D9/2020	2020-04-22
England/BRIS-12E34E/2020	2020-04-22
England/CAMB-1AB4EC/2020	2020-04-22
England/CAMB-1AB640/2020	2020-04-22
England/CAMB-1AB929/2020	2020-04-22
England/CAMB-1ABCD5/2020	2020-04-22
England/CAMB-1ABD4B/2020	2020-04-22
England/CAMB-1AC3EE/2020	2020-04-22
England/CAMB-1AC409/2020	2020-04-22
England/CAMB-1AC454/2020	2020-04-22
England/CAMB-1AC4AF/2020	2020-04-22
England/CAMB-1AC4EB/2020	2020-04-22
England/CAMB-1AC4FA/2020	2020-04-22
England/CAMB-1AC515/2020	2020-04-22
England/CAMB-1AC551/2020	2020-04-22
England/CAMB-1AC621/2020	2020-04-22
England/CAMB-1AC66D/2020	2020-04-22
England/CAMB-1AC6C7/2020	2020-04-22
England/CAMB-1ACB13/2020	2020-04-22
England/CAMB-1ACB9B/2020	2020-04-22
England/CAMB-1ACC01/2020	2020-04-22
England/CAMB-1ACC10/2020	2020-04-22
England/CAMB-1ACC3E/2020	2020-04-22
England/CAMB-1ACC6B/2020	2020-04-22
England/CAMB-1ACC7A/2020	2020-04-22
England/CAMB-1ACD0E/2020	2020-04-22
England/CAMB-1ACD2C/2020	2020-04-22
England/CAMB-1ACD4A/2020	2020-04-22
England/CAMB-1ACD95/2020	2020-04-22
England/CAMB-1ACDB3/2020	2020-04-22
England/CAMB-1ACDFF/2020	2020-04-22
England/CAMB-1ACE38/2020	2020-04-22
England/CAMB-1AE373/2020	2020-04-22
England/CAMB-81E94/2020	2020-04-22
England/CAMB-81EB2/2020	2020-04-22
England/CAMB-81FDD/2020	2020-04-22
England/CAMB-82A80/2020	2020-04-22
England/CAMB-82AEA/2020	2020-04-22
England/CAMB-82B7E/2020	2020-04-22
England/CAMB-82C5D/2020	2020-04-22
England/CAMB-83D0E/2020	2020-04-22
England/CAMB-83D1D/2020	2020-04-22
England/CAMB-83FBD/2020	2020-04-22
England/EXET-135960/2020	2020-04-22
England/EXET-13597F/2020	2020-04-22
England/EXET-136E51/2020	2020-04-22
England/EXET-136EBB/2020	2020-04-22
England/EXET-136ED9/2020	2020-04-22
England/EXET-13705A/2020	2020-04-22
England/LIVE-9B7AB/2020	2020-04-22
England/LIVE-9B87B/2020	2020-04-22
England/LIVE-9B88A/2020	2020-04-22
England/LIVE-9BAA2/2020	2020-04-22
England/LIVE-9BB36/2020	2020-04-22
England/LOND-D66F2/2020	2020-04-22
England/LOND-D672C/2020	2020-04-22
England/NORW-E6F7C/2020	2020-04-22
England/NORW-E6FD6/2020	2020-04-22
England/NORW-E70C3/2020	2020-04-22
England/NORW-E710C/2020	2020-04-22
England/NORW-E72FA/2020	2020-04-22
England/NORW-E93C8/2020	2020-04-22
England/NORW-E944D/2020	2020-04-22
England/NORW-E946B/2020	2020-04-22
England/NORW-E947A/2020	2020-04-22
England/NORW-E9498/2020	2020-04-22
England/NORW-E94A7/2020	2020-04-22
England/NORW-E94B6/2020	2020-04-22
England/NORW-E94D4/2020	2020-04-22
England/NORW-E952C/2020	2020-04-22
England/NORW-E953B/2020	2020-04-22
England/NORW-E9586/2020	2020-04-22
England/NORW-E9595/2020	2020-04-22
England/NORW-E95B3/2020	2020-04-22
England/NORW-E95D1/2020	2020-04-22
England/NORW-E95E0/2020	2020-04-22
England/NORW-E95FF/2020	2020-04-22
England/NORW-E961A/2020	2020-04-22
England/NORW-E9629/2020	2020-04-22
England/NORW-E9638/2020	2020-04-22
England/NORW-E9683/2020	2020-04-22
England/NORW-E96A1/2020	2020-04-22
England/NORW-E96B0/2020	2020-04-22
England/NORW-E96ED/2020	2020-04-22
England/NORW-E9A0F/2020	2020-04-22
England/NOTT-110734/2020	2020-04-22
England/NOTT-110F69/2020	2020-04-22
England/NOTT-110F78/2020	2020-04-22
England/NOTT-110F87/2020	2020-04-22
England/NOTT-110F96/2020	2020-04-22
England/NOTT-110FA5/2020	2020-04-22
England/NOTT-111205/2020	2020-04-22
England/OXON-B12CC/2020	2020-04-22
England/OXON-B1420/2020	2020-04-22
England/PHEC-21160/2020	2020-04-22
England/PORT-2D118B/2020	2020-04-22
England/PORT-2D11A9/2020	2020-04-22
England/SHEF-C19F1/2020	2020-04-22
England/SHEF-C2AFD/2020	2020-04-22
England/SHEF-C3C23/2020	2020-04-22
England/SHEF-C576C/2020	2020-04-22
England/SHEF-C6640/2020	2020-04-22
England/SHEF-C7102/2020	2020-04-22
England/SHEF-C7ECF/2020	2020-04-22
England/SHEF-C7FBD/2020	2020-04-22
England/SHEF-C88DF/2020	2020-04-22
England/SHEF-C8936/2020	2020-04-22
England/SHEF-C8C4C/2020	2020-04-22
England/SHEF-C8CB5/2020	2020-04-22
England/SHEF-CA04E/2020	2020-04-22
England/SHEF-CB159/2020	2020-04-22
England/SHEF-CCDBE/2020	2020-04-22
England/SHEF-CEE31/2020	2020-04-22
England/SHEF-D132D/2020	2020-04-22
England/SHEF-D18B5/2020	2020-04-22
England/TBSD-2488877/2020	2020-04-22
England/TBSD-2488956/2020	2020-04-22
Northern_Ireland/NIRE-FC799/2020	2020-04-22
Northern_Ireland/NIRE-FC8D2/2020	2020-04-22
Northern_Ireland/NIRE-FC8F0/2020	2020-04-22
Northern_Ireland/NIRE-FC91B/2020	2020-04-22
Northern_Ireland/NIRE-FC948/2020	2020-04-22
Northern_Ireland/NIRE-FC966/2020	2020-04-22
Northern_Ireland/NIRE-FC993/2020	2020-04-22
Northern_Ireland/NIRE-FC9A2/2020	2020-04-22
Northern_Ireland/NIRE-FCB24/2020	2020-04-22
Northern_Ireland/NIRE-FCC21/2020	2020-04-22
Northern_Ireland/NIRE-FCC30/2020	2020-04-22
Northern_Ireland/NIRE-FCC5E/2020	2020-04-22
Northern_Ireland/NIRE-FF2D1/2020	2020-04-22
Northern_Ireland/NIRE-FF471/2020	2020-04-22
Scotland/CVR2854/2020	2020-04-22
Scotland/CVR2859/2020	2020-04-22
Scotland/CVR2864/2020	2020-04-22
Scotland/CVR2866/2020	2020-04-22
Scotland/CVR2901/2020	2020-04-22
Scotland/CVR2903/2020	2020-04-22
Scotland/CVR2904/2020	2020-04-22
Scotland/CVR2906/2020	2020-04-22
Scotland/CVR2911/2020	2020-04-22
Scotland/CVR2912/2020	2020-04-22
Scotland/CVR2913/2020	2020-04-22
Scotland/CVR2914/2020	2020-04-22
Scotland/CVR2915/2020	2020-04-22
Scotland/CVR2917/2020	2020-04-22
Scotland/CVR2923/2020	2020-04-22
Scotland/CVR2924/2020	2020-04-22
Scotland/CVR2926/2020	2020-04-22
Scotland/CVR2927/2020	2020-04-22
Scotland/CVR2928/2020	2020-04-22
Scotland/CVR2930/2020	2020-04-22
Scotland/CVR2932/2020	2020-04-22
Scotland/CVR2934/2020	2020-04-22
Scotland/CVR2935/2020	2020-04-22
Scotland/CVR2940/2020	2020-04-22
Scotland/CVR2941/2020	2020-04-22
Scotland/CVR2942/2020	2020-04-22
Scotland/CVR2948/2020	2020-04-22
Scotland/CVR2949/2020	2020-04-22
Scotland/CVR2950/2020	2020-04-22
Scotland/CVR2959/2020	2020-04-22
Scotland/CVR2960/2020	2020-04-22
Scotland/CVR2961/2020	2020-04-22
Scotland/CVR2962/2020	2020-04-22
Scotland/CVR2971/2020	2020-04-22
Scotland/CVR2972/2020	2020-04-22
Scotland/CVR2979/2020	2020-04-22
Scotland/CVR3158/2020	2020-04-22
Scotland/CVR3159/2020	2020-04-22
Scotland/CVR3160/2020	2020-04-22
Scotland/CVR3162/2020	2020-04-22
Scotland/CVR3163/2020	2020-04-22
Scotland/CVR3164/2020	2020-04-22
Scotland/CVR3167/2020	2020-04-22
Scotland/EDB2358/2020	2020-04-22
Scotland/EDB2382/2020	2020-04-22
Scotland/EDB2405/2020	2020-04-22
Scotland/EDB2416/2020	2020-04-22
Scotland/EDB2463/2020	2020-04-22
Scotland/EDB4258/2020	2020-04-22
Wales/PHWC-15C2E0/2020	2020-04-22
Wales/PHWC-15CA24/2020	2020-04-22
Wales/PHWC-15D22B/2020	2020-04-22
Wales/PHWC-1606ED/2020	2020-04-22
Wales/PHWC-160EF4/2020	2020-04-22
Wales/PHWC-1635A1/2020	2020-04-22
Wales/PHWC-163AA2/2020	2020-04-22
Wales/PHWC-163C15/2020	2020-04-22
Wales/PHWC-164090/2020	2020-04-22
Wales/PHWC-16418E/2020	2020-04-22
Wales/PHWC-16535A/2020	2020-04-22
Wales/PHWC-2B922/2020	2020-04-22
Wales/PHWC-2BC38/2020	2020-04-22
Wales/PHWC-34E09/2020	2020-04-22
England/BIRM-610B2/2020	2020-04-23
England/BIRM-61137/2020	2020-04-23
England/BRIS-126EDC/2020	2020-04-23
England/BRIS-126EEB/2020	2020-04-23
England/BRIS-126EFA/2020	2020-04-23
England/BRIS-126F06/2020	2020-04-23
England/BRIS-126F15/2020	2020-04-23
England/BRIS-126F24/2020	2020-04-23
England/BRIS-126F33/2020	2020-04-23
England/BRIS-126F42/2020	2020-04-23
England/BRIS-126F9D/2020	2020-04-23
England/BRIS-127011/2020	2020-04-23
England/BRIS-127020/2020	2020-04-23
England/BRIS-12704E/2020	2020-04-23
England/BRIS-12706C/2020	2020-04-23
England/BRIS-12707B/2020	2020-04-23
England/BRIS-1270B7/2020	2020-04-23
England/BRIS-12712D/2020	2020-04-23
England/BRIS-12713C/2020	2020-04-23
England/BRIS-1271D2/2020	2020-04-23
England/BRIS-1271F0/2020	2020-04-23
England/BRIS-127248/2020	2020-04-23
England/BRIS-127257/2020	2020-04-23
England/BRIS-1272C0/2020	2020-04-23
England/BRIS-12CED6/2020	2020-04-23
England/CAMB-1AC560/2020	2020-04-23
England/CAMB-1AC58E/2020	2020-04-23
England/CAMB-1AC59D/2020	2020-04-23
England/CAMB-1AC5AC/2020	2020-04-23
England/CAMB-1AC5CA/2020	2020-04-23
England/CAMB-1AC5E8/2020	2020-04-23
England/CAMB-1AC67C/2020	2020-04-23
England/CAMB-1AC75B/2020	2020-04-23
England/CAMB-1AC7A6/2020	2020-04-23
England/CAMB-1AC7C4/2020	2020-04-23
England/CAMB-1AC928/2020	2020-04-23
England/CAMB-1AC9EC/2020	2020-04-23
England/CAMB-1AC9FB/2020	2020-04-23
England/CAMB-1ACA70/2020	2020-04-23
England/CAMB-1ACABC/2020	2020-04-23
England/CAMB-1ACB8C/2020	2020-04-23
England/CAMB-1ACCC5/2020	2020-04-23
England/CAMB-1ACDE0/2020	2020-04-23
England/CAMB-1ACE29/2020	2020-04-23
England/CAMB-1ACE65/2020	2020-04-23
England/CAMB-1ACEA1/2020	2020-04-23
England/CAMB-1ACFBD/2020	2020-04-23
England/CAMB-82A71/2020	2020-04-23
England/CAMB-82AAE/2020	2020-04-23
England/CAMB-83CF2/2020	2020-04-23
England/CAMB-83D59/2020	2020-04-23
England/EXET-136AE4/2020	2020-04-23
England/EXET-136D54/2020	2020-04-23
England/EXET-136DDC/2020	2020-04-23
England/LIVE-9CA83/2020	2020-04-23
England/LIVE-9CD02/2020	2020-04-23
England/LIVE-9CD3F/2020	2020-04-23
England/LOND-D66D4/2020	2020-04-23
England/LOND-D674A/2020	2020-04-23
England/LOND-D6768/2020	2020-04-23
England/LOND-D6A50/2020	2020-04-23
England/LOND-D6A7E/2020	2020-04-23
England/NORT-284EAE/2020	2020-04-23
England/NORT-291873/2020	2020-04-23
England/NORW-E94F2/2020	2020-04-23
England/NORW-E9744/2020	2020-04-23
England/NORW-E9814/2020	2020-04-23
England/NORW-E9823/2020	2020-04-23
England/NORW-E98F6/2020	2020-04-23
England/NORW-E998A/2020	2020-04-23
England/NORW-E99F3/2020	2020-04-23
England/NOTT-11050D/2020	2020-04-23
England/NOTT-110752/2020	2020-04-23
England/OXON-B07CE/2020	2020-04-23
England/OXON-B13AB/2020	2020-04-23
England/OXON-B1A2E/2020	2020-04-23
England/OXON-B2146/2020	2020-04-23
England/OXON-B2164/2020	2020-04-23
England/PORT-2D0F0A/2020	2020-04-23
England/PORT-2D0F19/2020	2020-04-23
England/PORT-2D0F28/2020	2020-04-23
England/PORT-2D0F82/2020	2020-04-23
England/PORT-2D0F91/2020	2020-04-23
England/PORT-2D0FA0/2020	2020-04-23
England/PORT-2D0FBF/2020	2020-04-23
England/PORT-2D0FFB/2020	2020-04-23
England/PORT-2D1024/2020	2020-04-23
England/SHEF-C29C3/2020	2020-04-23
England/SHEF-C3063/2020	2020-04-23
England/SHEF-C3C7E/2020	2020-04-23
England/SHEF-C54CF/2020	2020-04-23
England/SHEF-C6D4B/2020	2020-04-23
England/SHEF-CDA3E/2020	2020-04-23
England/SHEF-CDB2C/2020	2020-04-23
England/SHEF-CDE8D/2020	2020-04-23
England/SHEF-CEBFE/2020	2020-04-23
England/SHEF-D2368/2020	2020-04-23
England/SHEF-D283C/2020	2020-04-23
England/SHEF-D31E5/2020	2020-04-23
Northern_Ireland/NIRE-FF3CF/2020	2020-04-23
Northern_Ireland/NIRE-FF65D/2020	2020-04-23
Northern_Ireland/NIRE-FF7A5/2020	2020-04-23
Northern_Ireland/NIRE-FF7C3/2020	2020-04-23
Northern_Ireland/NIRE-FF7E1/2020	2020-04-23
Northern_Ireland/NIRE-FF81B/2020	2020-04-23
Scotland/CVR2943/2020	2020-04-23
Scotland/CVR2946/2020	2020-04-23
Scotland/CVR2947/2020	2020-04-23
Scotland/CVR2953/2020	2020-04-23
Scotland/CVR2954/2020	2020-04-23
Scotland/CVR2955/2020	2020-04-23
Scotland/CVR2958/2020	2020-04-23
Scotland/CVR2965/2020	2020-04-23
Scotland/CVR2966/2020	2020-04-23
Scotland/CVR2981/2020	2020-04-23
Scotland/CVR2983/2020	2020-04-23
Scotland/CVR2984/2020	2020-04-23
Scotland/CVR2985/2020	2020-04-23
Scotland/CVR2987/2020	2020-04-23
Scotland/CVR2988/2020	2020-04-23
Scotland/CVR2989/2020	2020-04-23
Scotland/CVR2991/2020	2020-04-23
Scotland/CVR2992/2020	2020-04-23
Scotland/CVR2993/2020	2020-04-23
Scotland/CVR2994/2020	2020-04-23
Scotland/CVR2995/2020	2020-04-23
Scotland/CVR2996/2020	2020-04-23
Scotland/CVR2997/2020	2020-04-23
Scotland/CVR2998/2020	2020-04-23
Scotland/CVR2999/2020	2020-04-23
Scotland/CVR3000/2020	2020-04-23
Scotland/CVR3002/2020	2020-04-23
Scotland/CVR3005/2020	2020-04-23
Scotland/CVR3008/2020	2020-04-23
Scotland/CVR3009/2020	2020-04-23
Scotland/CVR3010/2020	2020-04-23
Scotland/CVR3011/2020	2020-04-23
Scotland/CVR3012/2020	2020-04-23
Scotland/CVR3015/2020	2020-04-23
Scotland/CVR3016/2020	2020-04-23
Scotland/CVR3031/2020	2020-04-23
Scotland/CVR3033/2020	2020-04-23
Scotland/CVR3034/2020	2020-04-23
Scotland/CVR3036/2020	2020-04-23
Scotland/CVR3037/2020	2020-04-23
Scotland/CVR3039/2020	2020-04-23
Scotland/CVR3040/2020	2020-04-23
Scotland/CVR3057/2020	2020-04-23
Scotland/EDB2432/2020	2020-04-23
Scotland/EDB2458/2020	2020-04-23
Scotland/EDB2462/2020	2020-04-23
Scotland/EDB2471/2020	2020-04-23
Scotland/EDB2483/2020	2020-04-23
Scotland/EDB2488/2020	2020-04-23
Scotland/EDB4295/2020	2020-04-23
Scotland/EDB4300/2020	2020-04-23
Scotland/EDB4305/2020	2020-04-23
Scotland/EDB4310/2020	2020-04-23
Wales/PHWC-15FE07/2020	2020-04-23
Wales/PHWC-160F6A/2020	2020-04-23
Wales/PHWC-163635/2020	2020-04-23
Wales/PHWC-163750/2020	2020-04-23
Wales/PHWC-1639B4/2020	2020-04-23
Wales/PHWC-163C9D/2020	2020-04-23
Wales/PHWC-163E97/2020	2020-04-23
Wales/PHWC-164546/2020	2020-04-23
Wales/PHWC-164573/2020	2020-04-23
Wales/PHWC-35381/2020	2020-04-23
Wales/PHWC-354F7/2020	2020-04-23
Wales/PHWC-3554F/2020	2020-04-23
Wales/PHWC-3555E/2020	2020-04-23
Wales/PHWC-3558B/2020	2020-04-23
Wales/PHWC-355A9/2020	2020-04-23
Wales/PHWC-355B8/2020	2020-04-23
Wales/PHWC-358BF/2020	2020-04-23
Wales/PHWC-358CE/2020	2020-04-23
Wales/PHWC-358DD/2020	2020-04-23
Wales/PHWC-358FB/2020	2020-04-23
Wales/PHWC-35907/2020	2020-04-23
Wales/PHWC-35916/2020	2020-04-23
England/BRIS-127099/2020	2020-04-24
England/BRIS-1271A5/2020	2020-04-24
England/BRIS-127239/2020	2020-04-24
England/BRIS-127327/2020	2020-04-24
England/BRIS-127336/2020	2020-04-24
England/BRIS-127372/2020	2020-04-24
England/BRIS-12CDCA/2020	2020-04-24
England/BRIS-12CE4F/2020	2020-04-24
England/BRIS-12CE9A/2020	2020-04-24
England/BRIS-12CEE5/2020	2020-04-24
England/BRIS-12CF00/2020	2020-04-24
England/BRIS-12CF1F/2020	2020-04-24
England/BRIS-12CF2E/2020	2020-04-24
England/BRIS-12D00C/2020	2020-04-24
England/BRIS-12D0A2/2020	2020-04-24
England/CAMB-1ABF72/2020	2020-04-24
England/CAMB-1ACB04/2020	2020-04-24
England/CAMB-1ACE56/2020	2020-04-24
England/CAMB-1ACF44/2020	2020-04-24
England/CAMB-1ACF62/2020	2020-04-24
England/CAMB-1ACF80/2020	2020-04-24
England/CAMB-1ACFAE/2020	2020-04-24
England/CAMB-1AD4AE/2020	2020-04-24
England/CAMB-83D77/2020	2020-04-24
England/EXET-1365F2/2020	2020-04-24
England/EXET-136C57/2020	2020-04-24
England/EXET-136CDF/2020	2020-04-24
England/EXET-136FB8/2020	2020-04-24
England/LIVE-9C93B/2020	2020-04-24
England/LIVE-9C995/2020	2020-04-24
England/LIVE-9F74D/2020	2020-04-24
England/LIVE-9F76B/2020	2020-04-24
England/LIVE-9F7A7/2020	2020-04-24
England/LOND-D67B3/2020	2020-04-24
England/LOND-D67FF/2020	2020-04-24
England/LOND-D681A/2020	2020-04-24
England/LOND-D6829/2020	2020-04-24
England/LOND-D6865/2020	2020-04-24
England/LOND-D6892/2020	2020-04-24
England/NORT-283FD9/2020	2020-04-24
England/NORT-291AD7/2020	2020-04-24
England/NORW-E8EF5/2020	2020-04-24
England/NORW-E8F89/2020	2020-04-24
England/NORW-E8FB6/2020	2020-04-24
England/NORW-E9049/2020	2020-04-24
England/NOTT-1105A3/2020	2020-04-24
England/OXON-B1806/2020	2020-04-24
England/OXON-B1CFB/2020	2020-04-24
England/OXON-B1DDA/2020	2020-04-24
England/OXON-B1E7D/2020	2020-04-24
England/OXON-B1FF2/2020	2020-04-24
England/PHEC-211E8/2020	2020-04-24
England/PHEC-212F4/2020	2020-04-24
England/PHEC-21300/2020	2020-04-24
England/PHEC-21388/2020	2020-04-24
England/PORT-2CF2AB/2020	2020-04-24
England/PORT-2D0CA9/2020	2020-04-24
England/PORT-2D0CB8/2020	2020-04-24
England/PORT-2D0EEF/2020	2020-04-24
England/SHEF-C930A/2020	2020-04-24
England/SHEF-CAD56/2020	2020-04-24
England/SHEF-CB64B/2020	2020-04-24
England/SHEF-CB9AC/2020	2020-04-24
England/WSFT-25C17CF/2020	2020-04-24
Northern_Ireland/NIRE-FF268/2020	2020-04-24
Scotland/CVR3014/2020	2020-04-24
Scotland/CVR3018/2020	2020-04-24
Scotland/CVR3019/2020	2020-04-24
Scotland/CVR3020/2020	2020-04-24
Scotland/CVR3021/2020	2020-04-24
Scotland/CVR3022/2020	2020-04-24
Scotland/CVR3023/2020	2020-04-24
Scotland/CVR3026/2020	2020-04-24
Scotland/CVR3035/2020	2020-04-24
Scotland/CVR3041/2020	2020-04-24
Scotland/CVR3042/2020	2020-04-24
Scotland/CVR3043/2020	2020-04-24
Scotland/CVR3044/2020	2020-04-24
Scotland/CVR3047/2020	2020-04-24
Scotland/CVR3048/2020	2020-04-24
Scotland/CVR3051/2020	2020-04-24
Scotland/CVR3055/2020	2020-04-24
Scotland/CVR3059/2020	2020-04-24
Scotland/CVR3061/2020	2020-04-24
Scotland/CVR3062/2020	2020-04-24
Scotland/CVR3066/2020	2020-04-24
Scotland/CVR3067/2020	2020-04-24
Scotland/CVR3068/2020	2020-04-24
Scotland/CVR3069/2020	2020-04-24
Scotland/CVR3070/2020	2020-04-24
Scotland/CVR3072/2020	2020-04-24
Scotland/CVR3075/2020	2020-04-24
Scotland/CVR3076/2020	2020-04-24
Scotland/CVR3077/2020	2020-04-24
Scotland/CVR3079/2020	2020-04-24
Scotland/CVR3080/2020	2020-04-24
Scotland/CVR3083/2020	2020-04-24
Scotland/CVR3095/2020	2020-04-24
Scotland/CVR3099/2020	2020-04-24
Scotland/CVR3104/2020	2020-04-24
Scotland/CVR3119/2020	2020-04-24
Scotland/CVR3133/2020	2020-04-24
Scotland/CVR3255/2020	2020-04-24
Scotland/EDB2567/2020	2020-04-24
Scotland/EDB4318/2020	2020-04-24
Scotland/EDB4324/2020	2020-04-24
Scotland/EDB4329/2020	2020-04-24
Scotland/EDB4338/2020	2020-04-24
Scotland/EDB4360/2020	2020-04-24
Scotland/EDB4364/2020	2020-04-24
Scotland/EDB4365/2020	2020-04-24
Scotland/EDB5053/2020	2020-04-24
Scotland/EDB5056/2020	2020-04-24
Scotland/EDB5060/2020	2020-04-24
Scotland/EDB5113/2020	2020-04-24
Scotland/EDB5462/2020	2020-04-24
Scotland/EDB5477/2020	2020-04-24
Wales/PHWC-160049/2020	2020-04-24
Wales/PHWC-160823/2020	2020-04-24
Wales/PHWC-1608AB/2020	2020-04-24
Wales/PHWC-1608F6/2020	2020-04-24
Wales/PHWC-163389/2020	2020-04-24
Wales/PHWC-163486/2020	2020-04-24
Wales/PHWC-163A0C/2020	2020-04-24
Wales/PHWC-163C7F/2020	2020-04-24
Wales/PHWC-163CE8/2020	2020-04-24
Wales/PHWC-164045/2020	2020-04-24
Wales/PHWC-35284/2020	2020-04-24
Wales/PHWC-355E5/2020	2020-04-24
Wales/PHWC-35600/2020	2020-04-24
Wales/PHWC-3562E/2020	2020-04-24
Wales/PHWC-3563D/2020	2020-04-24
Wales/PHWC-3564C/2020	2020-04-24
Wales/PHWC-356F1/2020	2020-04-24
Wales/PHWC-3570D/2020	2020-04-24
Wales/PHWC-3571C/2020	2020-04-24
Wales/PHWC-3572B/2020	2020-04-24
Wales/PHWC-35749/2020	2020-04-24
Wales/PHWC-35758/2020	2020-04-24
Wales/PHWC-35776/2020	2020-04-24
Wales/PHWC-35873/2020	2020-04-24
Wales/PHWC-35891/2020	2020-04-24
Wales/PHWC-358EC/2020	2020-04-24
Wales/PHWC-35925/2020	2020-04-24
Wales/PHWC-35934/2020	2020-04-24
Wales/PHWC-35943/2020	2020-04-24
Wales/PHWC-35961/2020	2020-04-24
Wales/PHWC-35970/2020	2020-04-24
Wales/PHWC-359AD/2020	2020-04-24
Wales/PHWC-359BC/2020	2020-04-24
Wales/PHWC-359DA/2020	2020-04-24
Wales/PHWC-359F8/2020	2020-04-24
Wales/PHWC-35A04/2020	2020-04-24
Wales/PHWC-35A13/2020	2020-04-24
Wales/PHWC-35A22/2020	2020-04-24
Wales/PHWC-35A31/2020	2020-04-24
Wales/PHWC-35A5F/2020	2020-04-24
Wales/PHWC-35A8C/2020	2020-04-24
Wales/PHWC-35AD7/2020	2020-04-24
Wales/PHWC-35AE6/2020	2020-04-24
Wales/PHWC-35B01/2020	2020-04-24
Wales/PHWC-36960/2020	2020-04-24
Wales/PHWC-3698E/2020	2020-04-24
Wales/PHWC-369BB/2020	2020-04-24
Wales/PHWC-369F7/2020	2020-04-24
England/BRIS-12CF6A/2020	2020-04-25
England/BRIS-12CF79/2020	2020-04-25
England/BRIS-12CF88/2020	2020-04-25
England/BRIS-12CF97/2020	2020-04-25
England/BRIS-12CFA6/2020	2020-04-25
England/BRIS-12CFC4/2020	2020-04-25
England/BRIS-12CFD3/2020	2020-04-25
England/BRIS-12D057/2020	2020-04-25
England/BRIS-12D0B1/2020	2020-04-25
England/BRIS-12D109/2020	2020-04-25
England/BRIS-12D163/2020	2020-04-25
England/CAMB-1AD365/2020	2020-04-25
England/CAMB-1AD383/2020	2020-04-25
England/CAMB-1AD417/2020	2020-04-25
England/CAMB-1AD453/2020	2020-04-25
England/CAMB-1AD4F9/2020	2020-04-25
England/CAMB-1AD532/2020	2020-04-25
England/CAMB-1AD5C9/2020	2020-04-25
England/CAMB-1AD63F/2020	2020-04-25
England/CAMB-1AD67B/2020	2020-04-25
England/CAMB-1AD699/2020	2020-04-25
England/CAMB-1ADD1C/2020	2020-04-25
England/CAMB-1ADDD0/2020	2020-04-25
England/CAMB-1ADE19/2020	2020-04-25
England/CAMB-1ADE37/2020	2020-04-25
England/CAMB-82BAB/2020	2020-04-25
England/CAMB-83DE0/2020	2020-04-25
England/CAMB-83E0B/2020	2020-04-25
England/CAMB-83E29/2020	2020-04-25
England/CAMB-83E83/2020	2020-04-25
England/CAMB-83FF9/2020	2020-04-25
England/EXET-136FA9/2020	2020-04-25
England/EXET-13703C/2020	2020-04-25
England/LIVE-9C986/2020	2020-04-25
England/LIVE-9CC05/2020	2020-04-25
England/LIVE-9F75C/2020	2020-04-25
England/LOND-D6908/2020	2020-04-25
England/LOND-D6A9C/2020	2020-04-25
England/NORT-28514A/2020	2020-04-25
England/NORT-2910B7/2020	2020-04-25
England/NORW-E8E13/2020	2020-04-25
England/NORW-E8F7A/2020	2020-04-25
England/NORW-E8FD4/2020	2020-04-25
England/NORW-E900D/2020	2020-04-25
England/NOTT-1105C1/2020	2020-04-25
England/OXON-B1A3D/2020	2020-04-25
England/OXON-B1DF8/2020	2020-04-25
England/OXON-B20C1/2020	2020-04-25
England/PORT-2CF26F/2020	2020-04-25
England/PORT-2CF302/2020	2020-04-25
England/SHEF-C0A68/2020	2020-04-25
England/SHEF-C6974/2020	2020-04-25
England/SHEF-C7B40/2020	2020-04-25
England/SHEF-CA07B/2020	2020-04-25
England/SHEF-D0EE1/2020	2020-04-25
Northern_Ireland/NIRE-FF259/2020	2020-04-25
Northern_Ireland/NIRE-FF505/2020	2020-04-25
Northern_Ireland/NIRE-FF56F/2020	2020-04-25
Scotland/CVR3086/2020	2020-04-25
Scotland/CVR3087/2020	2020-04-25
Scotland/CVR3088/2020	2020-04-25
Scotland/CVR3089/2020	2020-04-25
Scotland/CVR3090/2020	2020-04-25
Scotland/CVR3091/2020	2020-04-25
Scotland/CVR3093/2020	2020-04-25
Scotland/CVR3096/2020	2020-04-25
Scotland/CVR3097/2020	2020-04-25
Scotland/CVR3098/2020	2020-04-25
Scotland/CVR3100/2020	2020-04-25
Scotland/CVR3101/2020	2020-04-25
Scotland/CVR3102/2020	2020-04-25
Scotland/CVR3103/2020	2020-04-25
Scotland/CVR3106/2020	2020-04-25
Scotland/CVR3107/2020	2020-04-25
Scotland/CVR3109/2020	2020-04-25
Scotland/CVR3111/2020	2020-04-25
Scotland/CVR3112/2020	2020-04-25
Scotland/CVR3114/2020	2020-04-25
Scotland/CVR3118/2020	2020-04-25
Scotland/CVR3120/2020	2020-04-25
Scotland/CVR3121/2020	2020-04-25
Scotland/CVR3122/2020	2020-04-25
Scotland/CVR3130/2020	2020-04-25
Scotland/CVR3131/2020	2020-04-25
Scotland/CVR3215/2020	2020-04-25
Scotland/CVR3216/2020	2020-04-25
Scotland/CVR3221/2020	2020-04-25
Scotland/CVR3222/2020	2020-04-25
Scotland/EDB2605/2020	2020-04-25
Scotland/EDB2638/2020	2020-04-25
Scotland/EDB4361/2020	2020-04-25
Scotland/EDB4362/2020	2020-04-25
Scotland/EDB5087/2020	2020-04-25
Scotland/EDB5466/2020	2020-04-25
Scotland/EDB5469/2020	2020-04-25
Scotland/EDB5475/2020	2020-04-25
Wales/PHWC-15FD64/2020	2020-04-25
Wales/PHWC-15FDFB/2020	2020-04-25
Wales/PHWC-160A4B/2020	2020-04-25
Wales/PHWC-163538/2020	2020-04-25
Wales/PHWC-163556/2020	2020-04-25
Wales/PHWC-163583/2020	2020-04-25
Wales/PHWC-16377E/2020	2020-04-25
Wales/PHWC-163F1C/2020	2020-04-25
Wales/PHWC-1642B8/2020	2020-04-25
Wales/PHWC-165026/2020	2020-04-25
Wales/PHWC-34FCA/2020	2020-04-25
Wales/PHWC-34FE8/2020	2020-04-25
Wales/PHWC-34FF7/2020	2020-04-25
Wales/PHWC-350A8/2020	2020-04-25
Wales/PHWC-35257/2020	2020-04-25
Wales/PHWC-35794/2020	2020-04-25
Wales/PHWC-357A3/2020	2020-04-25
Wales/PHWC-357D0/2020	2020-04-25
Wales/PHWC-357EF/2020	2020-04-25
Wales/PHWC-3580A/2020	2020-04-25
Wales/PHWC-35819/2020	2020-04-25
Wales/PHWC-35828/2020	2020-04-25
Wales/PHWC-35855/2020	2020-04-25
Wales/PHWC-35864/2020	2020-04-25
Wales/PHWC-3699D/2020	2020-04-25
England/BIRM-5E9DB/2020	2020-04-26
England/BIRM-5E9EA/2020	2020-04-26
England/BRIS-12D066/2020	2020-04-26
England/BRIS-12D145/2020	2020-04-26
England/CAMB-1AB80E/2020	2020-04-26
England/CAMB-1AB84A/2020	2020-04-26
England/CAMB-1AD408/2020	2020-04-26
England/CAMB-1AD505/2020	2020-04-26
England/CAMB-1AD56F/2020	2020-04-26
England/CAMB-1ADD2B/2020	2020-04-26
England/CAMB-1ADD67/2020	2020-04-26
England/CAMB-1ADDB2/2020	2020-04-26
England/CAMB-1ADE0A/2020	2020-04-26
England/CAMB-1ADE28/2020	2020-04-26
England/CAMB-1ADE55/2020	2020-04-26
England/CAMB-1ADE64/2020	2020-04-26
England/CAMB-1ADE82/2020	2020-04-26
England/CAMB-1ADF16/2020	2020-04-26
England/CAMB-1ADF34/2020	2020-04-26
England/CAMB-1ADFBC/2020	2020-04-26
England/CAMB-1AE030/2020	2020-04-26
England/CAMB-1AE06D/2020	2020-04-26
England/CAMB-83EED/2020	2020-04-26
England/CAMB-84013/2020	2020-04-26
England/CAMB-8406E/2020	2020-04-26
England/CAMB-840C8/2020	2020-04-26
England/CAMB-840F5/2020	2020-04-26
England/CAMB-84101/2020	2020-04-26
England/CAMB-8465D/2020	2020-04-26
England/EXET-136765/2020	2020-04-26
England/LIVE-9F72F/2020	2020-04-26
England/LIVE-9F798/2020	2020-04-26
England/NORT-291169/2020	2020-04-26
England/NORW-E8DF8/2020	2020-04-26
England/NORW-E8E31/2020	2020-04-26
England/NORW-E8F10/2020	2020-04-26
England/NORW-E8F3E/2020	2020-04-26
England/NORW-E8F5C/2020	2020-04-26
England/NORW-E9207/2020	2020-04-26
England/NORW-E9331/2020	2020-04-26
England/NOTT-111E98/2020	2020-04-26
England/OXON-B1F2F/2020	2020-04-26
England/PORT-2CF223/2020	2020-04-26
England/PORT-2CF311/2020	2020-04-26
England/SHEF-C1F86/2020	2020-04-26
England/SHEF-C58A5/2020	2020-04-26
England/SHEF-C5C30/2020	2020-04-26
England/SHEF-C631C/2020	2020-04-26
England/SHEF-C7481/2020	2020-04-26
England/SHEF-C7E92/2020	2020-04-26
England/SHEF-CC4C8/2020	2020-04-26
England/SHEF-CFCFA/2020	2020-04-26
England/SHEF-D2A09/2020	2020-04-26
England/TBSD-2488E84/2020	2020-04-26
England/TBSD-2488F54/2020	2020-04-26
England/TBSD-2488F63/2020	2020-04-26
Northern_Ireland/NIRE-FF514/2020	2020-04-26
Northern_Ireland/NIRE-FF59C/2020	2020-04-26
Scotland/CVR3124/2020	2020-04-26
Scotland/CVR3127/2020	2020-04-26
Scotland/CVR3132/2020	2020-04-26
Scotland/CVR3134/2020	2020-04-26
Scotland/CVR3135/2020	2020-04-26
Scotland/CVR3136/2020	2020-04-26
Scotland/CVR3137/2020	2020-04-26
Scotland/CVR3138/2020	2020-04-26
Scotland/CVR3217/2020	2020-04-26
Scotland/CVR3225/2020	2020-04-26
Scotland/CVR3228/2020	2020-04-26
Scotland/CVR3230/2020	2020-04-26
Scotland/CVR3231/2020	2020-04-26
Scotland/CVR3232/2020	2020-04-26
Scotland/CVR3233/2020	2020-04-26
Scotland/CVR3234/2020	2020-04-26
Scotland/CVR3235/2020	2020-04-26
Scotland/CVR3237/2020	2020-04-26
Scotland/EDB2676/2020	2020-04-26
Scotland/EDB2678/2020	2020-04-26
Scotland/EDB4368/2020	2020-04-26
Scotland/EDB4372/2020	2020-04-26
Scotland/EDB5480/2020	2020-04-26
Scotland/EDB5482/2020	2020-04-26
Wales/PHWC-15FD28/2020	2020-04-26
Wales/PHWC-160119/2020	2020-04-26
Wales/PHWC-16045C/2020	2020-04-26
Wales/PHWC-1607EA/2020	2020-04-26
Wales/PHWC-1635FC/2020	2020-04-26
Wales/PHWC-163BBE/2020	2020-04-26
Wales/PHWC-3512D/2020	2020-04-26
Wales/PHWC-35BF2/2020	2020-04-26
Wales/PHWC-35C0E/2020	2020-04-26
Wales/PHWC-35D29/2020	2020-04-26
England/BRIS-12E41E/2020	2020-04-27
England/CAMB-1AA483/2020	2020-04-27
England/CAMB-1ABF09/2020	2020-04-27
England/CAMB-1ABF54/2020	2020-04-27
England/CAMB-1ABF63/2020	2020-04-27
England/CAMB-1ABF90/2020	2020-04-27
England/CAMB-1ABFEB/2020	2020-04-27
England/CAMB-1AC050/2020	2020-04-27
England/CAMB-1AC07E/2020	2020-04-27
England/CAMB-1AC08D/2020	2020-04-27
England/CAMB-1AC25A/2020	2020-04-27
England/CAMB-1ACFDB/2020	2020-04-27
England/CAMB-1ADFCB/2020	2020-04-27
England/CAMB-1AE0D6/2020	2020-04-27
England/CAMB-1AE0E5/2020	2020-04-27
England/CAMB-1AE249/2020	2020-04-27
England/CAMB-1AE294/2020	2020-04-27
England/CAMB-1AE2B2/2020	2020-04-27
England/CAMB-1AE522/2020	2020-04-27
England/CAMB-1AE610/2020	2020-04-27
England/CAMB-1AE65C/2020	2020-04-27
England/CAMB-1AE67A/2020	2020-04-27
England/CAMB-1AE6B6/2020	2020-04-27
England/CAMB-84022/2020	2020-04-27
England/CAMB-8463F/2020	2020-04-27
England/EXET-13670B/2020	2020-04-27
England/EXET-136C48/2020	2020-04-27
England/LIVE-9D985/2020	2020-04-27
England/NORT-2911C3/2020	2020-04-27
England/NORW-E91CE/2020	2020-04-27
England/NORW-E9252/2020	2020-04-27
England/NORW-E9270/2020	2020-04-27
England/NORW-E92BC/2020	2020-04-27
England/NORW-E92CB/2020	2020-04-27
England/NORW-E92DA/2020	2020-04-27
England/NORW-E93B9/2020	2020-04-27
England/NORW-EB469/2020	2020-04-27
England/OXON-B0B0E/2020	2020-04-27
England/OXON-B0E05/2020	2020-04-27
England/OXON-B203A/2020	2020-04-27
England/PHEC-212E5/2020	2020-04-27
England/PHEC-2131F/2020	2020-04-27
England/PHEC-213D3/2020	2020-04-27
England/PHEC-21810/2020	2020-04-27
England/PORT-2CF3E4/2020	2020-04-27
England/PORT-2CF4D2/2020	2020-04-27
England/PORT-2CF4E1/2020	2020-04-27
England/PORT-2CF4F0/2020	2020-04-27
England/PORT-2CF50C/2020	2020-04-27
England/PORT-2CF52A/2020	2020-04-27
England/PORT-2CFEF2/2020	2020-04-27
England/PORT-2D0D00/2020	2020-04-27
England/SHEF-C096B/2020	2020-04-27
England/SHEF-C14F0/2020	2020-04-27
England/SHEF-C277E/2020	2020-04-27
England/SHEF-C3A0B/2020	2020-04-27
England/SHEF-C517D/2020	2020-04-27
England/SHEF-C7E1A/2020	2020-04-27
England/SHEF-C88C0/2020	2020-04-27
England/SHEF-C8EEC/2020	2020-04-27
England/SHEF-C8F07/2020	2020-04-27
England/SHEF-C999F/2020	2020-04-27
England/SHEF-C9A23/2020	2020-04-27
England/SHEF-CA099/2020	2020-04-27
England/SHEF-CA0F3/2020	2020-04-27
England/SHEF-CA187/2020	2020-04-27
England/SHEF-CB60F/2020	2020-04-27
England/SHEF-CC361/2020	2020-04-27
England/SHEF-CF53B/2020	2020-04-27
England/SHEF-CF7DB/2020	2020-04-27
England/SHEF-CFE5E/2020	2020-04-27
England/SHEF-D09A4/2020	2020-04-27
England/SHEF-D219B/2020	2020-04-27
England/TBSD-2488FEB/2020	2020-04-27
England/TBSD-248907E/2020	2020-04-27
England/TBSD-248909C/2020	2020-04-27
Northern_Ireland/NIRE-100F7B/2020	2020-04-27
Scotland/CVR3126/2020	2020-04-27
Scotland/CVR3128/2020	2020-04-27
Scotland/CVR3129/2020	2020-04-27
Scotland/CVR3182/2020	2020-04-27
Scotland/CVR3195/2020	2020-04-27
Scotland/CVR3196/2020	2020-04-27
Scotland/CVR3203/2020	2020-04-27
Scotland/CVR3239/2020	2020-04-27
Scotland/CVR3242/2020	2020-04-27
Scotland/CVR3244/2020	2020-04-27
Scotland/CVR3246/2020	2020-04-27
Scotland/EDB2656/2020	2020-04-27
Scotland/EDB3568/2020	2020-04-27
Scotland/EDB3588/2020	2020-04-27
Scotland/EDB4373/2020	2020-04-27
Scotland/EDB4708/2020	2020-04-27
Scotland/EDB4709/2020	2020-04-27
Scotland/EDB4712/2020	2020-04-27
Scotland/EDB4713/2020	2020-04-27
Scotland/EDB4718/2020	2020-04-27
Scotland/EDB4732/2020	2020-04-27
Scotland/EDB4733/2020	2020-04-27
Scotland/EDB5780/2020	2020-04-27
Scotland/EDB5792/2020	2020-04-27
Scotland/EDB5793/2020	2020-04-27
Scotland/EDB5797/2020	2020-04-27
Scotland/EDB5799/2020	2020-04-27
Scotland/EDB5806/2020	2020-04-27
Scotland/EDB5818/2020	2020-04-27
Wales/PHWC-1633A7/2020	2020-04-27
Wales/PHWC-1633E3/2020	2020-04-27
Wales/PHWC-163A1B/2020	2020-04-27
Wales/PHWC-163C60/2020	2020-04-27
Wales/PHWC-1641CA/2020	2020-04-27
Wales/PHWC-16482F/2020	2020-04-27
Wales/PHWC-164977/2020	2020-04-27
Wales/PHWC-164FA2/2020	2020-04-27
Wales/PHWC-35B4D/2020	2020-04-27
Wales/PHWC-35B5C/2020	2020-04-27
Wales/PHWC-35B6B/2020	2020-04-27
Wales/PHWC-35BA7/2020	2020-04-27
Wales/PHWC-35BD4/2020	2020-04-27
Wales/PHWC-35BE3/2020	2020-04-27
Wales/PHWC-35C1D/2020	2020-04-27
Wales/PHWC-35C2C/2020	2020-04-27
Wales/PHWC-35C4A/2020	2020-04-27
Wales/PHWC-35C59/2020	2020-04-27
Wales/PHWC-35C68/2020	2020-04-27
Wales/PHWC-35C86/2020	2020-04-27
Wales/PHWC-35C95/2020	2020-04-27
Wales/PHWC-35CA4/2020	2020-04-27
Wales/PHWC-35CB3/2020	2020-04-27
Wales/PHWC-35CFF/2020	2020-04-27
Wales/PHWC-35D38/2020	2020-04-27
Wales/PHWC-35D47/2020	2020-04-27
Wales/PHWC-35D56/2020	2020-04-27
Wales/PHWC-35D83/2020	2020-04-27
Wales/PHWC-35D92/2020	2020-04-27
Wales/PHWC-35DA1/2020	2020-04-27
Wales/PHWC-35DDE/2020	2020-04-27
Wales/PHWC-35DED/2020	2020-04-27
Wales/PHWC-35DFC/2020	2020-04-27
Wales/PHWC-35E08/2020	2020-04-27
Wales/PHWC-35E17/2020	2020-04-27
Wales/PHWC-35E44/2020	2020-04-27
Wales/PHWC-35E53/2020	2020-04-27
Wales/PHWC-35E9F/2020	2020-04-27
Wales/PHWC-35EF9/2020	2020-04-27
Wales/PHWC-35F14/2020	2020-04-27
Wales/PHWC-35F23/2020	2020-04-27
Wales/PHWC-35F50/2020	2020-04-27
Wales/PHWC-35FAB/2020	2020-04-27
Wales/PHWC-35FC9/2020	2020-04-27
Wales/PHWC-35FD8/2020	2020-04-27
Wales/PHWC-36001/2020	2020-04-27
Wales/PHWC-3602F/2020	2020-04-27
Wales/PHWC-360B6/2020	2020-04-27
Wales/PHWC-360D4/2020	2020-04-27
Wales/PHWC-360F2/2020	2020-04-27
Wales/PHWC-36827/2020	2020-04-27
Wales/PHWC-36872/2020	2020-04-27
England/BIRM-61489/2020	2020-04-28
England/BIRM-61595/2020	2020-04-28
England/BIRM-615A4/2020	2020-04-28
England/BIRM-615E0/2020	2020-04-28
England/BRIS-12A913/2020	2020-04-28
England/BRIS-12B01D/2020	2020-04-28
England/CAMB-1AB76B/2020	2020-04-28
England/CAMB-1AB789/2020	2020-04-28
England/CAMB-1ABE66/2020	2020-04-28
England/CAMB-1ABEFD/2020	2020-04-28
England/CAMB-1AC005/2020	2020-04-28
England/CAMB-1AC0AB/2020	2020-04-28
England/CAMB-1AC0C9/2020	2020-04-28
England/CAMB-1AC15D/2020	2020-04-28
England/CAMB-1AC1C6/2020	2020-04-28
England/CAMB-1AC1D5/2020	2020-04-28
England/CAMB-1AC2F0/2020	2020-04-28
England/CAMB-1AE14C/2020	2020-04-28
England/CAMB-1AE382/2020	2020-04-28
England/CAMB-1AE434/2020	2020-04-28
England/CAMB-1AE4AD/2020	2020-04-28
England/CAMB-1AE531/2020	2020-04-28
England/CAMB-1AE55F/2020	2020-04-28
England/EXET-136871/2020	2020-04-28
England/LIVE-9D91C/2020	2020-04-28
England/LIVE-9DA55/2020	2020-04-28
England/LIVE-9DDD4/2020	2020-04-28
England/NORW-E8DAD/2020	2020-04-28
England/NORW-E8DCB/2020	2020-04-28
England/NORW-E8DE9/2020	2020-04-28
England/NORW-E8E7D/2020	2020-04-28
England/NORW-E90A3/2020	2020-04-28
England/NORW-E90D0/2020	2020-04-28
England/NORW-E9119/2020	2020-04-28
England/NORW-E9137/2020	2020-04-28
England/NORW-E9182/2020	2020-04-28
England/NORW-E91BF/2020	2020-04-28
England/NOTT-11086E/2020	2020-04-28
England/NOTT-11087D/2020	2020-04-28
England/NOTT-111E10/2020	2020-04-28
England/OXON-B15E1/2020	2020-04-28
England/OXON-B162A/2020	2020-04-28
England/OXON-B18CA/2020	2020-04-28
England/OXON-B198B/2020	2020-04-28
England/OXON-B1A4C/2020	2020-04-28
England/PHEC-2135B/2020	2020-04-28
England/PHEC-21379/2020	2020-04-28
England/PHEC-213A6/2020	2020-04-28
England/PHEC-2141C/2020	2020-04-28
England/PHEC-21564/2020	2020-04-28
England/PHEC-2216F/2020	2020-04-28
England/PHEC-2219C/2020	2020-04-28
England/PHEC-221AB/2020	2020-04-28
England/PORT-2CF41E/2020	2020-04-28
England/PORT-2CF43C/2020	2020-04-28
England/PORT-2CF44B/2020	2020-04-28
England/PORT-2CF469/2020	2020-04-28
England/PORT-2D0D3D/2020	2020-04-28
England/SHEF-C119F/2020	2020-04-28
England/SHEF-C2398/2020	2020-04-28
England/SHEF-C335B/2020	2020-04-28
England/SHEF-C948F/2020	2020-04-28
England/SHEF-CB238/2020	2020-04-28
England/SHEF-CCAC6/2020	2020-04-28
England/SHEF-CCCEE/2020	2020-04-28
England/SHEF-CD0E1/2020	2020-04-28
England/SHEF-CE50F/2020	2020-04-28
England/SHEF-D1CE6/2020	2020-04-28
England/WSFT-25C17ED/2020	2020-04-28
Northern_Ireland/NIRE-101280/2020	2020-04-28
Northern_Ireland/NIRE-1016FD/2020	2020-04-28
Scotland/CVR3142/2020	2020-04-28
Scotland/CVR3188/2020	2020-04-28
Scotland/CVR3189/2020	2020-04-28
Scotland/CVR3191/2020	2020-04-28
Scotland/CVR3197/2020	2020-04-28
Scotland/CVR3198/2020	2020-04-28
Scotland/CVR3200/2020	2020-04-28
Scotland/CVR3204/2020	2020-04-28
Scotland/CVR3250/2020	2020-04-28
Scotland/CVR3251/2020	2020-04-28
Scotland/CVR3258/2020	2020-04-28
Scotland/EDB3656/2020	2020-04-28
Scotland/EDB3658/2020	2020-04-28
Scotland/EDB3695/2020	2020-04-28
Scotland/EDB3725/2020	2020-04-28
Scotland/EDB3739/2020	2020-04-28
Scotland/EDB3744/2020	2020-04-28
Scotland/EDB4720/2020	2020-04-28
Scotland/EDB4721/2020	2020-04-28
Scotland/EDB4722/2020	2020-04-28
Scotland/EDB5842/2020	2020-04-28
Scotland/EDB5852/2020	2020-04-28
Scotland/EDB5853/2020	2020-04-28
Wales/PHWC-16054A/2020	2020-04-28
Wales/PHWC-164221/2020	2020-04-28
Wales/PHWC-164494/2020	2020-04-28
Wales/PHWC-35E35/2020	2020-04-28
Wales/PHWC-35E71/2020	2020-04-28
Wales/PHWC-35E80/2020	2020-04-28
Wales/PHWC-35EAE/2020	2020-04-28
Wales/PHWC-35ECC/2020	2020-04-28
Wales/PHWC-35EDB/2020	2020-04-28
Wales/PHWC-35F05/2020	2020-04-28
Wales/PHWC-35F32/2020	2020-04-28
Wales/PHWC-35F8D/2020	2020-04-28
Wales/PHWC-3606B/2020	2020-04-28
Wales/PHWC-3607A/2020	2020-04-28
Wales/PHWC-36168/2020	2020-04-28
Wales/PHWC-361B3/2020	2020-04-28
Wales/PHWC-361D1/2020	2020-04-28
Wales/PHWC-361FF/2020	2020-04-28
Wales/PHWC-36748/2020	2020-04-28
Wales/PHWC-36757/2020	2020-04-28
Wales/PHWC-367A2/2020	2020-04-28
Wales/PHWC-367DF/2020	2020-04-28
Wales/PHWC-367EE/2020	2020-04-28
Wales/PHWC-367FD/2020	2020-04-28
Wales/PHWC-36890/2020	2020-04-28
Wales/PHWC-368BE/2020	2020-04-28
Wales/PHWC-368DC/2020	2020-04-28
Wales/PHWC-368FA/2020	2020-04-28
Wales/PHWC-36933/2020	2020-04-28
Wales/PHWC-36951/2020	2020-04-28
England/BIRM-5ECE1/2020	2020-04-29
England/BIRM-613D7/2020	2020-04-29
England/BIRM-613E6/2020	2020-04-29
England/BRIS-12A3E8/2020	2020-04-29
England/BRIS-12A45E/2020	2020-04-29
England/BRIS-12A4D6/2020	2020-04-29
England/BRIS-12A4E5/2020	2020-04-29
England/BRIS-12A4F4/2020	2020-04-29
England/BRIS-12A500/2020	2020-04-29
England/BRIS-12A5F1/2020	2020-04-29
England/BRIS-12A60D/2020	2020-04-29
England/BRIS-12A61C/2020	2020-04-29
England/BRIS-12A62B/2020	2020-04-29
England/BRIS-12A791/2020	2020-04-29
England/BRIS-12A870/2020	2020-04-29
England/BRIS-12A8BC/2020	2020-04-29
England/BRIS-12AA7A/2020	2020-04-29
England/BRIS-12AAB6/2020	2020-04-29
England/CAMB-1AC014/2020	2020-04-29
England/CAMB-1AC023/2020	2020-04-29
England/CAMB-1AC041/2020	2020-04-29
England/CAMB-1AC0E7/2020	2020-04-29
England/CAMB-1AC13F/2020	2020-04-29
England/CAMB-1AC1F3/2020	2020-04-29
England/CAMB-1AC3C0/2020	2020-04-29
England/CAMB-1ACFEA/2020	2020-04-29
England/CAMB-1ACFF9/2020	2020-04-29
England/CAMB-1AD031/2020	2020-04-29
England/CAMB-1AD0AA/2020	2020-04-29
England/CAMB-1AD189/2020	2020-04-29
England/CAMB-1AD268/2020	2020-04-29
England/CAMB-1AE425/2020	2020-04-29
England/CAMB-1AE64D/2020	2020-04-29
England/CAMB-1AE8B0/2020	2020-04-29
England/CAMB-1AE8FC/2020	2020-04-29
England/CAMB-1AE9AE/2020	2020-04-29
England/EXET-135B5B/2020	2020-04-29
England/EXET-135C94/2020	2020-04-29
England/EXET-136668/2020	2020-04-29
England/EXET-1367FC/2020	2020-04-29
England/EXET-1368F9/2020	2020-04-29
England/LIVE-9DB52/2020	2020-04-29
England/LOND-125F9F3/2020	2020-04-29
England/NORT-291837/2020	2020-04-29
England/NORW-E9094/2020	2020-04-29
England/NORW-E90FE/2020	2020-04-29
England/NORW-E98AB/2020	2020-04-29
England/NORW-E9911/2020	2020-04-29
England/NORW-E9999/2020	2020-04-29
England/NORW-E9A1E/2020	2020-04-29
England/NORW-E9AB4/2020	2020-04-29
England/NORW-E9C81/2020	2020-04-29
England/NORW-E9CAF/2020	2020-04-29
England/NORW-EAB65/2020	2020-04-29
England/NORW-EAC44/2020	2020-04-29
England/NORW-EAD23/2020	2020-04-29
England/NORW-EAD9C/2020	2020-04-29
England/NORW-EADD8/2020	2020-04-29
England/NORW-EADF6/2020	2020-04-29
England/NORW-EAE20/2020	2020-04-29
England/NORW-EAE7B/2020	2020-04-29
England/NORW-EAEE4/2020	2020-04-29
England/NORW-EAF78/2020	2020-04-29
England/NORW-EAFA5/2020	2020-04-29
England/NORW-EAFC3/2020	2020-04-29
England/NORW-EB047/2020	2020-04-29
England/NOTT-11089B/2020	2020-04-29
England/NOTT-11095C/2020	2020-04-29
England/NOTT-110D14/2020	2020-04-29
England/NOTT-110D50/2020	2020-04-29
England/NOTT-110DD8/2020	2020-04-29
England/NOTT-110DE7/2020	2020-04-29
England/NOTT-110DF6/2020	2020-04-29
England/NOTT-110E11/2020	2020-04-29
England/NOTT-110E3F/2020	2020-04-29
England/NOTT-110E4E/2020	2020-04-29
England/NOTT-110E99/2020	2020-04-29
England/NOTT-110FE1/2020	2020-04-29
England/NOTT-1112C9/2020	2020-04-29
England/OXON-B2261/2020	2020-04-29
England/PHEC-2140D/2020	2020-04-29
England/PHEC-21449/2020	2020-04-29
England/PHEC-21458/2020	2020-04-29
England/PHEC-21467/2020	2020-04-29
England/PHEC-21476/2020	2020-04-29
England/PHEC-21494/2020	2020-04-29
England/PHEC-214A3/2020	2020-04-29
England/PHEC-21555/2020	2020-04-29
England/PHEC-215EC/2020	2020-04-29
England/PHEC-215FB/2020	2020-04-29
England/PHEC-21634/2020	2020-04-29
England/PHEC-217E6/2020	2020-04-29
England/PHEC-217F5/2020	2020-04-29
England/PHEC-221BA/2020	2020-04-29
England/PORT-2CF3B7/2020	2020-04-29
England/SHEF-C0A86/2020	2020-04-29
England/SHEF-C0B92/2020	2020-04-29
England/SHEF-C235C/2020	2020-04-29
England/SHEF-C34A3/2020	2020-04-29
England/SHEF-C5483/2020	2020-04-29
England/SHEF-C5580/2020	2020-04-29
England/SHEF-C5E1C/2020	2020-04-29
England/SHEF-C6DC3/2020	2020-04-29
England/SHEF-C823B/2020	2020-04-29
England/SHEF-CC440/2020	2020-04-29
England/SHEF-CCF8B/2020	2020-04-29
England/SHEF-CD3CA/2020	2020-04-29
England/SHEF-CD6B2/2020	2020-04-29
England/SHEF-CDC92/2020	2020-04-29
England/SHEF-CF085/2020	2020-04-29
England/SHEF-D0151/2020	2020-04-29
England/SHEF-D0D7B/2020	2020-04-29
England/SHEF-D1062/2020	2020-04-29
England/SHEF-D3297/2020	2020-04-29
Northern_Ireland/NIRE-100B2C/2020	2020-04-29
Northern_Ireland/NIRE-10136F/2020	2020-04-29
Northern_Ireland/NIRE-101402/2020	2020-04-29
Northern_Ireland/NIRE-101772/2020	2020-04-29
Scotland/CVR3193/2020	2020-04-29
Scotland/EDB3759/2020	2020-04-29
Scotland/EDB3783/2020	2020-04-29
Scotland/EDB3790/2020	2020-04-29
Scotland/EDB3793/2020	2020-04-29
Scotland/EDB3802/2020	2020-04-29
Scotland/EDB3803/2020	2020-04-29
Scotland/EDB5875/2020	2020-04-29
Scotland/EDB5882/2020	2020-04-29
Scotland/EDB5892/2020	2020-04-29
Scotland/EDB5893/2020	2020-04-29
Scotland/EDB5894/2020	2020-04-29
Scotland/EDB5900/2020	2020-04-29
Wales/PHWC-1634C2/2020	2020-04-29
Wales/PHWC-1634FF/2020	2020-04-29
Wales/PHWC-163653/2020	2020-04-29
Wales/PHWC-1636CC/2020	2020-04-29
Wales/PHWC-1636F9/2020	2020-04-29
Wales/PHWC-16379C/2020	2020-04-29
Wales/PHWC-163820/2020	2020-04-29
Wales/PHWC-163B54/2020	2020-04-29
Wales/PHWC-163EE2/2020	2020-04-29
Wales/PHWC-163EF1/2020	2020-04-29
Wales/PHWC-163F94/2020	2020-04-29
Wales/PHWC-1642D6/2020	2020-04-29
Wales/PHWC-16432E/2020	2020-04-29
Wales/PHWC-16434C/2020	2020-04-29
Wales/PHWC-164458/2020	2020-04-29
Wales/PHWC-1644EF/2020	2020-04-29
Wales/PHWC-1646DA/2020	2020-04-29
Wales/PHWC-36098/2020	2020-04-29
Wales/PHWC-360A7/2020	2020-04-29
Wales/PHWC-3614A/2020	2020-04-29
Wales/PHWC-36186/2020	2020-04-29
Wales/PHWC-361A4/2020	2020-04-29
Wales/PHWC-361C2/2020	2020-04-29
Wales/PHWC-361E0/2020	2020-04-29
Wales/PHWC-36238/2020	2020-04-29
Wales/PHWC-36265/2020	2020-04-29
Wales/PHWC-36292/2020	2020-04-29
Wales/PHWC-362A1/2020	2020-04-29
Wales/PHWC-362B0/2020	2020-04-29
Wales/PHWC-36308/2020	2020-04-29
Wales/PHWC-36335/2020	2020-04-29
Wales/PHWC-36353/2020	2020-04-29
Wales/PHWC-36371/2020	2020-04-29
Wales/PHWC-36380/2020	2020-04-29
Wales/PHWC-3639F/2020	2020-04-29
Wales/PHWC-363AE/2020	2020-04-29
Wales/PHWC-36432/2020	2020-04-29
Wales/PHWC-36809/2020	2020-04-29
Wales/PHWC-36863/2020	2020-04-29
England/BRIS-12A351/2020	2020-04-30
England/BRIS-12A37F/2020	2020-04-30
England/BRIS-12A3AC/2020	2020-04-30
England/BRIS-12A3BB/2020	2020-04-30
England/BRIS-12A3D9/2020	2020-04-30
England/BRIS-12A3F7/2020	2020-04-30
England/BRIS-12A403/2020	2020-04-30
England/BRIS-12A421/2020	2020-04-30
England/BRIS-12A4B8/2020	2020-04-30
England/BRIS-12A4C7/2020	2020-04-30
England/BRIS-12A53D/2020	2020-04-30
England/BRIS-12A54C/2020	2020-04-30
England/BRIS-12A6A3/2020	2020-04-30
England/BRIS-12A6B2/2020	2020-04-30
England/BRIS-12A6C1/2020	2020-04-30
England/BRIS-12A737/2020	2020-04-30
England/BRIS-12A9D7/2020	2020-04-30
England/BRIS-12AA3E/2020	2020-04-30
England/BRIS-12AAA7/2020	2020-04-30
England/BRIS-12AAE3/2020	2020-04-30
England/BRIS-12AAF2/2020	2020-04-30
England/BRIS-12AB1D/2020	2020-04-30
England/BRIS-12AC29/2020	2020-04-30
England/BRIS-12AC56/2020	2020-04-30
England/CAMB-1AC24B/2020	2020-04-30
England/CAMB-1AC2A5/2020	2020-04-30
England/CAMB-1AD004/2020	2020-04-30
England/CAMB-1AD06E/2020	2020-04-30
England/CAMB-1AD14D/2020	2020-04-30
England/CAMB-1AD2A4/2020	2020-04-30
England/CAMB-1AD2C2/2020	2020-04-30
England/CAMB-1AD602/2020	2020-04-30
England/CAMB-1AD7B4/2020	2020-04-30
England/CAMB-1AE72C/2020	2020-04-30
England/CAMB-1AEFD9/2020	2020-04-30
England/CAMB-1AF05D/2020	2020-04-30
England/CAMB-1AF08A/2020	2020-04-30
England/CAMB-1AF099/2020	2020-04-30
England/CAMB-1AF10F/2020	2020-04-30
England/CAMB-1AF12D/2020	2020-04-30
England/CAMB-1AF2B1/2020	2020-04-30
England/CAMB-1AF336/2020	2020-04-30
England/CAMB-1AF521/2020	2020-04-30
England/CAMB-1AF71C/2020	2020-04-30
England/NORT-28404E/2020	2020-04-30
England/NORW-E9B1B/2020	2020-04-30
England/NORW-E9B48/2020	2020-04-30
England/NORW-E9B57/2020	2020-04-30
England/NORW-E9C63/2020	2020-04-30
England/NORW-E9C72/2020	2020-04-30
England/NORW-E9C90/2020	2020-04-30
England/NORW-E9CBE/2020	2020-04-30
England/NORW-E9D06/2020	2020-04-30
England/NORW-E9D15/2020	2020-04-30
England/NORW-E9D42/2020	2020-04-30
England/NORW-EA01B/2020	2020-04-30
England/NORW-EAE02/2020	2020-04-30
England/NORW-EAE11/2020	2020-04-30
England/NORW-EAEB7/2020	2020-04-30
England/NORW-EAED5/2020	2020-04-30
England/NORW-EAF3C/2020	2020-04-30
England/NORW-EAF5A/2020	2020-04-30
England/NORW-EAF69/2020	2020-04-30
England/NOTT-1109D4/2020	2020-04-30
England/NOTT-110A0E/2020	2020-04-30
England/NOTT-110A86/2020	2020-04-30
England/NOTT-110A95/2020	2020-04-30
England/NOTT-110AB3/2020	2020-04-30
England/NOTT-110AE0/2020	2020-04-30
England/OXON-B21A0/2020	2020-04-30
England/PHEC-21643/2020	2020-04-30
England/PHEC-21652/2020	2020-04-30
England/PHEC-21661/2020	2020-04-30
England/PHEC-2168F/2020	2020-04-30
England/PHEC-2169E/2020	2020-04-30
England/PHEC-217D7/2020	2020-04-30
England/PHEC-21CAB/2020	2020-04-30
England/PHEC-221F6/2020	2020-04-30
England/PHEC-2223F/2020	2020-04-30
England/PORT-2D0C4F/2020	2020-04-30
England/PORT-2D0C7C/2020	2020-04-30
England/SHEF-C1135/2020	2020-04-30
England/SHEF-C2617/2020	2020-04-30
England/SHEF-C31CA/2020	2020-04-30
England/SHEF-C35DD/2020	2020-04-30
England/SHEF-C3740/2020	2020-04-30
England/SHEF-C3986/2020	2020-04-30
England/SHEF-C4554/2020	2020-04-30
England/SHEF-CAFBA/2020	2020-04-30
England/SHEF-CC1C1/2020	2020-04-30
England/SHEF-CF39B/2020	2020-04-30
Northern_Ireland/NIRE-100C65/2020	2020-04-30
Northern_Ireland/NIRE-100C74/2020	2020-04-30
Northern_Ireland/NIRE-100ED8/2020	2020-04-30
Northern_Ireland/NIRE-10100E/2020	2020-04-30
Northern_Ireland/NIRE-10110B/2020	2020-04-30
Northern_Ireland/NIRE-1013D8/2020	2020-04-30
Northern_Ireland/NIRE-1013F6/2020	2020-04-30
Northern_Ireland/NIRE-10145D/2020	2020-04-30
Northern_Ireland/NIRE-1014A8/2020	2020-04-30
Northern_Ireland/NIRE-101736/2020	2020-04-30
Scotland/CVR3266/2020	2020-04-30
Scotland/EDB3796/2020	2020-04-30
Scotland/EDB3856/2020	2020-04-30
Scotland/EDB3862/2020	2020-04-30
Scotland/EDB3942/2020	2020-04-30
Scotland/EDB3943/2020	2020-04-30
Wales/PHWC-16342C/2020	2020-04-30
Wales/PHWC-163680/2020	2020-04-30
Wales/PHWC-1637C9/2020	2020-04-30
Wales/PHWC-163C33/2020	2020-04-30
Wales/PHWC-163C51/2020	2020-04-30
Wales/PHWC-163CBB/2020	2020-04-30
Wales/PHWC-16424F/2020	2020-04-30
Wales/PHWC-16440D/2020	2020-04-30
Wales/PHWC-16441C/2020	2020-04-30
Wales/PHWC-164616/2020	2020-04-30
Wales/PHWC-1646BC/2020	2020-04-30
Wales/PHWC-1648F2/2020	2020-04-30
Wales/PHWC-164D5D/2020	2020-04-30
Wales/PHWC-164DB7/2020	2020-04-30
Wales/PHWC-165062/2020	2020-04-30
Wales/PHWC-1653D2/2020	2020-04-30
Wales/PHWC-362DE/2020	2020-04-30
Wales/PHWC-36344/2020	2020-04-30
Wales/PHWC-363EA/2020	2020-04-30
Wales/PHWC-363F9/2020	2020-04-30
Wales/PHWC-36450/2020	2020-04-30
Wales/PHWC-3646F/2020	2020-04-30
Wales/PHWC-3647E/2020	2020-04-30
Wales/PHWC-3649C/2020	2020-04-30
Wales/PHWC-364AB/2020	2020-04-30
Wales/PHWC-364D8/2020	2020-04-30
Wales/PHWC-36520/2020	2020-04-30
Wales/PHWC-3655D/2020	2020-04-30
Wales/PHWC-3657B/2020	2020-04-30
Wales/PHWC-3658A/2020	2020-04-30
Wales/PHWC-36599/2020	2020-04-30
Wales/PHWC-365A8/2020	2020-04-30
Wales/PHWC-3662D/2020	2020-04-30
Wales/PHWC-36A7C/2020	2020-04-30
Wales/PHWC-36A8B/2020	2020-04-30
Wales/PHWC-36A9A/2020	2020-04-30
Wales/PHWC-36AA9/2020	2020-04-30
Wales/PHWC-36B00/2020	2020-04-30
Wales/PHWC-36C67/2020	2020-04-30
Wales/PHWC-36C94/2020	2020-04-30
Wales/PHWC-36CB2/2020	2020-04-30
England/BRIS-12A70A/2020	2020-05-01
England/BRIS-12A719/2020	2020-05-01
England/BRIS-12A755/2020	2020-05-01
England/BRIS-12AB2C/2020	2020-05-01
England/BRIS-12AB4A/2020	2020-05-01
England/BRIS-12AB59/2020	2020-05-01
England/BRIS-12ABC2/2020	2020-05-01
England/BRIS-12AC1A/2020	2020-05-01
England/BRIS-12AC38/2020	2020-05-01
England/BRIS-12AC47/2020	2020-05-01
England/BRIS-12AC65/2020	2020-05-01
England/BRIS-12AD35/2020	2020-05-01
England/BRIS-12AD9F/2020	2020-05-01
England/BRIS-12AEAB/2020	2020-05-01
England/BRIS-12AEBA/2020	2020-05-01
England/BRIS-12AEE7/2020	2020-05-01
England/BRIS-12AEF6/2020	2020-05-01
England/BRIS-12AF6C/2020	2020-05-01
England/BRIS-12D206/2020	2020-05-01
England/CAMB-1AC357/2020	2020-05-01
England/CAMB-1AD620/2020	2020-05-01
England/CAMB-1AD6A8/2020	2020-05-01
England/CAMB-1AD6D5/2020	2020-05-01
England/CAMB-1AD70F/2020	2020-05-01
England/CAMB-1AD71E/2020	2020-05-01
England/CAMB-1AD74B/2020	2020-05-01
England/CAMB-1AD778/2020	2020-05-01
England/CAMB-1AD7A5/2020	2020-05-01
England/CAMB-1AD848/2020	2020-05-01
England/CAMB-1AD866/2020	2020-05-01
England/CAMB-1AD8DF/2020	2020-05-01
England/CAMB-1AD909/2020	2020-05-01
England/CAMB-1ADB12/2020	2020-05-01
England/CAMB-1AE99F/2020	2020-05-01
England/CAMB-1AF5F4/2020	2020-05-01
England/CAMB-1AF961/2020	2020-05-01
England/CAMB-1AFA7D/2020	2020-05-01
England/CAMB-1AFA9B/2020	2020-05-01
England/CAMB-1AFDA1/2020	2020-05-01
England/CAMB-1B0208/2020	2020-05-01
England/CAMB-1B02CC/2020	2020-05-01
England/CAMB-1B0305/2020	2020-05-01
England/CAMB-1B03D8/2020	2020-05-01
England/CAMB-1B047B/2020	2020-05-01
England/EXET-136686/2020	2020-05-01
England/EXET-136B78/2020	2020-05-01
England/EXET-137825/2020	2020-05-01
England/HECH-2599E52/2020	2020-05-01
England/HECH-2599EAD/2020	2020-05-01
England/LIVE-9F349/2020	2020-05-01
England/LIVE-9F3B2/2020	2020-05-01
England/LIVE-9F446/2020	2020-05-01
England/LIVE-9F473/2020	2020-05-01
England/NORT-290D39/2020	2020-05-01
England/NORW-E9D60/2020	2020-05-01
England/NORW-E9E30/2020	2020-05-01
England/NORW-E9E5E/2020	2020-05-01
England/NORW-E9E7C/2020	2020-05-01
England/NORW-E9ED6/2020	2020-05-01
England/NORW-E9F3D/2020	2020-05-01
England/NORW-EB26F/2020	2020-05-01
England/NORW-EB3D5/2020	2020-05-01
England/NORW-EB4B4/2020	2020-05-01
England/NORW-EB4D2/2020	2020-05-01
England/NORW-EB4F0/2020	2020-05-01
England/NORW-EB50C/2020	2020-05-01
England/NORW-EB5C0/2020	2020-05-01
England/NORW-EB5DF/2020	2020-05-01
England/NORW-EB618/2020	2020-05-01
England/NORW-EB636/2020	2020-05-01
England/NOTT-110B65/2020	2020-05-01
England/NOTT-110B74/2020	2020-05-01
England/NOTT-110C26/2020	2020-05-01
England/NOTT-110C35/2020	2020-05-01
England/NOTT-110C44/2020	2020-05-01
England/NOTT-110C62/2020	2020-05-01
England/NOTT-110CBD/2020	2020-05-01
England/NOTT-110CCC/2020	2020-05-01
England/NOTT-1114F0/2020	2020-05-01
England/OXON-B1DE9/2020	2020-05-01
England/OXON-B2085/2020	2020-05-01
England/PHEC-2175F/2020	2020-05-01
England/PHEC-2176E/2020	2020-05-01
England/PHEC-2182F/2020	2020-05-01
England/PHEC-2194A/2020	2020-05-01
England/PHEC-21959/2020	2020-05-01
England/PHEC-219E0/2020	2020-05-01
England/PHEC-21A0B/2020	2020-05-01
England/PHEC-21B26/2020	2020-05-01
England/PHEC-21B44/2020	2020-05-01
England/PHEC-21B53/2020	2020-05-01
England/PHEC-21C9C/2020	2020-05-01
England/PORT-2D0061/2020	2020-05-01
England/PORT-2D0070/2020	2020-05-01
England/PORT-2D009E/2020	2020-05-01
England/PORT-2D00F8/2020	2020-05-01
England/PORT-2D0104/2020	2020-05-01
England/PORT-2D0140/2020	2020-05-01
England/SHEF-C2477/2020	2020-05-01
England/SHEF-C35FB/2020	2020-05-01
England/SHEF-C469D/2020	2020-05-01
England/SHEF-C6886/2020	2020-05-01
England/SHEF-C85AB/2020	2020-05-01
England/SHEF-C8A33/2020	2020-05-01
England/SHEF-C95B9/2020	2020-05-01
England/SHEF-CC370/2020	2020-05-01
England/SHEF-CCD54/2020	2020-05-01
England/SHEF-CE36F/2020	2020-05-01
England/SHEF-D075F/2020	2020-05-01
Northern_Ireland/NIRE-100CB0/2020	2020-05-01
Northern_Ireland/NIRE-100EE7/2020	2020-05-01
Northern_Ireland/NIRE-1010FF/2020	2020-05-01
Scotland/CVR3282/2020	2020-05-01
Scotland/CVR3284/2020	2020-05-01
Scotland/CVR3335/2020	2020-05-01
Scotland/CVR3354/2020	2020-05-01
Scotland/CVR3355/2020	2020-05-01
Scotland/EDB3891/2020	2020-05-01
Scotland/EDB5941/2020	2020-05-01
Wales/PHWC-16384E/2020	2020-05-01
Wales/PHWC-163C42/2020	2020-05-01
Wales/PHWC-163CCA/2020	2020-05-01
Wales/PHWC-163DC7/2020	2020-05-01
Wales/PHWC-163DD6/2020	2020-05-01
Wales/PHWC-163E2E/2020	2020-05-01
Wales/PHWC-163F85/2020	2020-05-01
Wales/PHWC-1641AC/2020	2020-05-01
Wales/PHWC-164203/2020	2020-05-01
Wales/PHWC-364F6/2020	2020-05-01
Wales/PHWC-3654E/2020	2020-05-01
Wales/PHWC-3656C/2020	2020-05-01
Wales/PHWC-365B7/2020	2020-05-01
Wales/PHWC-365F3/2020	2020-05-01
Wales/PHWC-3663C/2020	2020-05-01
Wales/PHWC-3664B/2020	2020-05-01
Wales/PHWC-36687/2020	2020-05-01
Wales/PHWC-366E1/2020	2020-05-01
Wales/PHWC-366F0/2020	2020-05-01
Wales/PHWC-3670C/2020	2020-05-01
Wales/PHWC-36A12/2020	2020-05-01
Wales/PHWC-36A5E/2020	2020-05-01
Wales/PHWC-36AB8/2020	2020-05-01
Wales/PHWC-36AC7/2020	2020-05-01
Wales/PHWC-36B1F/2020	2020-05-01
Wales/PHWC-36B2E/2020	2020-05-01
Wales/PHWC-36B3D/2020	2020-05-01
Wales/PHWC-36B79/2020	2020-05-01
Wales/PHWC-36BC4/2020	2020-05-01
Wales/PHWC-36BE2/2020	2020-05-01
Wales/PHWC-36C0D/2020	2020-05-01
Wales/PHWC-36C1C/2020	2020-05-01
Wales/PHWC-36C58/2020	2020-05-01
Wales/PHWC-36C76/2020	2020-05-01
Wales/PHWC-36CA3/2020	2020-05-01
England/BIRM-5F70D/2020	2020-05-02
England/BIRM-5F71C/2020	2020-05-02
England/BRIS-12ADAE/2020	2020-05-02
England/BRIS-12ADBD/2020	2020-05-02
England/BRIS-12ADCC/2020	2020-05-02
England/BRIS-12AE7E/2020	2020-05-02
England/CAMB-1AD918/2020	2020-05-02
England/CAMB-1AD936/2020	2020-05-02
England/CAMB-1AD972/2020	2020-05-02
England/CAMB-1AFA5F/2020	2020-05-02
England/CAMB-1AFB2F/2020	2020-05-02
England/CAMB-1B0930/2020	2020-05-02
England/LIVE-9F3C1/2020	2020-05-02
England/NORT-2854E7/2020	2020-05-02
England/NORT-290DFD/2020	2020-05-02
England/NORW-E9DBB/2020	2020-05-02
England/NORW-E9DCA/2020	2020-05-02
England/NORW-E9E12/2020	2020-05-02
England/NORW-E9E9A/2020	2020-05-02
England/NORW-E9EA9/2020	2020-05-02
England/NORW-E9FE2/2020	2020-05-02
England/NORW-EA109/2020	2020-05-02
England/NORW-EB320/2020	2020-05-02
England/NORW-EB44B/2020	2020-05-02
England/NOTT-110CAE/2020	2020-05-02
England/NOTT-1114C3/2020	2020-05-02
England/OXON-B1EAA/2020	2020-05-02
England/PHEC-2186B/2020	2020-05-02
England/PHEC-2187A/2020	2020-05-02
England/PHEC-21A47/2020	2020-05-02
England/PHEC-21A56/2020	2020-05-02
England/PHEC-21A65/2020	2020-05-02
England/PHEC-21A74/2020	2020-05-02
England/PHEC-21A83/2020	2020-05-02
England/PHEC-21A92/2020	2020-05-02
England/PHEC-21AA1/2020	2020-05-02
England/PHEC-21B71/2020	2020-05-02
England/PHEC-2224E/2020	2020-05-02
England/PHEC-2225D/2020	2020-05-02
England/PHEC-2226C/2020	2020-05-02
England/PHEC-2228A/2020	2020-05-02
England/PHEC-22299/2020	2020-05-02
England/PHEC-222A8/2020	2020-05-02
England/PORT-2CF584/2020	2020-05-02
England/SHEF-C1C25/2020	2020-05-02
England/SHEF-C2064/2020	2020-05-02
England/SHEF-C2C7F/2020	2020-05-02
England/SHEF-C541A/2020	2020-05-02
England/SHEF-C62E2/2020	2020-05-02
England/SHEF-C7B6E/2020	2020-05-02
England/SHEF-CA266/2020	2020-05-02
England/SHEF-CB10E/2020	2020-05-02
England/SHEF-CFE12/2020	2020-05-02
England/SHEF-D0388/2020	2020-05-02
England/SHEF-D0898/2020	2020-05-02
Scotland/CVR3358/2020	2020-05-02
Scotland/CVR3359/2020	2020-05-02
Scotland/CVR3360/2020	2020-05-02
Scotland/CVR3361/2020	2020-05-02
Scotland/CVR3362/2020	2020-05-02
Scotland/CVR3363/2020	2020-05-02
Scotland/CVR3364/2020	2020-05-02
Scotland/CVR3365/2020	2020-05-02
Scotland/CVR3366/2020	2020-05-02
Scotland/EDB3918/2020	2020-05-02
Scotland/EDB3925/2020	2020-05-02
Scotland/EDB3941/2020	2020-05-02
Wales/PHWC-15C81B/2020	2020-05-02
Wales/PHWC-15CB12/2020	2020-05-02
Wales/PHWC-15CE64/2020	2020-05-02
Wales/PHWC-15CF61/2020	2020-05-02
Wales/PHWC-15D0A9/2020	2020-05-02
Wales/PHWC-15D443/2020	2020-05-02
Wales/PHWC-163E5B/2020	2020-05-02
Wales/PHWC-163F3A/2020	2020-05-02
Wales/PHWC-164072/2020	2020-05-02
Wales/PHWC-1640DC/2020	2020-05-02
Wales/PHWC-164388/2020	2020-05-02
Wales/PHWC-16442B/2020	2020-05-02
Wales/PHWC-164485/2020	2020-05-02
Wales/PHWC-1644C1/2020	2020-05-02
Wales/PHWC-164670/2020	2020-05-02
Wales/PHWC-1646F8/2020	2020-05-02
Wales/PHWC-366B4/2020	2020-05-02
Wales/PHWC-3671B/2020	2020-05-02
Wales/PHWC-36A21/2020	2020-05-02
Wales/PHWC-36A30/2020	2020-05-02
Wales/PHWC-36A6D/2020	2020-05-02
Wales/PHWC-36AF4/2020	2020-05-02
Wales/PHWC-36B4C/2020	2020-05-02
Wales/PHWC-36B5B/2020	2020-05-02
Wales/PHWC-36B88/2020	2020-05-02
Wales/PHWC-36B97/2020	2020-05-02
Wales/PHWC-36BA6/2020	2020-05-02
Wales/PHWC-36BB5/2020	2020-05-02
Wales/PHWC-36C2B/2020	2020-05-02
Wales/PHWC-36C3A/2020	2020-05-02
Wales/PHWC-36C49/2020	2020-05-02
Wales/PHWC-36CD0/2020	2020-05-02
England/BIRM-5F14B/2020	2020-05-03
England/BIRM-5F169/2020	2020-05-03
England/BRIS-12AF8A/2020	2020-05-03
England/BRIS-12C5E0/2020	2020-05-03
England/BRIS-12D233/2020	2020-05-03
England/BRIS-12D53A/2020	2020-05-03
England/BRIS-12D558/2020	2020-05-03
England/CAMB-1AD981/2020	2020-05-03
England/CAMB-1ADB5E/2020	2020-05-03
England/CAMB-1ADB9A/2020	2020-05-03
England/CAMB-1AFBF2/2020	2020-05-03
England/CAMB-1AFE35/2020	2020-05-03
England/CAMB-1AFE9F/2020	2020-05-03
England/EXET-1366C2/2020	2020-05-03
England/EXET-137834/2020	2020-05-03
England/EXET-137843/2020	2020-05-03
England/HECH-2599D64/2020	2020-05-03
England/LIVE-9F1F4/2020	2020-05-03
England/LIVE-9F23D/2020	2020-05-03
England/NORT-290E72/2020	2020-05-03
England/NORT-290ECD/2020	2020-05-03
England/NORW-E744F/2020	2020-05-03
England/NORW-E7649/2020	2020-05-03
England/NORW-E7658/2020	2020-05-03
England/NORW-E9DE8/2020	2020-05-03
England/NORW-E9E6D/2020	2020-05-03
England/NORW-E9EB8/2020	2020-05-03
England/NORW-E9FF1/2020	2020-05-03
England/NORW-EA00C/2020	2020-05-03
England/NORW-EB205/2020	2020-05-03
England/NORW-EB223/2020	2020-05-03
England/NORW-EB28D/2020	2020-05-03
England/NORW-EB2D8/2020	2020-05-03
England/NORW-EB2E7/2020	2020-05-03
England/NORW-EB33F/2020	2020-05-03
England/NOTT-111F4A/2020	2020-05-03
England/OXON-B1B67/2020	2020-05-03
England/PORT-2CF557/2020	2020-05-03
England/SHEF-C2671/2020	2020-05-03
England/SHEF-C707E/2020	2020-05-03
England/SHEF-C7454/2020	2020-05-03
England/SHEF-C9A05/2020	2020-05-03
England/SHEF-CC923/2020	2020-05-03
Scotland/CVR3367/2020	2020-05-03
Scotland/EDB3956/2020	2020-05-03
Scotland/EDB3961/2020	2020-05-03
Scotland/EDB3973/2020	2020-05-03
Scotland/EDB3977/2020	2020-05-03
Scotland/EDB3978/2020	2020-05-03
Wales/PHWC-15C4BD/2020	2020-05-03
Wales/PHWC-15C4EA/2020	2020-05-03
Wales/PHWC-15C5BA/2020	2020-05-03
Wales/PHWC-15C7A5/2020	2020-05-03
Wales/PHWC-15C990/2020	2020-05-03
Wales/PHWC-15CB6D/2020	2020-05-03
Wales/PHWC-15CD76/2020	2020-05-03
Wales/PHWC-15CD85/2020	2020-05-03
Wales/PHWC-15CDEF/2020	2020-05-03
Wales/PHWC-15D100/2020	2020-05-03
Wales/PHWC-15D434/2020	2020-05-03
Wales/PHWC-16436A/2020	2020-05-03
Wales/PHWC-16534B/2020	2020-05-03
Wales/PHWC-36CEF/2020	2020-05-03
Wales/PHWC-36CFE/2020	2020-05-03
Wales/PHWC-36D0A/2020	2020-05-03
Wales/PHWC-36D19/2020	2020-05-03
Wales/PHWC-36D28/2020	2020-05-03
Wales/PHWC-36D37/2020	2020-05-03
England/BRIS-12B068/2020	2020-05-04
England/BRIS-12BF5C/2020	2020-05-04
England/BRIS-12C638/2020	2020-05-04
England/BRIS-12C692/2020	2020-05-04
England/BRIS-12C6CF/2020	2020-05-04
England/BRIS-12D190/2020	2020-05-04
England/BRIS-12D1CD/2020	2020-05-04
England/BRIS-12D2E8/2020	2020-05-04
England/BRIS-12D321/2020	2020-05-04
England/BRIS-12D3A9/2020	2020-05-04
England/BRIS-12D3B8/2020	2020-05-04
England/BRIS-12D3C7/2020	2020-05-04
England/BRIS-12D45B/2020	2020-05-04
England/BRIS-12D488/2020	2020-05-04
England/BRIS-12D51C/2020	2020-05-04
England/BRIS-12D52B/2020	2020-05-04
England/BRIS-12D549/2020	2020-05-04
England/CAMB-1AD8B1/2020	2020-05-04
England/CAMB-1ADBB8/2020	2020-05-04
England/CAMB-1ADBE5/2020	2020-05-04
England/CAMB-1ADBF4/2020	2020-05-04
England/CAMB-1AEC2D/2020	2020-05-04
England/CAMB-1AEC4B/2020	2020-05-04
England/CAMB-1AFF50/2020	2020-05-04
England/CAMB-1B0851/2020	2020-05-04
England/CAMB-1B087F/2020	2020-05-04
England/EXET-136A99/2020	2020-05-04
England/HECH-2599CEF/2020	2020-05-04
England/LIVE-9F21F/2020	2020-05-04
England/LIVE-9F24C/2020	2020-05-04
England/NORT-28406C/2020	2020-05-04
England/NORT-2923EA/2020	2020-05-04
England/NORW-E748B/2020	2020-05-04
England/NORW-E74E5/2020	2020-05-04
England/NORW-E74F4/2020	2020-05-04
England/NORW-E75A6/2020	2020-05-04
England/NORW-E760D/2020	2020-05-04
England/NORW-E762B/2020	2020-05-04
England/NORW-E7667/2020	2020-05-04
England/NORW-E7676/2020	2020-05-04
England/NORW-E7685/2020	2020-05-04
England/NORW-E76B2/2020	2020-05-04
England/NORW-E76D0/2020	2020-05-04
England/NORW-E76FE/2020	2020-05-04
England/NORW-E7719/2020	2020-05-04
England/NORW-E7746/2020	2020-05-04
England/NORW-E7755/2020	2020-05-04
England/NORW-E7782/2020	2020-05-04
England/NORW-E7791/2020	2020-05-04
England/NORW-E77EC/2020	2020-05-04
England/NORW-E79D7/2020	2020-05-04
England/NORW-EB074/2020	2020-05-04
England/NORW-EB0CF/2020	2020-05-04
England/NORW-EB0ED/2020	2020-05-04
England/NORW-EB1CC/2020	2020-05-04
England/NORW-EB1EA/2020	2020-05-04
England/NOTT-1110FC/2020	2020-05-04
England/NOTT-111F2C/2020	2020-05-04
England/OXON-B04A9/2020	2020-05-04
England/OXON-B0CED/2020	2020-05-04
England/OXON-B0FE4/2020	2020-05-04
England/PHEC-218B6/2020	2020-05-04
England/PHEC-21C23/2020	2020-05-04
England/PHEC-21CF6/2020	2020-05-04
England/PHEC-21D5D/2020	2020-05-04
England/PHEC-222E4/2020	2020-05-04
England/SHEF-C1C07/2020	2020-05-04
England/SHEF-C3B80/2020	2020-05-04
England/SHEF-C7AE9/2020	2020-05-04
England/SHEF-D2ED0/2020	2020-05-04
England/SHEF-D2FFB/2020	2020-05-04
Scotland/CVR2088/2020	2020-05-04
Scotland/CVR3314/2020	2020-05-04
Scotland/EDB4381/2020	2020-05-04
Wales/PHWC-15C0E6/2020	2020-05-04
Wales/PHWC-15C15C/2020	2020-05-04
Wales/PHWC-15C20E/2020	2020-05-04
Wales/PHWC-15C2C2/2020	2020-05-04
Wales/PHWC-15C374/2020	2020-05-04
Wales/PHWC-15C3ED/2020	2020-05-04
Wales/PHWC-15C417/2020	2020-05-04
Wales/PHWC-15C49F/2020	2020-05-04
Wales/PHWC-15C5D8/2020	2020-05-04
Wales/PHWC-15C5E7/2020	2020-05-04
Wales/PHWC-15C611/2020	2020-05-04
Wales/PHWC-15C857/2020	2020-05-04
Wales/PHWC-15C8FD/2020	2020-05-04
Wales/PHWC-15CA33/2020	2020-05-04
Wales/PHWC-15CB30/2020	2020-05-04
Wales/PHWC-15CB9A/2020	2020-05-04
Wales/PHWC-15CC3D/2020	2020-05-04
Wales/PHWC-15CD67/2020	2020-05-04
Wales/PHWC-15CEA0/2020	2020-05-04
Wales/PHWC-15CF43/2020	2020-05-04
Wales/PHWC-15D07C/2020	2020-05-04
Wales/PHWC-15D11F/2020	2020-05-04
Wales/PHWC-15D3A0/2020	2020-05-04
Wales/PHWC-15D3BF/2020	2020-05-04
Wales/PHWC-15D416/2020	2020-05-04
Wales/PHWC-15D49E/2020	2020-05-04
Wales/PHWC-15D513/2020	2020-05-04
Wales/PHWC-15E828/2020	2020-05-04
England/BIRM-5F0C6/2020	2020-05-05
England/BIRM-5F2EE/2020	2020-05-05
England/BIRM-5F3EB/2020	2020-05-05
England/BRIS-12D34F/2020	2020-05-05
England/BRIS-12D43D/2020	2020-05-05
England/BRIS-12D4E2/2020	2020-05-05
England/BRIS-12D567/2020	2020-05-05
England/BRIS-12D813/2020	2020-05-05
England/BRIS-12D822/2020	2020-05-05
England/BRIS-12D831/2020	2020-05-05
England/CAMB-1AEC0F/2020	2020-05-05
England/CAMB-1B1058/2020	2020-05-05
England/CAMB-1B1137/2020	2020-05-05
England/EXET-136914/2020	2020-05-05
England/EXET-136A20/2020	2020-05-05
England/LIVE-9F121/2020	2020-05-05
England/NORT-28408A/2020	2020-05-05
England/NORT-284099/2020	2020-05-05
England/NORW-E77A0/2020	2020-05-05
England/NORW-E7861/2020	2020-05-05
England/NORW-E78BC/2020	2020-05-05
England/NORW-E78DA/2020	2020-05-05
England/NORW-E7922/2020	2020-05-05
England/NORW-E7931/2020	2020-05-05
England/NORW-E7940/2020	2020-05-05
England/NORW-E797D/2020	2020-05-05
England/NORW-EB706/2020	2020-05-05
England/NORW-EB7D9/2020	2020-05-05
England/NORW-EBA49/2020	2020-05-05
England/NORW-EBA67/2020	2020-05-05
England/NORW-EBAEF/2020	2020-05-05
England/NORW-EBB28/2020	2020-05-05
England/NORW-EBBDD/2020	2020-05-05
England/NORW-EBC70/2020	2020-05-05
England/NORW-EBC9E/2020	2020-05-05
England/NORW-EBE2F/2020	2020-05-05
England/NOTT-111038/2020	2020-05-05
England/OXON-B002D/2020	2020-05-05
England/PHEC-218A7/2020	2020-05-05
England/PHEC-21CBA/2020	2020-05-05
England/PHEC-21D4E/2020	2020-05-05
England/PHEC-21DB7/2020	2020-05-05
England/PHEC-222F3/2020	2020-05-05
England/PORT-2CFC8F/2020	2020-05-05
England/SHEF-CB6B4/2020	2020-05-05
England/SHEF-CCFA9/2020	2020-05-05
England/SHEF-CD63A/2020	2020-05-05
England/SHEF-D340A/2020	2020-05-05
Scotland/CVR3270/2020	2020-05-05
Scotland/CVR3373/2020	2020-05-05
Scotland/CVR3374/2020	2020-05-05
Scotland/EDB4453/2020	2020-05-05
Scotland/EDB4457/2020	2020-05-05
Scotland/EDB4477/2020	2020-05-05
Scotland/EDB4479/2020	2020-05-05
Scotland/EDB4546/2020	2020-05-05
Wales/PHWC-15C0D7/2020	2020-05-05
Wales/PHWC-15C21D/2020	2020-05-05
Wales/PHWC-15C22C/2020	2020-05-05
Wales/PHWC-15C3DE/2020	2020-05-05
Wales/PHWC-15C59C/2020	2020-05-05
Wales/PHWC-15C909/2020	2020-05-05
Wales/PHWC-15C963/2020	2020-05-05
Wales/PHWC-15CA9D/2020	2020-05-05
Wales/PHWC-15CB5E/2020	2020-05-05
Wales/PHWC-15CC1F/2020	2020-05-05
Wales/PHWC-15CCD3/2020	2020-05-05
Wales/PHWC-15CE82/2020	2020-05-05
Wales/PHWC-15CF16/2020	2020-05-05
Wales/PHWC-15CF52/2020	2020-05-05
Wales/PHWC-15D20D/2020	2020-05-05
Wales/PHWC-160771/2020	2020-05-05
Wales/PHWC-1633B6/2020	2020-05-05
Wales/PHWC-1635CF/2020	2020-05-05
Wales/PHWC-163662/2020	2020-05-05
Wales/PHWC-1637F6/2020	2020-05-05
Wales/PHWC-163D8B/2020	2020-05-05
Wales/PHWC-1646CB/2020	2020-05-05
England/BIRM-5F187/2020	2020-05-06
England/BIRM-5F6B5/2020	2020-05-06
England/BIRM-5F6C4/2020	2020-05-06
England/BIRM-5F9AD/2020	2020-05-06
England/BRIS-12C4E3/2020	2020-05-06
England/BRIS-12C568/2020	2020-05-06
England/BRIS-12C5A4/2020	2020-05-06
England/BRIS-12C708/2020	2020-05-06
England/BRIS-12C753/2020	2020-05-06
England/BRIS-12D576/2020	2020-05-06
England/BRIS-12D619/2020	2020-05-06
England/BRIS-12D628/2020	2020-05-06
England/BRIS-12D637/2020	2020-05-06
England/BRIS-12D655/2020	2020-05-06
England/BRIS-12D804/2020	2020-05-06
England/BRIS-12D840/2020	2020-05-06
England/BRIS-12D85F/2020	2020-05-06
England/BRIS-12D86E/2020	2020-05-06
England/BRIS-12D8AA/2020	2020-05-06
England/BRIS-12D8B9/2020	2020-05-06
England/BRIS-12D8C8/2020	2020-05-06
England/BRIS-12D8E6/2020	2020-05-06
England/BRIS-12D901/2020	2020-05-06
England/BRIS-12DC62/2020	2020-05-06
England/CAMB-1AECC3/2020	2020-05-06
England/CAMB-1AECD2/2020	2020-05-06
England/CAMB-1AED0C/2020	2020-05-06
England/CAMB-1AED1B/2020	2020-05-06
England/CAMB-1AF66A/2020	2020-05-06
England/CAMB-1B11BF/2020	2020-05-06
England/CAMB-1B14D4/2020	2020-05-06
England/CAMB-1B151D/2020	2020-05-06
England/CAMB-1B154A/2020	2020-05-06
England/CAMB-1B1577/2020	2020-05-06
England/CAMB-1B1595/2020	2020-05-06
England/CAMB-1B15C2/2020	2020-05-06
England/CAMB-1B15E0/2020	2020-05-06
England/CAMB-1B160B/2020	2020-05-06
England/EXET-1367DE/2020	2020-05-06
England/HECH-2599DDD/2020	2020-05-06
England/HECH-2599EDA/2020	2020-05-06
England/LIVE-9F561/2020	2020-05-06
England/NORT-2840A8/2020	2020-05-06
England/NORT-2840B7/2020	2020-05-06
England/NORW-E77CE/2020	2020-05-06
England/NORW-E7DEA/2020	2020-05-06
England/NORW-E7FD5/2020	2020-05-06
England/NORW-EB979/2020	2020-05-06
England/NORW-EBA94/2020	2020-05-06
England/NORW-EBB37/2020	2020-05-06
England/NORW-EBB64/2020	2020-05-06
England/NORW-EBBCE/2020	2020-05-06
England/NORW-EBBEC/2020	2020-05-06
England/NORW-EBBFB/2020	2020-05-06
England/NORW-EBC07/2020	2020-05-06
England/NORW-EBCAD/2020	2020-05-06
England/NORW-EBD40/2020	2020-05-06
England/NORW-EBDC8/2020	2020-05-06
England/NORW-EBDF5/2020	2020-05-06
England/NORW-EBE10/2020	2020-05-06
England/NORW-EBE6B/2020	2020-05-06
England/NOTT-111153/2020	2020-05-06
England/OXON-B1718/2020	2020-05-06
England/OXON-B2128/2020	2020-05-06
England/PHEC-21E1E/2020	2020-05-06
England/PORT-2CFD5F/2020	2020-05-06
England/PORT-2CFD6E/2020	2020-05-06
England/PORT-2CFD7D/2020	2020-05-06
England/PORT-2CFD8C/2020	2020-05-06
England/PORT-2CFD9B/2020	2020-05-06
England/SHEF-CA9BC/2020	2020-05-06
England/SHEF-CAC77/2020	2020-05-06
England/SHEF-CFCDC/2020	2020-05-06
England/SHEF-D1BAD/2020	2020-05-06
Scotland/CVR3273/2020	2020-05-06
Scotland/CVR3346/2020	2020-05-06
Scotland/CVR3369/2020	2020-05-06
Scotland/CVR3371/2020	2020-05-06
Scotland/CVR3375/2020	2020-05-06
Scotland/CVR3378/2020	2020-05-06
Scotland/CVR3404/2020	2020-05-06
Scotland/CVR3405/2020	2020-05-06
Scotland/CVR3407/2020	2020-05-06
Scotland/CVR3413/2020	2020-05-06
Scotland/EDB4454/2020	2020-05-06
Scotland/EDB4515/2020	2020-05-06
Scotland/EDB4533/2020	2020-05-06
Scotland/EDB4621/2020	2020-05-06
Scotland/EDB4794/2020	2020-05-06
Wales/PHWC-15C74B/2020	2020-05-06
Wales/PHWC-15C981/2020	2020-05-06
Wales/PHWC-15CC79/2020	2020-05-06
Wales/PHWC-15CC97/2020	2020-05-06
Wales/PHWC-15CE73/2020	2020-05-06
Wales/PHWC-15CEBF/2020	2020-05-06
Wales/PHWC-15CFE9/2020	2020-05-06
Wales/PHWC-15D13D/2020	2020-05-06
Wales/PHWC-15D276/2020	2020-05-06
Wales/PHWC-15D285/2020	2020-05-06
Wales/PHWC-15D2A3/2020	2020-05-06
Wales/PHWC-15D2D0/2020	2020-05-06
Wales/PHWC-15D382/2020	2020-05-06
Wales/PHWC-163459/2020	2020-05-06
Wales/PHWC-1634B3/2020	2020-05-06
Wales/PHWC-163617/2020	2020-05-06
Wales/PHWC-16388A/2020	2020-05-06
Wales/PHWC-16392D/2020	2020-05-06
Wales/PHWC-163AB1/2020	2020-05-06
Wales/PHWC-163D4F/2020	2020-05-06
Wales/PHWC-163D6D/2020	2020-05-06
Wales/PHWC-163E79/2020	2020-05-06
Wales/PHWC-163F76/2020	2020-05-06
Wales/PHWC-163FD0/2020	2020-05-06
Wales/PHWC-164027/2020	2020-05-06
Wales/PHWC-164115/2020	2020-05-06
Wales/PHWC-164151/2020	2020-05-06
Wales/PHWC-1641E8/2020	2020-05-06
Wales/PHWC-16427C/2020	2020-05-06
Wales/PHWC-1643A6/2020	2020-05-06
Wales/PHWC-1643D3/2020	2020-05-06
Wales/PHWC-1644D0/2020	2020-05-06
Wales/PHWC-164555/2020	2020-05-06
Wales/PHWC-1645BF/2020	2020-05-06
Wales/PHWC-164625/2020	2020-05-06
Wales/PHWC-164661/2020	2020-05-06
Wales/PHWC-16468F/2020	2020-05-06
England/BIRM-5F767/2020	2020-05-07
England/BRIS-12C4C5/2020	2020-05-07
England/BRIS-12D725/2020	2020-05-07
England/BRIS-12D752/2020	2020-05-07
England/BRIS-12D761/2020	2020-05-07
England/BRIS-12D7AD/2020	2020-05-07
England/BRIS-12D989/2020	2020-05-07
England/BRIS-12D998/2020	2020-05-07
England/BRIS-12D9A7/2020	2020-05-07
England/BRIS-12D9D4/2020	2020-05-07
England/BRIS-12DA1D/2020	2020-05-07
England/BRIS-12DA2C/2020	2020-05-07
England/BRIS-12DA3B/2020	2020-05-07
England/BRIS-12DA4A/2020	2020-05-07
England/BRIS-12DA59/2020	2020-05-07
England/CAMB-1AED39/2020	2020-05-07
England/CAMB-1AEF24/2020	2020-05-07
England/CAMB-1AF56D/2020	2020-05-07
England/CAMB-1B00FF/2020	2020-05-07
England/CAMB-1B0693/2020	2020-05-07
England/CAMB-1B06DF/2020	2020-05-07
England/CAMB-1B0718/2020	2020-05-07
England/CAMB-1B0736/2020	2020-05-07
England/CAMB-1B0745/2020	2020-05-07
England/CAMB-1B0763/2020	2020-05-07
England/CAMB-1B07BE/2020	2020-05-07
England/CAMB-1B07FA/2020	2020-05-07
England/CAMB-1B1155/2020	2020-05-07
England/CAMB-1B1164/2020	2020-05-07
England/CAMB-1B1182/2020	2020-05-07
England/CAMB-1B12F8/2020	2020-05-07
England/CAMB-1B1304/2020	2020-05-07
England/CAMB-1B1340/2020	2020-05-07
England/CAMB-1B13AA/2020	2020-05-07
England/CAMB-1B1814/2020	2020-05-07
England/CAMB-1B188D/2020	2020-05-07
England/CAMB-1B18BA/2020	2020-05-07
England/CAMB-1B18E7/2020	2020-05-07
England/CAMB-1B1B93/2020	2020-05-07
England/CAMB-1B1BC0/2020	2020-05-07
England/CAMB-1B1C27/2020	2020-05-07
England/CAMB-1B1C45/2020	2020-05-07
England/CAMB-1B1CAF/2020	2020-05-07
England/CAMB-1B1CCD/2020	2020-05-07
England/LIVE-9F525/2020	2020-05-07
England/LIVE-9F570/2020	2020-05-07
England/NORT-292001/2020	2020-05-07
England/NORW-EB8B8/2020	2020-05-07
England/NORW-EBA76/2020	2020-05-07
England/NORW-EBAA3/2020	2020-05-07
England/NORW-EBB73/2020	2020-05-07
England/NORW-EBB82/2020	2020-05-07
England/NORW-EBC25/2020	2020-05-07
England/NORW-EBC52/2020	2020-05-07
England/NORW-EBD31/2020	2020-05-07
England/NORW-EC626/2020	2020-05-07
England/NOTT-111074/2020	2020-05-07
England/OXON-B0825/2020	2020-05-07
England/PHEC-21DF3/2020	2020-05-07
England/PHEC-21E69/2020	2020-05-07
England/PHEC-21E78/2020	2020-05-07
England/PHEC-21E87/2020	2020-05-07
England/PHEC-21E96/2020	2020-05-07
England/PHEC-2231E/2020	2020-05-07
England/PORT-2CFCAD/2020	2020-05-07
England/PORT-2CFD04/2020	2020-05-07
England/PORT-2CFEB6/2020	2020-05-07
England/SHEF-C2969/2020	2020-05-07
England/SHEF-C717B/2020	2020-05-07
England/SHEF-C96F2/2020	2020-05-07
Scotland/CVR3379/2020	2020-05-07
Scotland/CVR3381/2020	2020-05-07
Scotland/CVR3382/2020	2020-05-07
Scotland/CVR3383/2020	2020-05-07
Scotland/CVR3386/2020	2020-05-07
Scotland/CVR3387/2020	2020-05-07
Scotland/CVR3406/2020	2020-05-07
Scotland/CVR3408/2020	2020-05-07
Scotland/CVR3409/2020	2020-05-07
Scotland/CVR3410/2020	2020-05-07
Scotland/CVR3411/2020	2020-05-07
Scotland/CVR3415/2020	2020-05-07
Scotland/CVR3416/2020	2020-05-07
Scotland/CVR3417/2020	2020-05-07
Scotland/CVR3420/2020	2020-05-07
Scotland/CVR3421/2020	2020-05-07
Scotland/CVR3422/2020	2020-05-07
Scotland/CVR3423/2020	2020-05-07
Scotland/CVR3424/2020	2020-05-07
Scotland/CVR3426/2020	2020-05-07
Scotland/CVR3427/2020	2020-05-07
Scotland/CVR3428/2020	2020-05-07
Scotland/CVR3436/2020	2020-05-07
Scotland/CVR3440/2020	2020-05-07
Scotland/CVR3441/2020	2020-05-07
Scotland/EDB4598/2020	2020-05-07
Wales/PHWC-15C17A/2020	2020-05-07
Wales/PHWC-15C31A/2020	2020-05-07
Wales/PHWC-15C3B0/2020	2020-05-07
Wales/PHWC-15C4F9/2020	2020-05-07
Wales/PHWC-15C5F6/2020	2020-05-07
Wales/PHWC-15C64E/2020	2020-05-07
Wales/PHWC-15C6A8/2020	2020-05-07
Wales/PHWC-15C7D2/2020	2020-05-07
Wales/PHWC-15C7F0/2020	2020-05-07
Wales/PHWC-15C82A/2020	2020-05-07
Wales/PHWC-15C954/2020	2020-05-07
Wales/PHWC-15CAF7/2020	2020-05-07
Wales/PHWC-15CB21/2020	2020-05-07
Wales/PHWC-15CC88/2020	2020-05-07
Wales/PHWC-15CCC4/2020	2020-05-07
Wales/PHWC-15CCF1/2020	2020-05-07
Wales/PHWC-15CEDD/2020	2020-05-07
Wales/PHWC-15D003/2020	2020-05-07
Wales/PHWC-15D21C/2020	2020-05-07
Wales/PHWC-15D258/2020	2020-05-07
Wales/PHWC-15D2B2/2020	2020-05-07
Wales/PHWC-15D522/2020	2020-05-07
Wales/PHWC-15D795/2020	2020-05-07
Wales/PHWC-1633C5/2020	2020-05-07
Wales/PHWC-16376F/2020	2020-05-07
Wales/PHWC-163899/2020	2020-05-07
Wales/PHWC-1639D2/2020	2020-05-07
Wales/PHWC-163AC0/2020	2020-05-07
Wales/PHWC-163B45/2020	2020-05-07
Wales/PHWC-163D12/2020	2020-05-07
Wales/PHWC-164063/2020	2020-05-07
Wales/PHWC-1641BB/2020	2020-05-07
Wales/PHWC-164212/2020	2020-05-07
Wales/PHWC-16429A/2020	2020-05-07
Wales/PHWC-1642F4/2020	2020-05-07
Wales/PHWC-164300/2020	2020-05-07
Wales/PHWC-1643E2/2020	2020-05-07
Wales/PHWC-1646E9/2020	2020-05-07
Wales/PHWC-164704/2020	2020-05-07
England/BRIS-12B147/2020	2020-05-08
England/BRIS-12BDBC/2020	2020-05-08
England/BRIS-12BDCB/2020	2020-05-08
England/BRIS-12BE22/2020	2020-05-08
England/BRIS-12BE40/2020	2020-05-08
England/BRIS-12BE8C/2020	2020-05-08
England/BRIS-12BF6B/2020	2020-05-08
England/BRIS-12C5FF/2020	2020-05-08
England/BRIS-12D682/2020	2020-05-08
England/BRIS-12D78F/2020	2020-05-08
England/CAMB-1AED48/2020	2020-05-08
England/CAMB-1AF55E/2020	2020-05-08
England/CAMB-1AF5E5/2020	2020-05-08
England/CAMB-1B003B/2020	2020-05-08
England/CAMB-1B0648/2020	2020-05-08
England/CAMB-1B0666/2020	2020-05-08
England/CAMB-1B07EB/2020	2020-05-08
England/CAMB-1B135F/2020	2020-05-08
England/CAMB-1B13C8/2020	2020-05-08
England/CAMB-1B1410/2020	2020-05-08
England/CAMB-1B142F/2020	2020-05-08
England/CAMB-1B143E/2020	2020-05-08
England/CAMB-1B145C/2020	2020-05-08
England/CAMB-1B1498/2020	2020-05-08
England/CAMB-1B1780/2020	2020-05-08
England/NORT-2840E4/2020	2020-05-08
England/NORT-28411E/2020	2020-05-08
England/NORT-292238/2020	2020-05-08
England/NORT-295D52/2020	2020-05-08
England/NORT-295D61/2020	2020-05-08
England/NORW-EB900/2020	2020-05-08
England/NORW-EB91F/2020	2020-05-08
England/NORW-EB9B5/2020	2020-05-08
England/NORW-EBC34/2020	2020-05-08
England/NORW-EBCF8/2020	2020-05-08
England/NORW-EBDB9/2020	2020-05-08
England/NORW-EBDE6/2020	2020-05-08
England/NORW-EBE89/2020	2020-05-08
England/NORW-EC5FC/2020	2020-05-08
England/NORW-EC969/2020	2020-05-08
England/PORT-2CFD40/2020	2020-05-08
England/PORT-2CFDAA/2020	2020-05-08
England/SHEF-C0EB7/2020	2020-05-08
England/SHEF-C21CB/2020	2020-05-08
England/SHEF-C7436/2020	2020-05-08
England/SHEF-C9F15/2020	2020-05-08
England/SHEF-CB3DB/2020	2020-05-08
England/SHEF-CCEF7/2020	2020-05-08
England/SHEF-CDE7E/2020	2020-05-08
England/SHEF-D1FA1/2020	2020-05-08
Scotland/CVR3380/2020	2020-05-08
Scotland/CVR3385/2020	2020-05-08
Scotland/CVR3397/2020	2020-05-08
Scotland/CVR3398/2020	2020-05-08
Scotland/CVR3399/2020	2020-05-08
Scotland/CVR3419/2020	2020-05-08
Scotland/CVR3429/2020	2020-05-08
Scotland/CVR3439/2020	2020-05-08
Scotland/CVR3443/2020	2020-05-08
Scotland/CVR3452/2020	2020-05-08
Scotland/CVR3453/2020	2020-05-08
Scotland/CVR3508/2020	2020-05-08
Scotland/EDB4625/2020	2020-05-08
Scotland/EDB4629/2020	2020-05-08
Scotland/EDB4642/2020	2020-05-08
Scotland/EDB4654/2020	2020-05-08
Scotland/EDB4656/2020	2020-05-08
Scotland/EDB4671/2020	2020-05-08
Scotland/EDB6048/2020	2020-05-08
Wales/PHWC-15C67B/2020	2020-05-08
Wales/PHWC-15CE19/2020	2020-05-08
Wales/PHWC-15CFBC/2020	2020-05-08
Wales/PHWC-15D0C7/2020	2020-05-08
Wales/PHWC-15D452/2020	2020-05-08
Wales/PHWC-15D461/2020	2020-05-08
Wales/PHWC-16341D/2020	2020-05-08
Wales/PHWC-1634E0/2020	2020-05-08
Wales/PHWC-16351A/2020	2020-05-08
Wales/PHWC-163705/2020	2020-05-08
Wales/PHWC-16386C/2020	2020-05-08
Wales/PHWC-1638A8/2020	2020-05-08
Wales/PHWC-16390F/2020	2020-05-08
Wales/PHWC-163BAF/2020	2020-05-08
Wales/PHWC-163DA9/2020	2020-05-08
Wales/PHWC-163DE5/2020	2020-05-08
Wales/PHWC-163ED3/2020	2020-05-08
Wales/PHWC-164009/2020	2020-05-08
Wales/PHWC-164124/2020	2020-05-08
Wales/PHWC-1641D9/2020	2020-05-08
Wales/PHWC-1645A0/2020	2020-05-08
Wales/PHWC-1645FB/2020	2020-05-08
Wales/PHWC-164A0B/2020	2020-05-08
Wales/PHWC-164DF3/2020	2020-05-08
England/BIRM-5F785/2020	2020-05-09
England/BIRM-5FA22/2020	2020-05-09
England/BRIS-12BD8F/2020	2020-05-09
England/BRIS-12BD9E/2020	2020-05-09
England/BRIS-12BE04/2020	2020-05-09
England/BRIS-12BF01/2020	2020-05-09
England/BRIS-12BF10/2020	2020-05-09
England/BRIS-12BF2F/2020	2020-05-09
England/BRIS-12C01C/2020	2020-05-09
England/BRIS-12C076/2020	2020-05-09
England/BRIS-12C085/2020	2020-05-09
England/BRIS-12C094/2020	2020-05-09
England/BRIS-12C0A3/2020	2020-05-09
England/BRIS-12C340/2020	2020-05-09
England/CAMB-1AF58B/2020	2020-05-09
England/CAMB-1B061B/2020	2020-05-09
England/CAMB-1B0639/2020	2020-05-09
England/CAMB-1B0657/2020	2020-05-09
England/CAMB-1B1629/2020	2020-05-09
England/CAMB-1B187E/2020	2020-05-09
England/CAMB-1B1D8E/2020	2020-05-09
England/NORT-292317/2020	2020-05-09
England/NORW-EA1AF/2020	2020-05-09
England/NORW-EAA95/2020	2020-05-09
England/NORW-EAAB3/2020	2020-05-09
England/NORW-EAC08/2020	2020-05-09
England/NOTT-111135/2020	2020-05-09
England/NOTT-1114D2/2020	2020-05-09
England/PHEC-21EA5/2020	2020-05-09
England/SHEF-C288A/2020	2020-05-09
England/SHEF-C86F3/2020	2020-05-09
England/SHEF-CB6E1/2020	2020-05-09
England/SHEF-CD7CE/2020	2020-05-09
Scotland/CVR3389/2020	2020-05-09
Scotland/CVR3390/2020	2020-05-09
Scotland/CVR3392/2020	2020-05-09
Scotland/CVR3393/2020	2020-05-09
Scotland/CVR3394/2020	2020-05-09
Scotland/CVR3395/2020	2020-05-09
Scotland/CVR3396/2020	2020-05-09
Scotland/CVR3400/2020	2020-05-09
Scotland/CVR3402/2020	2020-05-09
Scotland/CVR3445/2020	2020-05-09
Scotland/CVR3447/2020	2020-05-09
Scotland/CVR3448/2020	2020-05-09
Scotland/CVR3449/2020	2020-05-09
Scotland/CVR3454/2020	2020-05-09
Scotland/CVR3460/2020	2020-05-09
Scotland/CVR3732/2020	2020-05-09
Scotland/CVR3733/2020	2020-05-09
Scotland/CVR3736/2020	2020-05-09
Scotland/EDB4672/2020	2020-05-09
Scotland/EDB4682/2020	2020-05-09
Scotland/EDB4705/2020	2020-05-09
Scotland/EDB6062/2020	2020-05-09
Scotland/EDB6064/2020	2020-05-09
Scotland/EDB6065/2020	2020-05-09
Scotland/EDB6066/2020	2020-05-09
Wales/PHWC-15C383/2020	2020-05-09
Wales/PHWC-15C6B7/2020	2020-05-09
Wales/PHWC-15DC1E/2020	2020-05-09
Wales/PHWC-15DC5A/2020	2020-05-09
Wales/PHWC-15E4CA/2020	2020-05-09
Wales/PHWC-163644/2020	2020-05-09
Wales/PHWC-1637AB/2020	2020-05-09
Wales/PHWC-163802/2020	2020-05-09
Wales/PHWC-163811/2020	2020-05-09
Wales/PHWC-1638E4/2020	2020-05-09
Wales/PHWC-163987/2020	2020-05-09
Wales/PHWC-163996/2020	2020-05-09
Wales/PHWC-163A66/2020	2020-05-09
Wales/PHWC-163ADF/2020	2020-05-09
Wales/PHWC-163B63/2020	2020-05-09
Wales/PHWC-163C24/2020	2020-05-09
Wales/PHWC-163CAC/2020	2020-05-09
Wales/PHWC-163D03/2020	2020-05-09
Wales/PHWC-163D21/2020	2020-05-09
Wales/PHWC-163D30/2020	2020-05-09
Wales/PHWC-163E88/2020	2020-05-09
Wales/PHWC-163F49/2020	2020-05-09
Wales/PHWC-163FC1/2020	2020-05-09
Wales/PHWC-164081/2020	2020-05-09
Wales/PHWC-1640BE/2020	2020-05-09
Wales/PHWC-164379/2020	2020-05-09
Wales/PHWC-1644A3/2020	2020-05-09
Wales/PHWC-164528/2020	2020-05-09
Wales/PHWC-164634/2020	2020-05-09
Wales/PHWC-164713/2020	2020-05-09
England/BIRM-5EEFA/2020	2020-05-10
England/BIRM-5F58B/2020	2020-05-10
England/BIRM-5F5D6/2020	2020-05-10
England/BIRM-5F846/2020	2020-05-10
England/BRIS-12B192/2020	2020-05-10
England/BRIS-12B1A1/2020	2020-05-10
England/BRIS-12C00D/2020	2020-05-10
England/BRIS-12C03A/2020	2020-05-10
England/BRIS-12C049/2020	2020-05-10
England/BRIS-12C058/2020	2020-05-10
England/BRIS-12C067/2020	2020-05-10
England/BRIS-12C0B2/2020	2020-05-10
England/BRIS-12C128/2020	2020-05-10
England/BRIS-12C137/2020	2020-05-10
England/BRIS-12C1BF/2020	2020-05-10
England/BRIS-12C225/2020	2020-05-10
England/BRIS-12C331/2020	2020-05-10
England/BRIS-12C37D/2020	2020-05-10
England/CAMB-1AEDC0/2020	2020-05-10
England/CAMB-1AEDDF/2020	2020-05-10
England/CAMB-1B06A2/2020	2020-05-10
England/CAMB-1B06B1/2020	2020-05-10
England/CAMB-1B17CC/2020	2020-05-10
England/CAMB-1B17EA/2020	2020-05-10
England/CAMB-1B1841/2020	2020-05-10
England/CAMB-1B1C90/2020	2020-05-10
England/CAMB-1B1CBE/2020	2020-05-10
England/EXET-1376D0/2020	2020-05-10
England/NORT-29239F/2020	2020-05-10
England/NORW-EAA86/2020	2020-05-10
England/NORW-EAB74/2020	2020-05-10
England/NORW-EAC26/2020	2020-05-10
England/NORW-EC653/2020	2020-05-10
England/NORW-EC6DB/2020	2020-05-10
England/PHEC-21F39/2020	2020-05-10
England/SHEF-C11AE/2020	2020-05-10
England/SHEF-C6BE7/2020	2020-05-10
England/SHEF-C8259/2020	2020-05-10
England/SHEF-C82C2/2020	2020-05-10
England/SHEF-C89CD/2020	2020-05-10
England/SHEF-CC783/2020	2020-05-10
England/SHEF-CD227/2020	2020-05-10
England/SHEF-CDCDE/2020	2020-05-10
England/SHEF-CE226/2020	2020-05-10
England/SHEF-CE709/2020	2020-05-10
England/SHEF-CEC73/2020	2020-05-10
Scotland/CVR3450/2020	2020-05-10
Scotland/CVR3451/2020	2020-05-10
Scotland/CVR3455/2020	2020-05-10
Scotland/CVR3456/2020	2020-05-10
Scotland/CVR3457/2020	2020-05-10
Scotland/CVR3458/2020	2020-05-10
Scotland/CVR3459/2020	2020-05-10
Scotland/CVR3463/2020	2020-05-10
Scotland/CVR3739/2020	2020-05-10
Scotland/CVR3742/2020	2020-05-10
Scotland/CVR3744/2020	2020-05-10
Scotland/EDB4738/2020	2020-05-10
Scotland/EDB4745/2020	2020-05-10
Scotland/EDB4755/2020	2020-05-10
Scotland/EDB4756/2020	2020-05-10
Scotland/EDB6070/2020	2020-05-10
Wales/PHWC-15D59B/2020	2020-05-10
Wales/PHWC-15D64D/2020	2020-05-10
Wales/PHWC-15D7D1/2020	2020-05-10
Wales/PHWC-15DA05/2020	2020-05-10
Wales/PHWC-15DD75/2020	2020-05-10
Wales/PHWC-15E15A/2020	2020-05-10
Wales/PHWC-15E600/2020	2020-05-10
Wales/PHWC-15E8A0/2020	2020-05-10
Wales/PHWC-1633D4/2020	2020-05-10
Wales/PHWC-1633F2/2020	2020-05-10
Wales/PHWC-163468/2020	2020-05-10
Wales/PHWC-1635DE/2020	2020-05-10
Wales/PHWC-1638D5/2020	2020-05-10
Wales/PHWC-1639C3/2020	2020-05-10
Wales/PHWC-163D5E/2020	2020-05-10
Wales/PHWC-164018/2020	2020-05-10
Wales/PHWC-164133/2020	2020-05-10
Wales/PHWC-164397/2020	2020-05-10
Wales/PHWC-16443A/2020	2020-05-10
Wales/PHWC-1645EC/2020	2020-05-10
Wales/PHWC-164607/2020	2020-05-10
Wales/PHWC-164643/2020	2020-05-10
England/BIRM-5F4CA/2020	2020-05-11
England/BIRM-5F4F7/2020	2020-05-11
England/BIRM-5F503/2020	2020-05-11
England/BIRM-5F512/2020	2020-05-11
England/BIRM-5F54F/2020	2020-05-11
England/BIRM-5F794/2020	2020-05-11
England/BIRM-5F7A3/2020	2020-05-11
England/BIRM-5F7B2/2020	2020-05-11
England/BRIS-12B1B0/2020	2020-05-11
England/BRIS-12BFE3/2020	2020-05-11
England/BRIS-12C173/2020	2020-05-11
England/BRIS-12C1FB/2020	2020-05-11
England/BRIS-12C216/2020	2020-05-11
England/BRIS-12C38C/2020	2020-05-11
England/BRIS-12C3AA/2020	2020-05-11
England/BRIS-12C3B9/2020	2020-05-11
England/BRIS-12C3C8/2020	2020-05-11
England/BRIS-12C43E/2020	2020-05-11
England/CAMB-1AEDEE/2020	2020-05-11
England/CAMB-1AEE54/2020	2020-05-11
England/CAMB-1B04D5/2020	2020-05-11
England/CAMB-1B09E5/2020	2020-05-11
England/CAMB-1B0B1C/2020	2020-05-11
England/CAMB-1B0B3A/2020	2020-05-11
England/CAMB-1B0BA3/2020	2020-05-11
England/CAMB-1B0CEC/2020	2020-05-11
England/CAMB-1B0D16/2020	2020-05-11
England/CAMB-1B0D34/2020	2020-05-11
England/CAMB-1B0E8C/2020	2020-05-11
England/CAMB-1B0EF5/2020	2020-05-11
England/CAMB-1B21EB/2020	2020-05-11
England/NORT-28597F/2020	2020-05-11
England/NORT-28C064/2020	2020-05-11
England/NORT-28C116/2020	2020-05-11
England/NORW-EAA77/2020	2020-05-11
England/NORW-EAB92/2020	2020-05-11
England/NORW-EABB0/2020	2020-05-11
England/NORW-EAC35/2020	2020-05-11
England/NORW-EACCC/2020	2020-05-11
England/NORW-EC6BD/2020	2020-05-11
England/NORW-EC705/2020	2020-05-11
England/NORW-EC78D/2020	2020-05-11
England/NOTT-1112F6/2020	2020-05-11
England/SHEF-C1ED4/2020	2020-05-11
England/SHEF-C2046/2020	2020-05-11
England/SHEF-C3C14/2020	2020-05-11
England/SHEF-C6491/2020	2020-05-11
England/SHEF-C69FC/2020	2020-05-11
England/SHEF-C9610/2020	2020-05-11
England/SHEF-C9E54/2020	2020-05-11
England/SHEF-CCA99/2020	2020-05-11
England/SHEF-CE3D8/2020	2020-05-11
England/SHEF-CE88E/2020	2020-05-11
England/SHEF-D03B5/2020	2020-05-11
England/WSFT-25C1A5D/2020	2020-05-11
Scotland/CVR3461/2020	2020-05-11
Scotland/CVR3462/2020	2020-05-11
Scotland/CVR3464/2020	2020-05-11
Scotland/CVR3465/2020	2020-05-11
Scotland/CVR3467/2020	2020-05-11
Scotland/CVR3468/2020	2020-05-11
Scotland/CVR3469/2020	2020-05-11
Scotland/CVR3470/2020	2020-05-11
Scotland/CVR3471/2020	2020-05-11
Scotland/CVR3472/2020	2020-05-11
Scotland/CVR3476/2020	2020-05-11
Scotland/CVR3477/2020	2020-05-11
Scotland/CVR3478/2020	2020-05-11
Scotland/CVR3479/2020	2020-05-11
Scotland/CVR3480/2020	2020-05-11
Scotland/CVR3527/2020	2020-05-11
Scotland/CVR3528/2020	2020-05-11
Scotland/EDB6078/2020	2020-05-11
Scotland/EDB6081/2020	2020-05-11
Scotland/EDB6085/2020	2020-05-11
Wales/PHWC-15D57D/2020	2020-05-11
Wales/PHWC-15D610/2020	2020-05-11
Wales/PHWC-15D62F/2020	2020-05-11
Wales/PHWC-15D67A/2020	2020-05-11
Wales/PHWC-15D698/2020	2020-05-11
Wales/PHWC-15D73B/2020	2020-05-11
Wales/PHWC-15D74A/2020	2020-05-11
Wales/PHWC-15D8DE/2020	2020-05-11
Wales/PHWC-15D962/2020	2020-05-11
Wales/PHWC-15D971/2020	2020-05-11
Wales/PHWC-15D9F9/2020	2020-05-11
Wales/PHWC-15DB3F/2020	2020-05-11
Wales/PHWC-15DBB7/2020	2020-05-11
Wales/PHWC-15DE81/2020	2020-05-11
Wales/PHWC-15DECD/2020	2020-05-11
Wales/PHWC-15DF06/2020	2020-05-11
Wales/PHWC-15DF9D/2020	2020-05-11
Wales/PHWC-15E07B/2020	2020-05-11
Wales/PHWC-15E0E4/2020	2020-05-11
Wales/PHWC-15E21B/2020	2020-05-11
Wales/PHWC-15E266/2020	2020-05-11
Wales/PHWC-15E354/2020	2020-05-11
Wales/PHWC-15E54F/2020	2020-05-11
Wales/PHWC-15E6C4/2020	2020-05-11
Wales/PHWC-15E6D3/2020	2020-05-11
Wales/PHWC-15E6F1/2020	2020-05-11
Wales/PHWC-15E73A/2020	2020-05-11
Wales/PHWC-15E864/2020	2020-05-11
Wales/PHWC-15E8DD/2020	2020-05-11
Wales/PHWC-16241E/2020	2020-05-11
Wales/PHWC-163398/2020	2020-05-11
Wales/PHWC-1634A4/2020	2020-05-11
Wales/PHWC-16350B/2020	2020-05-11
Wales/PHWC-163547/2020	2020-05-11
Wales/PHWC-1637E7/2020	2020-05-11
Wales/PHWC-163978/2020	2020-05-11
Wales/PHWC-163D9A/2020	2020-05-11
Wales/PHWC-163E3D/2020	2020-05-11
Wales/PHWC-1640EB/2020	2020-05-11
Wales/PHWC-16428B/2020	2020-05-11
Wales/PHWC-1643F1/2020	2020-05-11
Wales/PHWC-1645DD/2020	2020-05-11
Wales/PHWC-1646AD/2020	2020-05-11
Wales/PHWC-1648C5/2020	2020-05-11
Wales/PHWC-164A92/2020	2020-05-11
Wales/PHWC-164AB0/2020	2020-05-11
Wales/PHWC-164CD8/2020	2020-05-11
Wales/PHWC-16528A/2020	2020-05-11
Wales/PHWC-165396/2020	2020-05-11
Wales/PHWC-165563/2020	2020-05-11
England/BIRM-5F4E8/2020	2020-05-12
England/BIRM-5F7C1/2020	2020-05-12
England/BRIS-12C3F5/2020	2020-05-12
England/BRIS-12C45C/2020	2020-05-12
England/BRIS-12C498/2020	2020-05-12
England/BRIS-12C5B3/2020	2020-05-12
England/BRIS-12C5D1/2020	2020-05-12
England/BRIS-12C726/2020	2020-05-12
England/BRIS-12C850/2020	2020-05-12
England/CAMB-1B0AB5/2020	2020-05-12
England/CAMB-1B0C73/2020	2020-05-12
England/CAMB-1B0C91/2020	2020-05-12
England/CAMB-1B0CA0/2020	2020-05-12
England/CAMB-1B0CBF/2020	2020-05-12
England/CAMB-1B0CDD/2020	2020-05-12
England/CAMB-1B0CFB/2020	2020-05-12
England/CAMB-1B0E6E/2020	2020-05-12
England/CAMB-1B238B/2020	2020-05-12
England/NORT-28C1DA/2020	2020-05-12
England/NORT-28C26E/2020	2020-05-12
England/NORW-EA224/2020	2020-05-12
England/NORW-EC389/2020	2020-05-12
England/NORW-EC4FF/2020	2020-05-12
England/NORW-EC529/2020	2020-05-12
England/NORW-EC7AB/2020	2020-05-12
England/NORW-EC7E7/2020	2020-05-12
England/NORW-EC802/2020	2020-05-12
England/NOTT-11134E/2020	2020-05-12
England/NOTT-11135D/2020	2020-05-12
England/PHEC-21F48/2020	2020-05-12
England/SHEF-C783A/2020	2020-05-12
England/SHEF-C7A52/2020	2020-05-12
England/SHEF-C7A9E/2020	2020-05-12
England/SHEF-CAF41/2020	2020-05-12
England/SHEF-CC8DB/2020	2020-05-12
England/SHEF-D08D4/2020	2020-05-12
England/WSFT-25C17A1/2020	2020-05-12
Scotland/CVR3473/2020	2020-05-12
Scotland/CVR3474/2020	2020-05-12
Scotland/CVR3481/2020	2020-05-12
Scotland/CVR3482/2020	2020-05-12
Scotland/CVR3484/2020	2020-05-12
Scotland/CVR3486/2020	2020-05-12
Scotland/CVR3488/2020	2020-05-12
Scotland/CVR3489/2020	2020-05-12
Scotland/CVR3496/2020	2020-05-12
Scotland/CVR3497/2020	2020-05-12
Scotland/CVR3510/2020	2020-05-12
Scotland/CVR3512/2020	2020-05-12
Scotland/CVR3513/2020	2020-05-12
Scotland/CVR3517/2020	2020-05-12
Scotland/CVR3518/2020	2020-05-12
Scotland/CVR3519/2020	2020-05-12
Scotland/EDB4800/2020	2020-05-12
Scotland/EDB4822/2020	2020-05-12
Scotland/EDB4850/2020	2020-05-12
Scotland/EDB6088/2020	2020-05-12
Scotland/EDB6090/2020	2020-05-12
Scotland/EDB6094/2020	2020-05-12
Scotland/EDB6096/2020	2020-05-12
Scotland/EDB6098/2020	2020-05-12
Scotland/EDB6099/2020	2020-05-12
Scotland/EDB6100/2020	2020-05-12
Scotland/EDB6108/2020	2020-05-12
Scotland/EDB6109/2020	2020-05-12
Scotland/EDB6568/2020	2020-05-12
Scotland/EDB6582/2020	2020-05-12
Scotland/EDB6583/2020	2020-05-12
Scotland/EDB6585/2020	2020-05-12
Wales/PHWC-15D56E/2020	2020-05-12
Wales/PHWC-15D58C/2020	2020-05-12
Wales/PHWC-15D5E6/2020	2020-05-12
Wales/PHWC-15D70E/2020	2020-05-12
Wales/PHWC-15D829/2020	2020-05-12
Wales/PHWC-15D892/2020	2020-05-12
Wales/PHWC-15D935/2020	2020-05-12
Wales/PHWC-15D9DB/2020	2020-05-12
Wales/PHWC-15DAC9/2020	2020-05-12
Wales/PHWC-15DBD5/2020	2020-05-12
Wales/PHWC-15DE27/2020	2020-05-12
Wales/PHWC-15DE36/2020	2020-05-12
Wales/PHWC-15DE45/2020	2020-05-12
Wales/PHWC-15DE72/2020	2020-05-12
Wales/PHWC-15DEAF/2020	2020-05-12
Wales/PHWC-15DEFA/2020	2020-05-12
Wales/PHWC-15DF60/2020	2020-05-12
Wales/PHWC-15E06C/2020	2020-05-12
Wales/PHWC-15E099/2020	2020-05-12
Wales/PHWC-15E10F/2020	2020-05-12
Wales/PHWC-15E20C/2020	2020-05-12
Wales/PHWC-15E2C0/2020	2020-05-12
Wales/PHWC-15E2DF/2020	2020-05-12
Wales/PHWC-15E309/2020	2020-05-12
Wales/PHWC-15E3DC/2020	2020-05-12
Wales/PHWC-15E3EB/2020	2020-05-12
Wales/PHWC-15E460/2020	2020-05-12
Wales/PHWC-15E4AC/2020	2020-05-12
Wales/PHWC-15E4F7/2020	2020-05-12
Wales/PHWC-15E530/2020	2020-05-12
Wales/PHWC-15E7D0/2020	2020-05-12
Wales/PHWC-15E9BC/2020	2020-05-12
Wales/PHWC-1637BA/2020	2020-05-12
Wales/PHWC-163A93/2020	2020-05-12
Wales/PHWC-163B72/2020	2020-05-12
Wales/PHWC-163C06/2020	2020-05-12
Wales/PHWC-16469E/2020	2020-05-12
England/BIRM-5F837/2020	2020-05-13
England/BIRM-5F864/2020	2020-05-13
England/BIRM-5F873/2020	2020-05-13
England/BRIS-12B1FC/2020	2020-05-13
England/BRIS-12B208/2020	2020-05-13
England/BRIS-12C4D4/2020	2020-05-13
England/BRIS-12C60B/2020	2020-05-13
England/BRIS-12C656/2020	2020-05-13
England/BRIS-12C6FC/2020	2020-05-13
England/BRIS-12C86F/2020	2020-05-13
England/BRIS-12C87E/2020	2020-05-13
England/BRIS-12C911/2020	2020-05-13
England/CAMB-1B0AA6/2020	2020-05-13
England/CAMB-1B0B94/2020	2020-05-13
England/CAMB-1B0C0A/2020	2020-05-13
England/CAMB-1B0C64/2020	2020-05-13
England/CAMB-1B179F/2020	2020-05-13
England/CAMB-1B1920/2020	2020-05-13
England/CAMB-1B194E/2020	2020-05-13
England/CAMB-1B195D/2020	2020-05-13
England/CAMB-1B19D5/2020	2020-05-13
England/CAMB-1B19E4/2020	2020-05-13
England/CAMB-1B28D7/2020	2020-05-13
England/CAMB-1B29A7/2020	2020-05-13
England/CAMB-1B29C5/2020	2020-05-13
England/LIVE-9F5DA/2020	2020-05-13
England/NORT-28C389/2020	2020-05-13
England/NORT-292678/2020	2020-05-13
England/NORW-EA154/2020	2020-05-13
England/NORW-EA1BE/2020	2020-05-13
England/NORW-EA3F4/2020	2020-05-13
England/NORW-EC85D/2020	2020-05-13
England/NORW-EC87B/2020	2020-05-13
England/NOTT-11137B/2020	2020-05-13
England/SHEF-C7F26/2020	2020-05-13
England/SHEF-C9540/2020	2020-05-13
England/SHEF-CACD1/2020	2020-05-13
England/SHEF-CBB6A/2020	2020-05-13
England/SHEF-CE235/2020	2020-05-13
England/SHEF-CE806/2020	2020-05-13
England/SHEF-D3464/2020	2020-05-13
England/WSFT-25C1A11/2020	2020-05-13
Scotland/CVR3490/2020	2020-05-13
Scotland/CVR3509/2020	2020-05-13
Scotland/CVR3514/2020	2020-05-13
Scotland/CVR3515/2020	2020-05-13
Scotland/CVR3516/2020	2020-05-13
Scotland/CVR3521/2020	2020-05-13
Scotland/CVR3523/2020	2020-05-13
Scotland/CVR3524/2020	2020-05-13
Scotland/CVR3532/2020	2020-05-13
Scotland/CVR3539/2020	2020-05-13
Scotland/CVR3547/2020	2020-05-13
Scotland/CVR3548/2020	2020-05-13
Scotland/CVR3601/2020	2020-05-13
Scotland/EDB4875/2020	2020-05-13
Scotland/EDB4881/2020	2020-05-13
Scotland/EDB4882/2020	2020-05-13
Scotland/EDB4890/2020	2020-05-13
Scotland/EDB6113/2020	2020-05-13
Scotland/EDB6118/2020	2020-05-13
Scotland/EDB6120/2020	2020-05-13
Scotland/EDB6121/2020	2020-05-13
Scotland/EDB6123/2020	2020-05-13
Scotland/EDB6124/2020	2020-05-13
Scotland/EDB6127/2020	2020-05-13
Scotland/EDB6128/2020	2020-05-13
Scotland/EDB6131/2020	2020-05-13
Wales/PHWC-15D759/2020	2020-05-13
Wales/PHWC-15D8B0/2020	2020-05-13
Wales/PHWC-15D8CF/2020	2020-05-13
Wales/PHWC-15D917/2020	2020-05-13
Wales/PHWC-15D9EA/2020	2020-05-13
Wales/PHWC-15DA14/2020	2020-05-13
Wales/PHWC-15DA23/2020	2020-05-13
Wales/PHWC-15DA32/2020	2020-05-13
Wales/PHWC-15DABA/2020	2020-05-13
Wales/PHWC-15DAF6/2020	2020-05-13
Wales/PHWC-15DB7B/2020	2020-05-13
Wales/PHWC-15DC3C/2020	2020-05-13
Wales/PHWC-15DC87/2020	2020-05-13
Wales/PHWC-15DDB1/2020	2020-05-13
Wales/PHWC-15E011/2020	2020-05-13
Wales/PHWC-15E0C6/2020	2020-05-13
Wales/PHWC-15E0F3/2020	2020-05-13
Wales/PHWC-15E178/2020	2020-05-13
Wales/PHWC-15E187/2020	2020-05-13
Wales/PHWC-15E1E1/2020	2020-05-13
Wales/PHWC-15E345/2020	2020-05-13
Wales/PHWC-15E372/2020	2020-05-13
Wales/PHWC-15E381/2020	2020-05-13
Wales/PHWC-15E415/2020	2020-05-13
Wales/PHWC-15E48E/2020	2020-05-13
Wales/PHWC-15E56D/2020	2020-05-13
Wales/PHWC-15E64C/2020	2020-05-13
Wales/PHWC-15E66A/2020	2020-05-13
Wales/PHWC-15E697/2020	2020-05-13
Wales/PHWC-15E819/2020	2020-05-13
Wales/PHWC-15E855/2020	2020-05-13
Wales/PHWC-15E873/2020	2020-05-13
Wales/PHWC-15E970/2020	2020-05-13
Wales/PHWC-16243C/2020	2020-05-13
Wales/PHWC-1625A2/2020	2020-05-13
Wales/PHWC-1626EB/2020	2020-05-13
Wales/PHWC-162A2B/2020	2020-05-13
Wales/PHWC-162A67/2020	2020-05-13
Wales/PHWC-162AD0/2020	2020-05-13
Wales/PHWC-162C43/2020	2020-05-13
Wales/PHWC-1630A0/2020	2020-05-13
England/BIRM-5F56D/2020	2020-05-14
England/BIRM-5F5B8/2020	2020-05-14
England/BIRM-5F9BC/2020	2020-05-14
England/BIRM-5F9E9/2020	2020-05-14
England/BRIS-12B1DE/2020	2020-05-14
England/BRIS-12BB3A/2020	2020-05-14
England/BRIS-12BBD0/2020	2020-05-14
England/BRIS-12C53B/2020	2020-05-14
England/BRIS-12C586/2020	2020-05-14
England/BRIS-12C647/2020	2020-05-14
England/BRIS-12C683/2020	2020-05-14
England/BRIS-12C6DE/2020	2020-05-14
England/BRIS-12C920/2020	2020-05-14
England/BRIS-12CD06/2020	2020-05-14
England/BRIS-12CD7F/2020	2020-05-14
England/CAMB-1AFCFF/2020	2020-05-14
England/CAMB-1B196C/2020	2020-05-14
England/CAMB-1B1A5A/2020	2020-05-14
England/HECH-259A194/2020	2020-05-14
England/NORT-292739/2020	2020-05-14
England/NORW-EA190/2020	2020-05-14
England/NORW-EA251/2020	2020-05-14
England/NORW-EA27F/2020	2020-05-14
England/NORW-EA497/2020	2020-05-14
England/OXON-B0D26/2020	2020-05-14
England/PORT-2CF8C7/2020	2020-05-14
England/SHEF-C26AE/2020	2020-05-14
England/SHEF-CD53D/2020	2020-05-14
Scotland/CVR3525/2020	2020-05-14
Scotland/CVR3526/2020	2020-05-14
Scotland/CVR3529/2020	2020-05-14
Scotland/CVR3530/2020	2020-05-14
Scotland/CVR3531/2020	2020-05-14
Scotland/CVR3534/2020	2020-05-14
Scotland/CVR3535/2020	2020-05-14
Scotland/CVR3536/2020	2020-05-14
Scotland/CVR3537/2020	2020-05-14
Scotland/CVR3538/2020	2020-05-14
Scotland/CVR3603/2020	2020-05-14
Scotland/CVR3609/2020	2020-05-14
Scotland/EDB6147/2020	2020-05-14
Scotland/EDB6148/2020	2020-05-14
Scotland/EDB6152/2020	2020-05-14
Scotland/EDB6153/2020	2020-05-14
Scotland/EDB6160/2020	2020-05-14
Scotland/EDB6569/2020	2020-05-14
Wales/PHWC-15D8FC/2020	2020-05-14
Wales/PHWC-15D9CC/2020	2020-05-14
Wales/PHWC-15DBA8/2020	2020-05-14
Wales/PHWC-15DBE4/2020	2020-05-14
Wales/PHWC-15DC2D/2020	2020-05-14
Wales/PHWC-15DD2A/2020	2020-05-14
Wales/PHWC-15DE90/2020	2020-05-14
Wales/PHWC-15DEEB/2020	2020-05-14
Wales/PHWC-15E318/2020	2020-05-14
Wales/PHWC-15E3AF/2020	2020-05-14
Wales/PHWC-15E3BE/2020	2020-05-14
Wales/PHWC-15E58B/2020	2020-05-14
Wales/PHWC-15E70D/2020	2020-05-14
Wales/PHWC-15E7FE/2020	2020-05-14
Wales/PHWC-160C18/2020	2020-05-14
Wales/PHWC-162706/2020	2020-05-14
Wales/PHWC-162C52/2020	2020-05-14
Wales/PHWC-163046/2020	2020-05-14
Wales/PHWC-16329B/2020	2020-05-14
England/BIRM-5F882/2020	2020-05-15
England/BIRM-60FD4/2020	2020-05-15
England/BRIS-12BC37/2020	2020-05-15
England/BRIS-12BCA0/2020	2020-05-15
England/BRIS-12CD15/2020	2020-05-15
England/BRIS-12CD24/2020	2020-05-15
England/BRIS-12CD42/2020	2020-05-15
England/BRIS-12CD51/2020	2020-05-15
England/CAMB-1AFCB3/2020	2020-05-15
England/CAMB-1AFCD1/2020	2020-05-15
England/CAMB-1B17BD/2020	2020-05-15
England/CAMB-1B1B2A/2020	2020-05-15
England/CAMB-1B246A/2020	2020-05-15
England/CAMB-1B2488/2020	2020-05-15
England/CAMB-1B2594/2020	2020-05-15
England/CAMB-1B25B2/2020	2020-05-15
England/CAMB-1B2A4A/2020	2020-05-15
England/HECH-2599FF5/2020	2020-05-15
England/HECH-259A02E/2020	2020-05-15
England/NORT-28C5DE/2020	2020-05-15
England/NORT-28C69F/2020	2020-05-15
England/NORT-28C705/2020	2020-05-15
England/NORT-28C79C/2020	2020-05-15
England/NOTT-1113D5/2020	2020-05-15
England/PHEC-220BD/2020	2020-05-15
England/SHEF-C590C/2020	2020-05-15
England/SHEF-C6D78/2020	2020-05-15
England/SHEF-D1606/2020	2020-05-15
Scotland/CVR3542/2020	2020-05-15
Scotland/CVR3543/2020	2020-05-15
Scotland/CVR3544/2020	2020-05-15
Scotland/CVR3549/2020	2020-05-15
Scotland/CVR3550/2020	2020-05-15
Scotland/CVR3551/2020	2020-05-15
Scotland/CVR3554/2020	2020-05-15
Scotland/CVR3567/2020	2020-05-15
Scotland/CVR3610/2020	2020-05-15
Scotland/EDB4990/2020	2020-05-15
Scotland/EDB6164/2020	2020-05-15
Scotland/EDB6165/2020	2020-05-15
Scotland/EDB6167/2020	2020-05-15
Scotland/EDB6168/2020	2020-05-15
Wales/PHWC-15D65C/2020	2020-05-15
Wales/PHWC-15D689/2020	2020-05-15
Wales/PHWC-15D865/2020	2020-05-15
Wales/PHWC-15D874/2020	2020-05-15
Wales/PHWC-15D8A1/2020	2020-05-15
Wales/PHWC-15DAD8/2020	2020-05-15
Wales/PHWC-15DB6C/2020	2020-05-15
Wales/PHWC-15DCC3/2020	2020-05-15
Wales/PHWC-15DD1B/2020	2020-05-15
Wales/PHWC-15DDA2/2020	2020-05-15
Wales/PHWC-15E020/2020	2020-05-15
Wales/PHWC-15E05D/2020	2020-05-15
Wales/PHWC-15E327/2020	2020-05-15
Wales/PHWC-15E363/2020	2020-05-15
Wales/PHWC-15E4BB/2020	2020-05-15
Wales/PHWC-15E61F/2020	2020-05-15
Wales/PHWC-15E80A/2020	2020-05-15
Wales/PHWC-1600D0/2020	2020-05-15
Wales/PHWC-1601BF/2020	2020-05-15
Wales/PHWC-1603C8/2020	2020-05-15
Wales/PHWC-160B1B/2020	2020-05-15
Wales/PHWC-160CDC/2020	2020-05-15
Wales/PHWC-1625EE/2020	2020-05-15
Wales/PHWC-16278E/2020	2020-05-15
Wales/PHWC-16286D/2020	2020-05-15
Wales/PHWC-162E6B/2020	2020-05-15
Wales/PHWC-163204/2020	2020-05-15
Wales/PHWC-163231/2020	2020-05-15
Wales/PHWC-1654DF/2020	2020-05-15
England/BIRM-5F4D9/2020	2020-05-16
England/BIRM-5F970/2020	2020-05-16
England/BIRM-5F98F/2020	2020-05-16
England/BIRM-5F99E/2020	2020-05-16
England/BIRM-5FDCF/2020	2020-05-16
England/BIRM-60FF2/2020	2020-05-16
England/BRIS-12BB58/2020	2020-05-16
England/BRIS-12BB94/2020	2020-05-16
England/BRIS-12BBA3/2020	2020-05-16
England/BRIS-12BBC1/2020	2020-05-16
England/BRIS-12BBEF/2020	2020-05-16
England/BRIS-12BBFE/2020	2020-05-16
England/BRIS-12BC0A/2020	2020-05-16
England/BRIS-12BD07/2020	2020-05-16
England/CAMB-1B25C1/2020	2020-05-16
England/CAMB-1B2B1A/2020	2020-05-16
England/NORT-28C7D8/2020	2020-05-16
England/NORT-28C7E7/2020	2020-05-16
England/NORT-28C86C/2020	2020-05-16
England/NORT-28C899/2020	2020-05-16
England/NORT-28C8C6/2020	2020-05-16
England/NORW-EAA4A/2020	2020-05-16
Scotland/CVR3553/2020	2020-05-16
Scotland/CVR3555/2020	2020-05-16
Scotland/CVR3556/2020	2020-05-16
Scotland/CVR3557/2020	2020-05-16
Scotland/CVR3558/2020	2020-05-16
Scotland/CVR3560/2020	2020-05-16
Scotland/CVR3561/2020	2020-05-16
Scotland/CVR3562/2020	2020-05-16
Scotland/CVR3563/2020	2020-05-16
Scotland/CVR3564/2020	2020-05-16
Scotland/CVR3565/2020	2020-05-16
Scotland/CVR3568/2020	2020-05-16
Scotland/CVR3793/2020	2020-05-16
Scotland/CVR3804/2020	2020-05-16
Scotland/EDB6174/2020	2020-05-16
Scotland/EDB6176/2020	2020-05-16
Scotland/EDB6178/2020	2020-05-16
Scotland/EDB6180/2020	2020-05-16
Wales/PHWC-15D9BD/2020	2020-05-16
Wales/PHWC-15E11E/2020	2020-05-16
Wales/PHWC-15E169/2020	2020-05-16
Wales/PHWC-15E5D6/2020	2020-05-16
Wales/PHWC-15FF7D/2020	2020-05-16
Wales/PHWC-160225/2020	2020-05-16
Wales/PHWC-160498/2020	2020-05-16
Wales/PHWC-1605FF/2020	2020-05-16
Wales/PHWC-160C09/2020	2020-05-16
Wales/PHWC-160CCD/2020	2020-05-16
Wales/PHWC-1629D3/2020	2020-05-16
Wales/PHWC-162D7D/2020	2020-05-16
Wales/PHWC-162F3B/2020	2020-05-16
Wales/PHWC-1631AD/2020	2020-05-16
Wales/PHWC-164959/2020	2020-05-16
Wales/PHWC-164A83/2020	2020-05-16
Wales/PHWC-164CE7/2020	2020-05-16
England/BIRM-5F8A0/2020	2020-05-17
England/BRIS-12B235/2020	2020-05-17
England/BRIS-12B244/2020	2020-05-17
England/BRIS-12B9C7/2020	2020-05-17
England/BRIS-12BA79/2020	2020-05-17
England/BRIS-12BB1C/2020	2020-05-17
England/NORT-28C978/2020	2020-05-17
England/NORT-28C9A5/2020	2020-05-17
England/NORT-295D70/2020	2020-05-17
England/NORT-295DAD/2020	2020-05-17
England/NORT-295DCB/2020	2020-05-17
England/NORW-EA8D7/2020	2020-05-17
Scotland/CVR3569/2020	2020-05-17
Scotland/CVR3570/2020	2020-05-17
Scotland/CVR3572/2020	2020-05-17
Scotland/CVR3578/2020	2020-05-17
Scotland/CVR3584/2020	2020-05-17
Scotland/CVR3585/2020	2020-05-17
Scotland/EDB5123/2020	2020-05-17
Scotland/EDB6184/2020	2020-05-17
Wales/PHWC-15DEDC/2020	2020-05-17
Wales/PHWC-15E749/2020	2020-05-17
Wales/PHWC-15E767/2020	2020-05-17
Wales/PHWC-15FFD7/2020	2020-05-17
Wales/PHWC-160586/2020	2020-05-17
Wales/PHWC-16097B/2020	2020-05-17
Wales/PHWC-1627CA/2020	2020-05-17
Wales/PHWC-162E89/2020	2020-05-17
Wales/PHWC-1630BF/2020	2020-05-17
Wales/PHWC-1647AA/2020	2020-05-17
Wales/PHWC-16486B/2020	2020-05-17
Wales/PHWC-164A38/2020	2020-05-17
Wales/PHWC-164C50/2020	2020-05-17
Wales/PHWC-164F93/2020	2020-05-17
Wales/PHWC-16519C/2020	2020-05-17
Wales/PHWC-1654EE/2020	2020-05-17
Wales/PHWC-1654FD/2020	2020-05-17
England/BRIS-12B262/2020	2020-05-18
England/BRIS-12B88E/2020	2020-05-18
England/BRIS-12B8D9/2020	2020-05-18
England/BRIS-12B8E8/2020	2020-05-18
England/BRIS-12B8F7/2020	2020-05-18
England/BRIS-12B912/2020	2020-05-18
England/BRIS-12B96D/2020	2020-05-18
England/BRIS-12BA4C/2020	2020-05-18
England/BRIS-12BA5B/2020	2020-05-18
England/BRIS-12BA6A/2020	2020-05-18
England/BRIS-12BA88/2020	2020-05-18
England/BRIS-12BA97/2020	2020-05-18
England/BRIS-12BAA6/2020	2020-05-18
England/BRIS-12BAD3/2020	2020-05-18
England/BRIS-13122D/2020	2020-05-18
England/CAMB-1B2330/2020	2020-05-18
England/CAMB-1B252B/2020	2020-05-18
England/CAMB-1B25D0/2020	2020-05-18
England/CAMB-1B25FE/2020	2020-05-18
England/CAMB-1B2655/2020	2020-05-18
England/CAMB-1B2BDE/2020	2020-05-18
England/CAMB-1B2C17/2020	2020-05-18
England/CAMB-1B2C44/2020	2020-05-18
England/CAMB-1B2C62/2020	2020-05-18
England/CAMB-1B2CCC/2020	2020-05-18
England/CAMB-1B2D23/2020	2020-05-18
England/CAMB-1B2D32/2020	2020-05-18
England/CAMB-1B2D41/2020	2020-05-18
England/CAMB-1B2D6F/2020	2020-05-18
England/CAMB-1B2DE7/2020	2020-05-18
England/HECH-259A097/2020	2020-05-18
England/NORT-28CA2A/2020	2020-05-18
England/NORT-28CAFD/2020	2020-05-18
England/NORT-28CB54/2020	2020-05-18
England/NORT-28CB81/2020	2020-05-18
England/NORT-292CD0/2020	2020-05-18
England/NORT-298751/2020	2020-05-18
England/NORW-EA093/2020	2020-05-18
England/NORW-EA770/2020	2020-05-18
England/NORW-EA7DA/2020	2020-05-18
England/NORW-EA998/2020	2020-05-18
England/NORW-EAA0E/2020	2020-05-18
England/NOTT-1115EE/2020	2020-05-18
England/NOTT-111609/2020	2020-05-18
England/NOTT-111742/2020	2020-05-18
England/NOTT-111751/2020	2020-05-18
England/PHEC-220CC/2020	2020-05-18
England/PHEC-220DB/2020	2020-05-18
England/SHEF-CAC4A/2020	2020-05-18
England/SHEF-CB933/2020	2020-05-18
England/SHEF-CF595/2020	2020-05-18
Scotland/CVR3573/2020	2020-05-18
Scotland/CVR3574/2020	2020-05-18
Scotland/CVR3575/2020	2020-05-18
Scotland/CVR3579/2020	2020-05-18
Scotland/CVR3580/2020	2020-05-18
Scotland/CVR3582/2020	2020-05-18
Scotland/CVR3583/2020	2020-05-18
Scotland/CVR3586/2020	2020-05-18
Scotland/CVR3590/2020	2020-05-18
Scotland/CVR3605/2020	2020-05-18
Scotland/CVR3615/2020	2020-05-18
Scotland/CVR3618/2020	2020-05-18
Scotland/CVR3619/2020	2020-05-18
Scotland/CVR3620/2020	2020-05-18
Scotland/CVR3624/2020	2020-05-18
Scotland/CVR3625/2020	2020-05-18
Scotland/CVR3797/2020	2020-05-18
Scotland/CVR3813/2020	2020-05-18
Scotland/CVR3817/2020	2020-05-18
Scotland/EDB5167/2020	2020-05-18
Scotland/EDB6188/2020	2020-05-18
Scotland/EDB6192/2020	2020-05-18
Scotland/EDB6193/2020	2020-05-18
Scotland/EDB6204/2020	2020-05-18
Scotland/EDB6205/2020	2020-05-18
Scotland/EDB6208/2020	2020-05-18
Wales/PHWC-15FDBF/2020	2020-05-18
Wales/PHWC-15FECB/2020	2020-05-18
Wales/PHWC-15FEE9/2020	2020-05-18
Wales/PHWC-1601A0/2020	2020-05-18
Wales/PHWC-1601EC/2020	2020-05-18
Wales/PHWC-1602CB/2020	2020-05-18
Wales/PHWC-1602E9/2020	2020-05-18
Wales/PHWC-1603B9/2020	2020-05-18
Wales/PHWC-1605A4/2020	2020-05-18
Wales/PHWC-1606FC/2020	2020-05-18
Wales/PHWC-160753/2020	2020-05-18
Wales/PHWC-160C54/2020	2020-05-18
Wales/PHWC-160E12/2020	2020-05-18
Wales/PHWC-160E8B/2020	2020-05-18
Wales/PHWC-160EC7/2020	2020-05-18
Wales/PHWC-162803/2020	2020-05-18
Wales/PHWC-1628D6/2020	2020-05-18
Wales/PHWC-162B55/2020	2020-05-18
Wales/PHWC-162CDA/2020	2020-05-18
Wales/PHWC-162E2F/2020	2020-05-18
Wales/PHWC-162E98/2020	2020-05-18
Wales/PHWC-163082/2020	2020-05-18
Wales/PHWC-163213/2020	2020-05-18
Wales/PHWC-16487A/2020	2020-05-18
Wales/PHWC-1648B6/2020	2020-05-18
Wales/PHWC-16490E/2020	2020-05-18
Wales/PHWC-164BF9/2020	2020-05-18
Wales/PHWC-164C6F/2020	2020-05-18
Wales/PHWC-164F2A/2020	2020-05-18
Wales/PHWC-165211/2020	2020-05-18
Wales/PHWC-16542A/2020	2020-05-18
Wales/PHWC-165581/2020	2020-05-18
England/BIRM-5F63D/2020	2020-05-19
England/BIRM-5F64C/2020	2020-05-19
England/BIRM-5F688/2020	2020-05-19
England/BIRM-5F697/2020	2020-05-19
England/BIRM-5FB2F/2020	2020-05-19
England/BIRM-5FB3E/2020	2020-05-19
England/BRIS-12B9A9/2020	2020-05-19
England/CAMB-1B2497/2020	2020-05-19
England/CAMB-1B24B5/2020	2020-05-19
England/CAMB-1B24D3/2020	2020-05-19
England/CAMB-1B24F1/2020	2020-05-19
England/CAMB-1B251C/2020	2020-05-19
England/CAMB-1B253A/2020	2020-05-19
England/CAMB-1B2558/2020	2020-05-19
England/CAMB-1B2576/2020	2020-05-19
England/CAMB-1B2B92/2020	2020-05-19
England/CAMB-1B2E4E/2020	2020-05-19
England/NORT-292D55/2020	2020-05-19
England/NORT-298760/2020	2020-05-19
England/NORT-29878E/2020	2020-05-19
England/NORT-29879D/2020	2020-05-19
England/NORT-2987AC/2020	2020-05-19
England/NOTT-111663/2020	2020-05-19
England/NOTT-111672/2020	2020-05-19
England/NOTT-11177F/2020	2020-05-19
England/NOTT-11178E/2020	2020-05-19
England/SHEF-C3D7B/2020	2020-05-19
Scotland/CVR3591/2020	2020-05-19
Scotland/CVR3592/2020	2020-05-19
Scotland/CVR3593/2020	2020-05-19
Scotland/CVR3594/2020	2020-05-19
Scotland/CVR3596/2020	2020-05-19
Scotland/CVR3598/2020	2020-05-19
Scotland/CVR3617/2020	2020-05-19
Scotland/CVR3621/2020	2020-05-19
Scotland/CVR3623/2020	2020-05-19
Scotland/CVR3626/2020	2020-05-19
Scotland/CVR3627/2020	2020-05-19
Scotland/CVR3661/2020	2020-05-19
Scotland/CVR3798/2020	2020-05-19
Scotland/CVR3803/2020	2020-05-19
Scotland/CVR3811/2020	2020-05-19
Scotland/CVR3814/2020	2020-05-19
Scotland/CVR3815/2020	2020-05-19
Scotland/CVR3823/2020	2020-05-19
Scotland/CVR3824/2020	2020-05-19
Scotland/CVR3825/2020	2020-05-19
Scotland/EDB5276/2020	2020-05-19
Scotland/EDB6211/2020	2020-05-19
Scotland/EDB6214/2020	2020-05-19
Scotland/EDB6215/2020	2020-05-19
Scotland/EDB6222/2020	2020-05-19
Scotland/EDB6223/2020	2020-05-19
Scotland/EDB6224/2020	2020-05-19
Scotland/EDB6225/2020	2020-05-19
Wales/PHWC-15FCB2/2020	2020-05-19
Wales/PHWC-15FE43/2020	2020-05-19
Wales/PHWC-15FF22/2020	2020-05-19
Wales/PHWC-160164/2020	2020-05-19
Wales/PHWC-160234/2020	2020-05-19
Wales/PHWC-160252/2020	2020-05-19
Wales/PHWC-1602AD/2020	2020-05-19
Wales/PHWC-160577/2020	2020-05-19
Wales/PHWC-160692/2020	2020-05-19
Wales/PHWC-160762/2020	2020-05-19
Wales/PHWC-160902/2020	2020-05-19
Wales/PHWC-160911/2020	2020-05-19
Wales/PHWC-16098A/2020	2020-05-19
Wales/PHWC-1609A8/2020	2020-05-19
Wales/PHWC-160A69/2020	2020-05-19
Wales/PHWC-160B48/2020	2020-05-19
Wales/PHWC-160BC0/2020	2020-05-19
Wales/PHWC-160C27/2020	2020-05-19
Wales/PHWC-160D06/2020	2020-05-19
Wales/PHWC-160EA9/2020	2020-05-19
Wales/PHWC-160F1F/2020	2020-05-19
Wales/PHWC-1626DC/2020	2020-05-19
Wales/PHWC-162742/2020	2020-05-19
Wales/PHWC-1628A9/2020	2020-05-19
Wales/PHWC-162E7A/2020	2020-05-19
Wales/PHWC-162F1D/2020	2020-05-19
Wales/PHWC-164A65/2020	2020-05-19
Wales/PHWC-164B71/2020	2020-05-19
England/BIRM-5FBF2/2020	2020-05-20
England/BIRM-5FC0E/2020	2020-05-20
England/BIRM-5FCE0/2020	2020-05-20
England/BIRM-5FEEA/2020	2020-05-20
England/BIRM-5FF41/2020	2020-05-20
England/BIRM-5FFBA/2020	2020-05-20
England/BRIS-13116C/2020	2020-05-20
England/BRIS-13118A/2020	2020-05-20
England/BRIS-1311C6/2020	2020-05-20
England/BRIS-1311E4/2020	2020-05-20
England/BRIS-13121E/2020	2020-05-20
England/CAMB-1B2E3F/2020	2020-05-20
England/CAMB-1B2E8A/2020	2020-05-20
England/CAMB-1B2EE4/2020	2020-05-20
England/NORT-292E25/2020	2020-05-20
England/NORW-EA628/2020	2020-05-20
England/SHEF-C2459/2020	2020-05-20
Scotland/CVR3611/2020	2020-05-20
Scotland/CVR3612/2020	2020-05-20
Scotland/CVR3613/2020	2020-05-20
Scotland/CVR3614/2020	2020-05-20
Scotland/CVR3672/2020	2020-05-20
Scotland/CVR3806/2020	2020-05-20
Scotland/CVR3812/2020	2020-05-20
Scotland/EDB5313/2020	2020-05-20
Scotland/EDB6235/2020	2020-05-20
Wales/PHWC-160067/2020	2020-05-20
Wales/PHWC-160076/2020	2020-05-20
Wales/PHWC-1600C1/2020	2020-05-20
Wales/PHWC-160155/2020	2020-05-20
Wales/PHWC-1602DA/2020	2020-05-20
Wales/PHWC-16038C/2020	2020-05-20
Wales/PHWC-1604C5/2020	2020-05-20
Wales/PHWC-1604F2/2020	2020-05-20
Wales/PHWC-160726/2020	2020-05-20
Wales/PHWC-1607CC/2020	2020-05-20
Wales/PHWC-16086F/2020	2020-05-20
Wales/PHWC-16089C/2020	2020-05-20
Wales/PHWC-160A2D/2020	2020-05-20
Wales/PHWC-160AF0/2020	2020-05-20
Wales/PHWC-160CAF/2020	2020-05-20
Wales/PHWC-160CEB/2020	2020-05-20
Wales/PHWC-160DD9/2020	2020-05-20
Wales/PHWC-162609/2020	2020-05-20
Wales/PHWC-162663/2020	2020-05-20
Wales/PHWC-16296A/2020	2020-05-20
Wales/PHWC-1629C4/2020	2020-05-20
Wales/PHWC-162A85/2020	2020-05-20
Wales/PHWC-162AB2/2020	2020-05-20
Wales/PHWC-162B46/2020	2020-05-20
Wales/PHWC-162E01/2020	2020-05-20
Wales/PHWC-162EB6/2020	2020-05-20
Wales/PHWC-162F2C/2020	2020-05-20
Wales/PHWC-162F95/2020	2020-05-20
Wales/PHWC-162FC2/2020	2020-05-20
Wales/PHWC-162FE0/2020	2020-05-20
Wales/PHWC-1631F8/2020	2020-05-20
Wales/PHWC-16334D/2020	2020-05-20
England/BIRM-5FBB6/2020	2020-05-21
England/BIRM-5FBC5/2020	2020-05-21
England/BIRM-5FBD4/2020	2020-05-21
England/BIRM-5FC59/2020	2020-05-21
England/BIRM-5FC68/2020	2020-05-21
England/BIRM-5FE44/2020	2020-05-21
England/BIRM-5FFAB/2020	2020-05-21
England/BRIS-1311B7/2020	2020-05-21
England/BRIS-13120F/2020	2020-05-21
England/BRIS-13123C/2020	2020-05-21
England/BRIS-1312F0/2020	2020-05-21
England/BRIS-131339/2020	2020-05-21
England/CAMB-1B2EB7/2020	2020-05-21
England/CAMB-1B3029/2020	2020-05-21
England/CAMB-1B3047/2020	2020-05-21
England/CAMB-1B3232/2020	2020-05-21
England/HECH-259A1B2/2020	2020-05-21
England/NORW-EA743/2020	2020-05-21
England/NOTT-11184F/2020	2020-05-21
Scotland/CVR3637/2020	2020-05-21
Scotland/CVR3641/2020	2020-05-21
Scotland/CVR3644/2020	2020-05-21
Scotland/CVR3648/2020	2020-05-21
Scotland/CVR3650/2020	2020-05-21
Scotland/CVR3656/2020	2020-05-21
Scotland/CVR3663/2020	2020-05-21
Scotland/CVR3802/2020	2020-05-21
Scotland/CVR3805/2020	2020-05-21
Scotland/CVR3808/2020	2020-05-21
Scotland/CVR3810/2020	2020-05-21
Scotland/CVR3816/2020	2020-05-21
Scotland/CVR3818/2020	2020-05-21
Scotland/CVR3819/2020	2020-05-21
Scotland/EDB5249/2020	2020-05-21
Scotland/EDB6243/2020	2020-05-21
Scotland/EDB6244/2020	2020-05-21
Scotland/EDB6245/2020	2020-05-21
Scotland/EDB6246/2020	2020-05-21
Scotland/EDB6247/2020	2020-05-21
Scotland/EDB6248/2020	2020-05-21
Wales/PHWC-15FCEF/2020	2020-05-21
Wales/PHWC-15FD37/2020	2020-05-21
Wales/PHWC-15FFF5/2020	2020-05-21
Wales/PHWC-1600A3/2020	2020-05-21
Wales/PHWC-160182/2020	2020-05-21
Wales/PHWC-160304/2020	2020-05-21
Wales/PHWC-16050E/2020	2020-05-21
Wales/PHWC-16051D/2020	2020-05-21
Wales/PHWC-160B2A/2020	2020-05-21
Wales/PHWC-160CFA/2020	2020-05-21
Wales/PHWC-160D9D/2020	2020-05-21
Wales/PHWC-16251B/2020	2020-05-21
Wales/PHWC-162C9E/2020	2020-05-21
Wales/PHWC-162D40/2020	2020-05-21
Wales/PHWC-163019/2020	2020-05-21
Wales/PHWC-1631DA/2020	2020-05-21
Wales/PHWC-163301/2020	2020-05-21
Wales/PHWC-16485C/2020	2020-05-21
Wales/PHWC-164FFD/2020	2020-05-21
England/BIRM-5F8FB/2020	2020-05-22
England/BIRM-5F916/2020	2020-05-22
England/BIRM-5F934/2020	2020-05-22
England/BIRM-5FEBD/2020	2020-05-22
England/BIRM-5FEDB/2020	2020-05-22
England/BIRM-5FF14/2020	2020-05-22
England/BIRM-5FF50/2020	2020-05-22
England/BIRM-5FF6F/2020	2020-05-22
England/BIRM-60332/2020	2020-05-22
England/BRIS-13130C/2020	2020-05-22
England/BRIS-13131B/2020	2020-05-22
England/CAMB-1B2F96/2020	2020-05-22
England/CAMB-1B300B/2020	2020-05-22
England/NORT-2929BB/2020	2020-05-22
England/NORT-292A8B/2020	2020-05-22
England/NOTT-1116EB/2020	2020-05-22
England/SHEF-C5E67/2020	2020-05-22
England/SHEF-C6CB7/2020	2020-05-22
England/SHEF-D2A81/2020	2020-05-22
Scotland/CVR3660/2020	2020-05-22
Scotland/CVR3664/2020	2020-05-22
Scotland/CVR3666/2020	2020-05-22
Scotland/CVR3671/2020	2020-05-22
Scotland/CVR3674/2020	2020-05-22
Scotland/CVR3677/2020	2020-05-22
Scotland/CVR3678/2020	2020-05-22
Scotland/CVR3679/2020	2020-05-22
Scotland/CVR3680/2020	2020-05-22
Scotland/CVR3781/2020	2020-05-22
Scotland/CVR3799/2020	2020-05-22
Scotland/CVR3809/2020	2020-05-22
Scotland/CVR3820/2020	2020-05-22
Scotland/CVR3821/2020	2020-05-22
Scotland/EDB6251/2020	2020-05-22
Wales/PHWC-15FD91/2020	2020-05-22
Wales/PHWC-15FEBC/2020	2020-05-22
Wales/PHWC-160243/2020	2020-05-22
Wales/PHWC-16035F/2020	2020-05-22
Wales/PHWC-16039B/2020	2020-05-22
Wales/PHWC-1605C2/2020	2020-05-22
Wales/PHWC-1606CF/2020	2020-05-22
Wales/PHWC-160717/2020	2020-05-22
Wales/PHWC-1607F9/2020	2020-05-22
Wales/PHWC-160805/2020	2020-05-22
Wales/PHWC-1608BA/2020	2020-05-22
Wales/PHWC-160A3C/2020	2020-05-22
Wales/PHWC-160AB4/2020	2020-05-22
Wales/PHWC-160AD2/2020	2020-05-22
Wales/PHWC-160B57/2020	2020-05-22
Wales/PHWC-160BFD/2020	2020-05-22
Wales/PHWC-160D42/2020	2020-05-22
Wales/PHWC-160D60/2020	2020-05-22
Wales/PHWC-160E30/2020	2020-05-22
Wales/PHWC-162A0D/2020	2020-05-22
Wales/PHWC-1648D4/2020	2020-05-22
Wales/PHWC-164BCC/2020	2020-05-22
Wales/PHWC-164DE4/2020	2020-05-22
Wales/PHWC-164F84/2020	2020-05-22
Wales/PHWC-164FB1/2020	2020-05-22
Wales/PHWC-164FDF/2020	2020-05-22
Wales/PHWC-165527/2020	2020-05-22
England/BIRM-5FE9F/2020	2020-05-23
England/BIRM-5FF7E/2020	2020-05-23
England/BIRM-5FF9C/2020	2020-05-23
England/BIRM-603AB/2020	2020-05-23
England/BRIS-12B29F/2020	2020-05-23
England/BRIS-13125A/2020	2020-05-23
England/BRIS-131269/2020	2020-05-23
England/BRIS-131357/2020	2020-05-23
England/BRIS-131393/2020	2020-05-23
England/LIVE-A0318/2020	2020-05-23
England/LIVE-A03BE/2020	2020-05-23
England/NORT-292AD6/2020	2020-05-23
England/NORW-EA51C/2020	2020-05-23
England/NORW-EA5D0/2020	2020-05-23
England/SHEF-C9267/2020	2020-05-23
England/SHEF-CF96C/2020	2020-05-23
Scotland/CVR3676/2020	2020-05-23
Scotland/CVR3681/2020	2020-05-23
Scotland/CVR3685/2020	2020-05-23
Scotland/CVR3686/2020	2020-05-23
Scotland/EDB5345/2020	2020-05-23
Wales/PHWC-15FD82/2020	2020-05-23
Wales/PHWC-15FE25/2020	2020-05-23
Wales/PHWC-16000D/2020	2020-05-23
Wales/PHWC-160401/2020	2020-05-23
Wales/PHWC-160656/2020	2020-05-23
Wales/PHWC-1606A1/2020	2020-05-23
Wales/PHWC-1606DE/2020	2020-05-23
Wales/PHWC-160780/2020	2020-05-23
Wales/PHWC-1609E4/2020	2020-05-23
Wales/PHWC-160A96/2020	2020-05-23
Wales/PHWC-160BB1/2020	2020-05-23
Wales/PHWC-160C63/2020	2020-05-23
Wales/PHWC-160D33/2020	2020-05-23
Wales/PHWC-160DBB/2020	2020-05-23
Wales/PHWC-160E6D/2020	2020-05-23
Wales/PHWC-160F2E/2020	2020-05-23
Wales/PHWC-164AFC/2020	2020-05-23
Wales/PHWC-164C23/2020	2020-05-23
Wales/PHWC-164E4B/2020	2020-05-23
Wales/PHWC-165572/2020	2020-05-23
England/BIRM-5FB7A/2020	2020-05-24
England/BIRM-5FB89/2020	2020-05-24
England/BIRM-5FBA7/2020	2020-05-24
England/BIRM-5FE80/2020	2020-05-24
England/BIRM-5FECC/2020	2020-05-24
England/BIRM-5FF05/2020	2020-05-24
England/BIRM-5FF8D/2020	2020-05-24
England/BIRM-6036F/2020	2020-05-24
England/BIRM-6037E/2020	2020-05-24
England/BRIS-131278/2020	2020-05-24
England/CAMB-1B3627/2020	2020-05-24
England/NOTT-1116FA/2020	2020-05-24
Scotland/CVR3630/2020	2020-05-24
Scotland/CVR3631/2020	2020-05-24
Scotland/CVR3694/2020	2020-05-24
Scotland/EDB5358/2020	2020-05-24
Scotland/EDB5363/2020	2020-05-24
Wales/PHWC-15FDA0/2020	2020-05-24
Wales/PHWC-15FE34/2020	2020-05-24
Wales/PHWC-15FEAD/2020	2020-05-24
Wales/PHWC-15FF8C/2020	2020-05-24
Wales/PHWC-16001C/2020	2020-05-24
Wales/PHWC-160322/2020	2020-05-24
Wales/PHWC-16036E/2020	2020-05-24
Wales/PHWC-1603E6/2020	2020-05-24
Wales/PHWC-160489/2020	2020-05-24
Wales/PHWC-1604A7/2020	2020-05-24
Wales/PHWC-1604E3/2020	2020-05-24
Wales/PHWC-160708/2020	2020-05-24
Wales/PHWC-160832/2020	2020-05-24
Wales/PHWC-160B0C/2020	2020-05-24
Wales/PHWC-160B75/2020	2020-05-24
Wales/PHWC-160C90/2020	2020-05-24
Wales/PHWC-160E21/2020	2020-05-24
England/BIRM-5F8EC/2020	2020-05-25
England/BIRM-603D8/2020	2020-05-25
England/BIRM-603E7/2020	2020-05-25
England/BIRM-60411/2020	2020-05-25
England/BIRM-6045D/2020	2020-05-25
England/BIRM-6046C/2020	2020-05-25
England/BRIS-13113F/2020	2020-05-25
England/LIVE-A0433/2020	2020-05-25
England/LIVE-A047F/2020	2020-05-25
England/LIVE-A04BB/2020	2020-05-25
England/LIVE-A0521/2020	2020-05-25
England/NORT-292B97/2020	2020-05-25
England/NORW-EBF1D/2020	2020-05-25
England/NORW-EBF4A/2020	2020-05-25
England/NORW-ED26D/2020	2020-05-25
England/PORT-2CF86D/2020	2020-05-25
England/SHEF-C630D/2020	2020-05-25
Scotland/CVR3698/2020	2020-05-25
Scotland/CVR3703/2020	2020-05-25
Scotland/CVR3706/2020	2020-05-25
Scotland/CVR3707/2020	2020-05-25
Scotland/EDB5448/2020	2020-05-25
Scotland/EDB5590/2020	2020-05-25
Wales/PHWC-15FCFE/2020	2020-05-25
Wales/PHWC-15FD55/2020	2020-05-25
Wales/PHWC-15FDEC/2020	2020-05-25
Wales/PHWC-15FE9E/2020	2020-05-25
Wales/PHWC-15FF6E/2020	2020-05-25
Wales/PHWC-15FFE6/2020	2020-05-25
Wales/PHWC-16003A/2020	2020-05-25
Wales/PHWC-160058/2020	2020-05-25
Wales/PHWC-1600FE/2020	2020-05-25
Wales/PHWC-16010A/2020	2020-05-25
Wales/PHWC-160173/2020	2020-05-25
Wales/PHWC-160850/2020	2020-05-25
Wales/PHWC-1608D8/2020	2020-05-25
Wales/PHWC-16094E/2020	2020-05-25
Wales/PHWC-160E03/2020	2020-05-25
Wales/PHWC-1627D9/2020	2020-05-25
Wales/PHWC-164740/2020	2020-05-25
Wales/PHWC-1649B3/2020	2020-05-25
Wales/PHWC-164FEE/2020	2020-05-25
England/BIRM-6043F/2020	2020-05-26
England/BIRM-6044E/2020	2020-05-26
England/BIRM-6047B/2020	2020-05-26
England/BIRM-6048A/2020	2020-05-26
England/BIRM-604B7/2020	2020-05-26
England/BIRM-604C6/2020	2020-05-26
England/BRIS-12DA77/2020	2020-05-26
England/CAMB-1B351B/2020	2020-05-26
England/HECH-259A255/2020	2020-05-26
England/HECH-259A273/2020	2020-05-26
England/LIVE-A0460/2020	2020-05-26
England/LIVE-A04AC/2020	2020-05-26
England/LIVE-A0512/2020	2020-05-26
England/LIVE-A059A/2020	2020-05-26
England/LIVE-A05A9/2020	2020-05-26
England/LIVE-A05D6/2020	2020-05-26
England/LIVE-A05E5/2020	2020-05-26
England/LIVE-A066A/2020	2020-05-26
England/LIVE-A06B5/2020	2020-05-26
England/NOTT-111A0D/2020	2020-05-26
England/SHEF-CBC94/2020	2020-05-26
England/SHEF-D178B/2020	2020-05-26
England/SHEF-D1FB0/2020	2020-05-26
Scotland/CVR3710/2020	2020-05-26
Scotland/CVR3711/2020	2020-05-26
Scotland/CVR3745/2020	2020-05-26
Wales/PHWC-15FDDD/2020	2020-05-26
Wales/PHWC-15FEDA/2020	2020-05-26
Wales/PHWC-15FF40/2020	2020-05-26
Wales/PHWC-15FF5F/2020	2020-05-26
Wales/PHWC-160094/2020	2020-05-26
Wales/PHWC-1601DD/2020	2020-05-26
Wales/PHWC-160313/2020	2020-05-26
Wales/PHWC-160340/2020	2020-05-26
Wales/PHWC-16044D/2020	2020-05-26
Wales/PHWC-160559/2020	2020-05-26
Wales/PHWC-1606B0/2020	2020-05-26
Wales/PHWC-160B93/2020	2020-05-26
Wales/PHWC-160BA2/2020	2020-05-26
Wales/PHWC-160DF7/2020	2020-05-26
Wales/PHWC-160E9A/2020	2020-05-26
Wales/PHWC-160EE5/2020	2020-05-26
Wales/PHWC-160F3D/2020	2020-05-26
Wales/PHWC-162724/2020	2020-05-26
Wales/PHWC-162D04/2020	2020-05-26
Wales/PHWC-162D5F/2020	2020-05-26
Wales/PHWC-16300A/2020	2020-05-26
Wales/PHWC-16332F/2020	2020-05-26
Wales/PHWC-164E69/2020	2020-05-26
Wales/PHWC-164F57/2020	2020-05-26
Wales/PHWC-1650AE/2020	2020-05-26
Wales/PHWC-16517E/2020	2020-05-26
Wales/PHWC-165387/2020	2020-05-26
Wales/PHWC-165493/2020	2020-05-26
England/BIRM-60499/2020	2020-05-27
England/BIRM-604D5/2020	2020-05-27
England/BIRM-604F3/2020	2020-05-27
England/BIRM-6050F/2020	2020-05-27
England/BIRM-6053C/2020	2020-05-27
England/BIRM-60596/2020	2020-05-27
England/BRIS-12DA68/2020	2020-05-27
England/CAMB-1B3A94/2020	2020-05-27
England/CAMB-1B3B73/2020	2020-05-27
England/LIVE-A0679/2020	2020-05-27
England/LIVE-A0D92/2020	2020-05-27
England/NORW-ECA48/2020	2020-05-27
England/NORW-ECF85/2020	2020-05-27
England/NOTT-111AC1/2020	2020-05-27
England/SHEF-C474F/2020	2020-05-27
England/SHEF-C9470/2020	2020-05-27
Scotland/CVR3719/2020	2020-05-27
Scotland/CVR3723/2020	2020-05-27
Scotland/CVR3725/2020	2020-05-27
Scotland/CVR3728/2020	2020-05-27
Scotland/CVR3729/2020	2020-05-27
Scotland/CVR3773/2020	2020-05-27
Scotland/CVR3777/2020	2020-05-27
Scotland/CVR3780/2020	2020-05-27
Wales/PHWC-16240F/2020	2020-05-27
Wales/PHWC-162557/2020	2020-05-27
Wales/PHWC-1625C0/2020	2020-05-27
Wales/PHWC-162645/2020	2020-05-27
Wales/PHWC-162760/2020	2020-05-27
Wales/PHWC-16285E/2020	2020-05-27
Wales/PHWC-162BFB/2020	2020-05-27
Wales/PHWC-162C8F/2020	2020-05-27
Wales/PHWC-162CCB/2020	2020-05-27
Wales/PHWC-162CE9/2020	2020-05-27
Wales/PHWC-162CF8/2020	2020-05-27
Wales/PHWC-162DAA/2020	2020-05-27
Wales/PHWC-162DD7/2020	2020-05-27
Wales/PHWC-162E10/2020	2020-05-27
Wales/PHWC-162F86/2020	2020-05-27
Wales/PHWC-163037/2020	2020-05-27
Wales/PHWC-163091/2020	2020-05-27
Wales/PHWC-163125/2020	2020-05-27
Wales/PHWC-163134/2020	2020-05-27
Wales/PHWC-163161/2020	2020-05-27
Wales/PHWC-1631BC/2020	2020-05-27
Wales/PHWC-16326E/2020	2020-05-27
Wales/PHWC-16335C/2020	2020-05-27
Wales/PHWC-164DD5/2020	2020-05-27
Wales/PHWC-164EA5/2020	2020-05-27
Wales/PHWC-164FC0/2020	2020-05-27
Wales/PHWC-1652C6/2020	2020-05-27
Wales/PHWC-165369/2020	2020-05-27
England/BIRM-5FC1D/2020	2020-05-28
England/BIRM-605B4/2020	2020-05-28
England/BIRM-605C3/2020	2020-05-28
England/BIRM-605D2/2020	2020-05-28
England/BIRM-605E1/2020	2020-05-28
England/CAMB-1B3B28/2020	2020-05-28
England/CAMB-1B3D5F/2020	2020-05-28
England/CAMB-1B40CE/2020	2020-05-28
England/LIVE-A06E2/2020	2020-05-28
England/NORW-ECB90/2020	2020-05-28
England/NORW-ECC51/2020	2020-05-28
England/NORW-ED32E/2020	2020-05-28
England/NORW-ED449/2020	2020-05-28
England/NOTT-11191F/2020	2020-05-28
England/SHEF-C5FFB/2020	2020-05-28
England/SHEF-C7A16/2020	2020-05-28
Scotland/CVR3754/2020	2020-05-28
Scotland/CVR3761/2020	2020-05-28
Scotland/CVR3826/2020	2020-05-28
Scotland/EDB5680/2020	2020-05-28
Scotland/EDB5682/2020	2020-05-28
Scotland/EDB5684/2020	2020-05-28
Wales/PHWC-1625B1/2020	2020-05-28
Wales/PHWC-162733/2020	2020-05-28
Wales/PHWC-1627BB/2020	2020-05-28
Wales/PHWC-16287C/2020	2020-05-28
Wales/PHWC-16291F/2020	2020-05-28
Wales/PHWC-162988/2020	2020-05-28
Wales/PHWC-162A49/2020	2020-05-28
Wales/PHWC-162A76/2020	2020-05-28
Wales/PHWC-162BBF/2020	2020-05-28
Wales/PHWC-162C16/2020	2020-05-28
Wales/PHWC-162D9B/2020	2020-05-28
Wales/PHWC-162E5C/2020	2020-05-28
Wales/PHWC-1630DD/2020	2020-05-28
Wales/PHWC-163152/2020	2020-05-28
Wales/PHWC-1631E9/2020	2020-05-28
Wales/PHWC-1632C8/2020	2020-05-28
Wales/PHWC-16333E/2020	2020-05-28
Wales/PHWC-164986/2020	2020-05-28
Wales/PHWC-164ED2/2020	2020-05-28
Wales/PHWC-1651BA/2020	2020-05-28
Wales/PHWC-16526C/2020	2020-05-28
Wales/PHWC-165299/2020	2020-05-28
England/BIRM-5FAB9/2020	2020-05-29
England/BIRM-5FAC8/2020	2020-05-29
England/BIRM-5FAE6/2020	2020-05-29
England/BIRM-5FAF5/2020	2020-05-29
England/BIRM-6061B/2020	2020-05-29
England/BIRM-6062A/2020	2020-05-29
England/BIRM-60639/2020	2020-05-29
England/BRIS-12DAE0/2020	2020-05-29
England/NORW-ECBCD/2020	2020-05-29
England/NORW-ECD4F/2020	2020-05-29
Scotland/CVR3827/2020	2020-05-29
Wales/PHWC-162548/2020	2020-05-29
Wales/PHWC-1625FD/2020	2020-05-29
Wales/PHWC-162812/2020	2020-05-29
Wales/PHWC-16294C/2020	2020-05-29
Wales/PHWC-162AFE/2020	2020-05-29
Wales/PHWC-162B0A/2020	2020-05-29
Wales/PHWC-162BA0/2020	2020-05-29
Wales/PHWC-162C34/2020	2020-05-29
Wales/PHWC-162D8C/2020	2020-05-29
Wales/PHWC-162EC5/2020	2020-05-29
Wales/PHWC-162EF2/2020	2020-05-29
Wales/PHWC-162FD1/2020	2020-05-29
Wales/PHWC-1630CE/2020	2020-05-29
Wales/PHWC-163116/2020	2020-05-29
Wales/PHWC-1631CB/2020	2020-05-29
Wales/PHWC-163222/2020	2020-05-29
Wales/PHWC-1632D7/2020	2020-05-29
Wales/PHWC-1632E6/2020	2020-05-29
Wales/PHWC-164D02/2020	2020-05-29
Wales/PHWC-16518D/2020	2020-05-29
Wales/PHWC-1651D8/2020	2020-05-29
Wales/PHWC-165518/2020	2020-05-29
England/BIRM-60675/2020	2020-05-30
England/BRIS-12DD50/2020	2020-05-30
England/BRIS-12DDF6/2020	2020-05-30
England/BRIS-12DE5D/2020	2020-05-30
England/LCST-24D682F/2020	2020-05-30
England/LCST-24D68B6/2020	2020-05-30
Scotland/CVR3771/2020	2020-05-30
Scotland/CVR3779/2020	2020-05-30
Wales/PHWC-16242D/2020	2020-05-30
Wales/PHWC-162487/2020	2020-05-30
Wales/PHWC-162618/2020	2020-05-30
Wales/PHWC-162654/2020	2020-05-30
Wales/PHWC-1628C7/2020	2020-05-30
Wales/PHWC-162AA3/2020	2020-05-30
Wales/PHWC-162B28/2020	2020-05-30
Wales/PHWC-162B73/2020	2020-05-30
Wales/PHWC-162DF5/2020	2020-05-30
Wales/PHWC-162EE3/2020	2020-05-30
Wales/PHWC-163170/2020	2020-05-30
Wales/PHWC-16319E/2020	2020-05-30
Wales/PHWC-1632B9/2020	2020-05-30
England/BRIS-12DB0B/2020	2020-05-31
England/BRIS-12DD9C/2020	2020-05-31
England/BRIS-12DDAB/2020	2020-05-31
England/BRIS-12DE02/2020	2020-05-31
England/CAMB-1B3F95/2020	2020-05-31
England/CAMB-1B3FB3/2020	2020-05-31
England/CAMB-1B41CB/2020	2020-05-31
England/CAMB-1B4204/2020	2020-05-31
England/LCST-24D685C/2020	2020-05-31
England/LCST-24D6898/2020	2020-05-31
England/LCST-24D68C5/2020	2020-05-31
England/LIVE-9F7E3/2020	2020-05-31
England/LIVE-9F886/2020	2020-05-31
England/NORT-292924/2020	2020-05-31
Scotland/CVR3776/2020	2020-05-31
Scotland/CVR3789/2020	2020-05-31
Scotland/CVR3794/2020	2020-05-31
Scotland/CVR3829/2020	2020-05-31
Wales/PHWC-1626AF/2020	2020-05-31
Wales/PHWC-162830/2020	2020-05-31
Wales/PHWC-1628E5/2020	2020-05-31
Wales/PHWC-162BCE/2020	2020-05-31
Wales/PHWC-162D13/2020	2020-05-31
Wales/PHWC-162DC8/2020	2020-05-31
Wales/PHWC-1630FB/2020	2020-05-31
Wales/PHWC-16328C/2020	2020-05-31
England/BIRM-60684/2020	2020-06-01
England/BIRM-606A2/2020	2020-06-01
England/BIRM-606B1/2020	2020-06-01
England/BRIS-12DB1A/2020	2020-06-01
England/BRIS-12DB74/2020	2020-06-01
England/BRIS-12DDC9/2020	2020-06-01
England/BRIS-12DDD8/2020	2020-06-01
England/BRIS-12DDE7/2020	2020-06-01
England/BRIS-12DE20/2020	2020-06-01
England/CAMB-1B4116/2020	2020-06-01
England/LCST-24D68E3/2020	2020-06-01
England/LCST-24D692C/2020	2020-06-01
England/LIVE-9FC5D/2020	2020-06-01
England/LIVE-9FCB7/2020	2020-06-01
England/LIVE-9FF27/2020	2020-06-01
England/LIVE-9FFEB/2020	2020-06-01
England/NORW-ECEB5/2020	2020-06-01
England/NORW-ED458/2020	2020-06-01
England/SHEF-C20FB/2020	2020-06-01
Scotland/CVR3828/2020	2020-06-01
Wales/PHWC-1624D2/2020	2020-06-01
Wales/PHWC-1626CD/2020	2020-06-01
Wales/PHWC-16277F/2020	2020-06-01
Wales/PHWC-1627E8/2020	2020-06-01
Wales/PHWC-162EA7/2020	2020-06-01
Wales/PHWC-163064/2020	2020-06-01
Wales/PHWC-164BAE/2020	2020-06-01
Wales/PHWC-164BEA/2020	2020-06-01
Wales/PHWC-164F0C/2020	2020-06-01
Wales/PHWC-1654A2/2020	2020-06-01
England/BIRM-60693/2020	2020-06-02
England/BIRM-61164/2020	2020-06-02
England/BIRM-61173/2020	2020-06-02
England/BIRM-61252/2020	2020-06-02
England/CAMB-1B44B3/2020	2020-06-02
England/HECH-259A2A0/2020	2020-06-02
England/LIVE-A01A5/2020	2020-06-02
England/LIVE-A0284/2020	2020-06-02
England/LIVE-A0293/2020	2020-06-02
England/LIVE-A02C0/2020	2020-06-02
England/LIVE-A02DF/2020	2020-06-02
England/LIVE-A0309/2020	2020-06-02
England/LIVE-A0776/2020	2020-06-02
England/LIVE-A0785/2020	2020-06-02
England/NOTT-111BA0/2020	2020-06-02
England/PORT-2D015F/2020	2020-06-02
England/SHEF-C57E4/2020	2020-06-02
England/SHEF-C621F/2020	2020-06-02
England/SHEF-D0DC6/2020	2020-06-02
Scotland/CVR3790/2020	2020-06-02
Scotland/CVR3791/2020	2020-06-02
Scotland/EDB5740/2020	2020-06-02
Scotland/EDB5745/2020	2020-06-02
Scotland/EDB5746/2020	2020-06-02
Scotland/EDB6255/2020	2020-06-02
Scotland/EDB6256/2020	2020-06-02
Scotland/EDB6257/2020	2020-06-02
Scotland/EDB6258/2020	2020-06-02
Scotland/EDB6260/2020	2020-06-02
Scotland/EDB6261/2020	2020-06-02
Wales/PHWC-16244B/2020	2020-06-02
Wales/PHWC-1648A7/2020	2020-06-02
Wales/PHWC-164A74/2020	2020-06-02
Wales/PHWC-164B35/2020	2020-06-02
Wales/PHWC-164B53/2020	2020-06-02
England/BIRM-611BF/2020	2020-06-03
England/CAMB-1B44E0/2020	2020-06-03
England/CAMB-1B479C/2020	2020-06-03
England/LCST-24D69C2/2020	2020-06-03
England/LIVE-9FF54/2020	2020-06-03
England/LIVE-A01E1/2020	2020-06-03
England/LIVE-A0248/2020	2020-06-03
England/LIVE-A0257/2020	2020-06-03
England/LIVE-A0758/2020	2020-06-03
England/NORW-ECBEB/2020	2020-06-03
England/NORW-ED29A/2020	2020-06-03
England/NOTT-111C16/2020	2020-06-03
England/SHEF-C95C8/2020	2020-06-03
England/SHEF-CBCEF/2020	2020-06-03
Scotland/CVR3788/2020	2020-06-03
Wales/PHWC-1624E1/2020	2020-06-03
Wales/PHWC-1625DF/2020	2020-06-03
Wales/PHWC-162B82/2020	2020-06-03
Wales/PHWC-1630EC/2020	2020-06-03
Wales/PHWC-163310/2020	2020-06-03
Wales/PHWC-16494A/2020	2020-06-03
Wales/PHWC-164AED/2020	2020-06-03
Wales/PHWC-164CF6/2020	2020-06-03
Wales/PHWC-164E5A/2020	2020-06-03
Wales/PHWC-164F39/2020	2020-06-03
Wales/PHWC-16527B/2020	2020-06-03
Wales/PHWC-1652E4/2020	2020-06-03
Wales/PHWC-16530F/2020	2020-06-03
Wales/PHWC-1653E1/2020	2020-06-03
England/BRIS-12DEF3/2020	2020-06-04
England/CAMB-1B494B/2020	2020-06-04
England/LIVE-9FA62/2020	2020-06-04
England/LIVE-9FABD/2020	2020-06-04
England/LIVE-A00D5/2020	2020-06-04
England/LIVE-A012D/2020	2020-06-04
England/LIVE-A015A/2020	2020-06-04
England/SHEF-D02F4/2020	2020-06-04
Scotland/EDB6329/2020	2020-06-04
Scotland/EDB6336/2020	2020-06-04
Scotland/EDB6341/2020	2020-06-04
Scotland/EDB6346/2020	2020-06-04
Wales/PHWC-162566/2020	2020-06-04
Wales/PHWC-162584/2020	2020-06-04
Wales/PHWC-162681/2020	2020-06-04
Wales/PHWC-1626BE/2020	2020-06-04
Wales/PHWC-1627AC/2020	2020-06-04
Wales/PHWC-1628F4/2020	2020-06-04
Wales/PHWC-164968/2020	2020-06-04
Wales/PHWC-164B80/2020	2020-06-04
Wales/PHWC-164F66/2020	2020-06-04
England/BIRM-61207/2020	2020-06-05
England/BIRM-61216/2020	2020-06-05
England/BIRM-61225/2020	2020-06-05
England/LCST-24D6AA1/2020	2020-06-05
England/LCST-24D6ACF/2020	2020-06-05
England/LCST-24D7053/2020	2020-06-05
England/LIVE-9FB41/2020	2020-06-05
England/NORW-ED69E/2020	2020-06-05
England/NORW-ED704/2020	2020-06-05
Wales/PHWC-16325F/2020	2020-06-05
Wales/PHWC-164889/2020	2020-06-05
Wales/PHWC-165141/2020	2020-06-05
England/BIRM-611FB/2020	2020-06-06
England/BIRM-61234/2020	2020-06-06
England/LCST-24D7080/2020	2020-06-06
England/LIVE-9FADB/2020	2020-06-06
England/LIVE-9FBC9/2020	2020-06-06
England/NOTT-111CDA/2020	2020-06-06
England/NOTT-111D22/2020	2020-06-06
Scotland/EDB6364/2020	2020-06-06
Wales/PHWC-16250C/2020	2020-06-06
Wales/PHWC-164E3C/2020	2020-06-06
England/BIRM-611DD/2020	2020-06-07
England/BIRM-611EC/2020	2020-06-07
England/CAMB-1B48A8/2020	2020-06-07
England/LCST-24D6B26/2020	2020-06-07
England/LCST-24D6B44/2020	2020-06-07
England/LCST-24D70AE/2020	2020-06-07
England/LIVE-9F992/2020	2020-06-07
England/NOTT-111D6E/2020	2020-06-07
Wales/PHWC-16531E/2020	2020-06-07
England/BIRM-6128F/2020	2020-06-08
England/BIRM-612AD/2020	2020-06-08
England/CAMB-1B3ED4/2020	2020-06-08
England/CAMB-1B3EF2/2020	2020-06-08
England/LIVE-9FF81/2020	2020-06-08
England/LIVE-9FFAF/2020	2020-06-08
England/LIVE-A0020/2020	2020-06-08
England/SHEF-C39FF/2020	2020-06-08
England/SHEF-D1509/2020	2020-06-08
Scotland/EDB6451/2020	2020-06-08
Wales/PHWC-164A47/2020	2020-06-08
Wales/PHWC-164B26/2020	2020-06-08
Wales/PHWC-165475/2020	2020-06-08
England/BIRM-612E9/2020	2020-06-09
England/BIRM-612F8/2020	2020-06-09
England/BIRM-61304/2020	2020-06-09
England/SHEF-C580F/2020	2020-06-09
Wales/PHWC-16491D/2020	2020-06-09
Wales/PHWC-164EF0/2020	2020-06-09
Wales/PHWC-1650CC/2020	2020-06-09
Wales/PHWC-165105/2020	2020-06-09
Wales/PHWC-1651E7/2020	2020-06-09
Wales/PHWC-165202/2020	2020-06-09
Wales/PHWC-165220/2020	2020-06-09
Wales/PHWC-16523F/2020	2020-06-09
England/CAMB-1B4ADF/2020	2020-06-10
England/CAMB-1B4AFD/2020	2020-06-10
England/CAMB-1B4B09/2020	2020-06-10
England/CAMB-1B4B36/2020	2020-06-10
England/CAMB-1B4B45/2020	2020-06-10
England/CAMB-1B4B63/2020	2020-06-10
England/CAMB-1B4C24/2020	2020-06-10
England/LCST-24D6D7B/2020	2020-06-10
England/LIVE-A0C68/2020	2020-06-10
England/LIVE-A0C95/2020	2020-06-10
Wales/PHWC-16476E/2020	2020-06-10
Wales/PHWC-164995/2020	2020-06-10
Wales/PHWC-164E87/2020	2020-06-10
Wales/PHWC-1650EA/2020	2020-06-10
Wales/PHWC-1650F9/2020	2020-06-10
Wales/PHWC-165378/2020	2020-06-10
Wales/PHWC-165457/2020	2020-06-10
Wales/PHWC-1650DB/2020	2020-06-11
Wales/PHWC-16533C/2020	2020-06-11
England/CAMB-1B3EC5/2020	2020-06-12
England/CAMB-1B4D03/2020	2020-06-12
Scotland/EDB6492/2020	2020-06-12
Wales/PHWC-164C41/2020	2020-06-12
Wales/PHWC-164F75/2020	2020-06-12
Wales/PHWC-1650BD/2020	2020-06-12
England/BIRM-61331/2020	2020-06-13
England/CAMB-1B4C9D/2020	2020-06-13
England/SHEF-CD166/2020	2020-06-13
England/NOTT-111E5C/2020	2020-06-14
England/SHEF-C317F/2020	2020-06-14
England/SHEF-D0537/2020	2020-06-14
England/LCST-24D7132/2020	2020-06-15
England/SHEF-C2468/2020	2020-06-15
England/SHEF-C66F5/2020	2020-06-15
England/LCST-24D716F/2020	2020-06-16
England/NOTT-112037/2020	2020-06-16
England/SHEF-C2BBE/2020	2020-06-16
England/SHEF-CB168/2020	2020-06-16
England/LCST-24D717E/2020	2020-06-17
England/NORW-EA52B/2020	2020-06-17
England/CAMB-1B4F1C/2020	2020-06-18
England/CAMB-1B4F49/2020	2020-06-18
England/CAMB-1B4F76/2020	2020-06-18
England/CAMB-1B4F94/2020	2020-06-18
England/CAMB-1B4FA3/2020	2020-06-18
England/CAMB-1B4FB2/2020	2020-06-18
England/CAMB-1B4FC1/2020	2020-06-18
